<?xml version="1.0" encoding="UTF-8"?>

<Bundle xmlns="http://hl7.org/fhir">
  <id value="IPS-Immunization-Example-Bundle-01"/>
  <type value="collection"/>
  <timestamp value="2021-04-30"/>
  <entry>
    <fullUrl value="urn:uuid:afd2a258-c0fb-4a41-a337-263e9efd9936"/>
    <resource>
      <Patient>
        <id value="afd2a258-c0fb-4a41-a337-263e9efd9936"/>
        <text>
          <status value="generated"/><div xmlns="http://www.w3.org/1999/xhtml"><p><b>Generated Narrative</b></p><p><b>identifier</b>: id: 1998041799999, id: urn:uuid:647515ed-0d5e-4c99-b23d-073fbc593f76</p><p><b>name</b>: Marie Lux-Brennard </p><p><b>gender</b>: female</p><p><b>birthDate</b>: 1998-04-17</p></div>
        </text>
        <identifier>
          <system value="urn:oid:1.3.182.4.4"/>
          <value value="1998041799999"/>
        </identifier>
        <identifier>
          <system value="urn:ietf:rfc:3986"/>
          <value value="urn:uuid:647515ed-0d5e-4c99-b23d-073fbc593f76"/>
        </identifier>
        <name>
          <family value="Lux-Brennard"/>
          <given value="Marie"/>
        </name>
        <gender value="female"/>
        <birthDate value="1998-04-17"/>
      </Patient>
    </resource>
  </entry>
  <entry>
    <fullUrl value="urn:uuid:52e23edf-f8d0-4386-a50b-a4750bb4f0b9"/>
    <resource>
      <Immunization>
        <id value="52e23edf-f8d0-4386-a50b-a4750bb4f0b9"/>
        <text>
          <status value="generated"/><div xmlns="http://www.w3.org/1999/xhtml"><p><b>Generated Narrative</b></p><p><b>vaccineCode</b>: <span title="Codes: {http://id.who.int/icd11/mms XM6AT1}">COVID-19 vaccine, DNA based</span></p><p><b>patient</b>: <a href="#Patient_afd2a258-c0fb-4a41-a337-263e9efd9936">See above (Patient/afd2a258-c0fb-4a41-a337-263e9efd9936)</a></p><p><b>occurrence</b>: Apr 20, 2021, 10:00:00 PM</p><p><b>primarySource</b>: true</p><p><b>lotNumber</b>: AXK23RWERS</p><p><b>expirationDate</b>: 2021-06-01</p></div>
        </text>
        <vaccineCode>
          <coding>
            <system value="http://id.who.int/icd11/mms"/>
            <code value="XM6AT1"/>
            <display value="COVID-19 vaccine, DNA based"/>
          </coding>
          <text value="COVID-19 vaccine, DNA based"/>
        </vaccineCode>
        <patient>
          <reference value="Patient/afd2a258-c0fb-4a41-a337-263e9efd9936"/>
        </patient>
        <occurrenceDateTime value="2021-04-21T00:00:00+02:00"/>
        <primarySource value="true"/>
        <lotNumber value="AXK23RWERS"/>
        <expirationDate value="2021-06-01"/>
      </Immunization>
    </resource>
  </entry>
</Bundle>