<?xml version="1.0" encoding="UTF-8"?>

<Bundle xmlns="http://hl7.org/fhir">
  <id value="Example-Chinese"/>
  <type value="transaction"/>
  <entry>
    <fullUrl value="http://www.example.org/fhir/Patient/DDCC-Patient-Chinese"/>
    <resource>
      <Patient>
        <id value="DDCC-Patient-Chinese"/>
        <meta>
          <profile value="http://worldhealthorganization.github.io/ddcc/StructureDefinition/DDCCPatient"/>
        </meta>
        <text>
          <status value="generated"/><div xmlns="http://www.w3.org/1999/xhtml"><p><b>Generated Narrative</b></p><p><b>name</b>: 奥卢斯·阿杰里乌斯(OFFICIAL)</p><p><b>birthDate</b>: 2003-03-03</p></div>
        </text>
        <name>
          <use value="official"/>
          <text value="&#x5965;&#x5362;&#x65AF;&#xB7;&#x963F;&#x6770;&#x91CC;&#x4E4C;&#x65AF;"/>
        </name>
        <birthDate value="2003-03-03"/>
      </Patient>
    </resource>
    <request>
      <method value="PUT"/>
      <url value="Patient"/>
    </request>
  </entry>
  <entry>
    <fullUrl value="http://www.example.org/fhir/Patient/DDCC-Organization-Chinese"/>
    <resource>
      <Organization>
        <id value="DDCC-Organization-Chinese"/>
        <meta>
          <profile value="http://worldhealthorganization.github.io/ddcc/StructureDefinition/DDCCOrganization"/>
        </meta>
        <text>
          <status value="generated"/><div xmlns="http://www.w3.org/1999/xhtml"><p><b>Generated Narrative</b></p><p><b>name</b>: 政府医院</p></div>
        </text>
        <name value="&#x653F;&#x5E9C;&#x533B;&#x9662;"/>
      </Organization>
    </resource>
    <request>
      <method value="PUT"/>
      <url value="Organization"/>
    </request>
  </entry>
  <entry>
    <fullUrl value="http://www.example.org/fhir/Patient/DDCC-Immunization-Chinese"/>
    <resource>
      <Immunization>
        <id value="DDCC-Immunization-Chinese"/>
        <meta>
          <profile value="http://worldhealthorganization.github.io/ddcc/StructureDefinition/DDCCImmunization"/>
        </meta>
        <text>
          <status value="extensions"/><div xmlns="http://www.w3.org/1999/xhtml"><p><b>Generated Narrative</b></p><p><b>DDCC Vaccine Brand for Immunization</b>: <span title="{urn:EXAMPLE-who-:smart:vaccine-certificate:RC1:coding TEST}">TEST</span></p><p><b>DDCC Country Of Vaccination for Immunization</b>: CHN</p><p><b>status</b>: completed</p><p><b>vaccineCode</b>: <span title="Codes: {urn:EXAMPLE-who-:smart:vaccine-certificate:RC1:coding XM0CX4}">XM0CX4</span></p><p><b>patient</b>: <a href="#Patient_DDCC-Patient-Chinese">See above (Patient/DDCC-Patient-Chinese)</a></p><p><b>occurrence</b>: 2021-02-02</p><p><b>location</b>: <span>疫苗接种现场</span></p><p><b>lotNumber</b>: 123</p><p><b>expirationDate</b>: 2021-06-30</p><h3>Performers</h3><table class="grid"><tr><td>-</td><td><b>Actor</b></td></tr><tr><td>*</td><td><a href="#Organization_DDCC-Organization-Chinese">See above (Organization/DDCC-Organization-Chinese)</a></td></tr></table><h3>ProtocolApplieds</h3><table class="grid"><tr><td>-</td><td><b>Authority</b></td><td><b>TargetDisease</b></td><td><b>DoseNumber[x]</b></td><td><b>SeriesDoses[x]</b></td></tr><tr><td>*</td><td><a href="#Organization_DDCC-Organization-Chinese">See above (Organization/DDCC-Organization-Chinese)</a></td><td><span title="Codes: {http://id.who.int/icd11/mms RA01.0}">RA01.0</span></td><td>1</td><td>2</td></tr></table></div>
        </text>
        <extension url="http://worldhealthorganization.github.io/ddcc/StructureDefinition/DDCCVaccineBrand">
          <valueCoding>
            <system value="urn:EXAMPLE-who-:smart:vaccine-certificate:RC1:coding"/>
            <code value="TEST"/>
          </valueCoding>
        </extension>
        <extension url="http://worldhealthorganization.github.io/ddcc/StructureDefinition/DDCCCountryOfVaccination">
          <valueCode value="CHN"/>
        </extension>
        <status value="completed"/>
        <vaccineCode>
          <coding>
            <system value="urn:EXAMPLE-who-:smart:vaccine-certificate:RC1:coding"/>
            <code value="XM0CX4"/>
          </coding>
        </vaccineCode>
        <patient>
          <reference value="Patient/DDCC-Patient-Chinese"/>
        </patient>
        <occurrenceDateTime value="2021-02-02"/>
        <location>
          <display value="&#x75AB;&#x82D7;&#x63A5;&#x79CD;&#x73B0;&#x573A;"/>
        </location>
        <lotNumber value="123"/>
        <expirationDate value="2021-06-30"/>
        <performer>
          <actor>
            <reference value="Organization/DDCC-Organization-Chinese"/>
          </actor>
        </performer>
        <protocolApplied>
          <authority>
            <reference value="Organization/DDCC-Organization-Chinese"/>
          </authority>
          <targetDisease>
            <coding>
              <system value="http://id.who.int/icd11/mms"/>
              <code value="RA01.0"/>
            </coding>
          </targetDisease>
          <doseNumberPositiveInt value="1"/>
          <seriesDosesPositiveInt value="2"/>
        </protocolApplied>
      </Immunization>
    </resource>
    <request>
      <method value="PUT"/>
      <url value="Immunization"/>
    </request>
  </entry>
</Bundle>