<?xml version="1.0" encoding="UTF-8"?>

<CodeSystem xmlns="http://hl7.org/fhir">
  <id value="DDCC-Folder-DesignationType"/>
  <text>
    <status value="generated"/><div xmlns="http://www.w3.org/1999/xhtml"><p>This code system http://worldhealthorganization.github.io/ddcc/CodeSystem/DDCC-Folder-DesignationType defines the following codes:</p><table class="codes"><tr><td style="white-space:nowrap"><b>Code</b></td><td><b>Display</b></td></tr><tr><td style="white-space:nowrap">ddcc<a name="DDCC-Folder-DesignationType-ddcc"> </a></td><td>DDCC</td></tr></table></div>
  </text>
  <url value="http://worldhealthorganization.github.io/ddcc/CodeSystem/DDCC-Folder-DesignationType"/>
  <version value="0.2.1"/>
  <name value="DDCC_Folder_DesignationType_Codesystem"/>
  <title value="DDCC Designation Types for Folder"/>
  <status value="active"/>
  <date value="2021-08-06T15:59:56+00:00"/>
  <publisher value="World Health Organization (WHO)"/>
  <contact>
    <telecom>
      <system value="url"/>
      <value value="https://www.who.int"/>
    </telecom>
  </contact>
  <description value="DDCC Designation Types to use for DDCC Folders."/>
  <content value="complete"/>
  <count value="1"/>
  <concept>
    <code value="ddcc"/>
    <display value="DDCC"/>
  </concept>
</CodeSystem>