<?xml version="1.0" encoding="UTF-8"?>

<ImplementationGuide xmlns="http://hl7.org/fhir">
  <id value="fhir.who.ddcc-vs"/>
  <text>
    <status value="extensions"/><div xmlns="http://www.w3.org/1999/xhtml"><h2>DDCC_VS</h2><p>The official URL for this implementation guide is: </p><pre>http://worldhealthorganization.github.io/ddcc/ImplementationGuide/fhir.who.ddcc-vs</pre><div><p>Digital Documentation of COVID-19 Certificates: Vaccination Status</p>
</div></div>
  </text>
  <url value="http://worldhealthorganization.github.io/ddcc/ImplementationGuide/fhir.who.ddcc-vs"/>
  <version value="0.2.1"/>
  <name value="DDCC_VS"/>
  <title value="WHO Digital Documentation of COVID-19 Certificates: Vaccination Status (DDCC:VS)"/>
  <status value="draft"/>
  <experimental value="false"/>
  <date value="2021-06-03"/>
  <publisher value="World Health Organization (WHO)"/>
  <contact>
    <telecom>
      <system value="url"/>
      <value value="https://www.who.int"/>
    </telecom>
  </contact>
  <description value="Digital Documentation of COVID-19 Certificates: Vaccination Status"/>
  <packageId value="fhir.who.ddcc-vs"/>
  <license value="CC0-1.0"/>
  <fhirVersion value="4.0.1"/>
  <dependsOn id="ips">
    <uri value="http://hl7.org/fhir/uv/ips/ImplementationGuide/hl7.fhir.uv.ips"/>
    <packageId value="hl7.fhir.uv.ips"/>
    <version value="current"/>
  </dependsOn>
  <dependsOn id="sdc">
    <uri value="http://hl7.org/fhir/uv/sdc/ImplementationGuide/hl7.fhir.uv.sdc"/>
    <packageId value="hl7.fhir.uv.sdc"/>
    <version value="current"/>
  </dependsOn>
  <dependsOn id="mhd">
    <uri value="http://profiles.ihe.net/ITI/MHD/ImplementationGuide/ihe.mhd.fhir"/>
    <packageId value="ihe.mhd.fhir"/>
    <version value="current"/>
  </dependsOn>
  <definition>
    <extension url="http://hl7.org/fhir/tools/StructureDefinition/ig-parameter">
      <extension url="code">
        <valueString value="copyrightyear"/>
      </extension>
      <extension url="value">
        <valueString value="2021+"/>
      </extension>
    </extension>
    <extension url="http://hl7.org/fhir/tools/StructureDefinition/ig-parameter">
      <extension url="code">
        <valueString value="releaselabel"/>
      </extension>
      <extension url="value">
        <valueString value="CI Build"/>
      </extension>
    </extension>
    <extension url="http://hl7.org/fhir/tools/StructureDefinition/ig-parameter">
      <extension url="code">
        <valueString value="example-table"/>
      </extension>
      <extension url="value">
        <valueString value="true"/>
      </extension>
    </extension>
    <extension url="http://hl7.org/fhir/tools/StructureDefinition/ig-parameter">
      <extension url="code">
        <valueString value="generate"/>
      </extension>
      <extension url="value">
        <valueString value="example-narratives"/>
      </extension>
    </extension>
    <extension url="http://hl7.org/fhir/tools/StructureDefinition/ig-parameter">
      <extension url="code">
        <valueString value="example-list"/>
      </extension>
      <extension url="value">
        <valueString value="true"/>
      </extension>
    </extension>
    <extension url="http://hl7.org/fhir/tools/StructureDefinition/ig-parameter">
      <extension url="code">
        <valueString value="example-table-all"/>
      </extension>
      <extension url="value">
        <valueString value="true"/>
      </extension>
    </extension>
    <extension url="http://hl7.org/fhir/tools/StructureDefinition/ig-parameter">
      <extension url="code">
        <valueString value="example-list-all"/>
      </extension>
      <extension url="value">
        <valueString value="true"/>
      </extension>
    </extension>
    <extension url="http://hl7.org/fhir/tools/StructureDefinition/ig-parameter">
      <extension url="code">
        <valueString value="summary"/>
      </extension>
      <extension url="value">
        <valueString value="true"/>
      </extension>
    </extension>
    <extension url="http://hl7.org/fhir/tools/StructureDefinition/ig-parameter">
      <extension url="code">
        <valueString value="summary-tables"/>
      </extension>
      <extension url="value">
        <valueString value="true"/>
      </extension>
    </extension>
    <extension url="http://hl7.org/fhir/tools/StructureDefinition/ig-parameter">
      <extension url="code">
        <valueString value="content"/>
      </extension>
      <extension url="value">
        <valueString value="true"/>
      </extension>
    </extension>
    <extension url="http://hl7.org/fhir/tools/StructureDefinition/ig-parameter">
      <extension url="code">
        <valueString value="profiles"/>
      </extension>
      <extension url="value">
        <valueString value="true"/>
      </extension>
    </extension>
    <extension url="http://hl7.org/fhir/tools/StructureDefinition/ig-parameter">
      <extension url="code">
        <valueString value="script"/>
      </extension>
      <extension url="value">
        <valueString value="true"/>
      </extension>
    </extension>
    <extension url="http://hl7.org/fhir/tools/StructureDefinition/ig-parameter">
      <extension url="code">
        <valueString value="do-transforms"/>
      </extension>
      <extension url="value">
        <valueString value="true"/>
      </extension>
    </extension>
    <extension url="http://hl7.org/fhir/tools/StructureDefinition/ig-parameter">
      <extension url="code">
        <valueString value="special-url"/>
      </extension>
      <extension url="value">
        <valueString value="http://hl7.org/fhir/uv/ips/StructureDefinition/Patient-pre-uv-ips"/>
      </extension>
    </extension>
    <extension url="http://hl7.org/fhir/tools/StructureDefinition/ig-parameter">
      <extension url="code">
        <valueString value="special-url"/>
      </extension>
      <extension url="value">
        <valueString value="http://hl7.org/fhir/uv/ips/StructureDefinition/Immunization-pre-uv-ips"/>
      </extension>
    </extension>
    <extension url="http://hl7.org/fhir/tools/StructureDefinition/ig-parameter">
      <extension url="code">
        <valueString value="path-suppressed-warnings"/>
      </extension>
      <extension url="value">
        <valueString value="input/ignoreWarnings.txt"/>
      </extension>
    </extension>
    <extension url="http://hl7.org/fhir/tools/StructureDefinition/ig-parameter">
      <extension url="code">
        <valueString value="path-binary"/>
      </extension>
      <extension url="value">
        <valueString value="input/cql"/>
      </extension>
    </extension>
    <extension url="http://hl7.org/fhir/tools/StructureDefinition/ig-parameter">
      <extension url="code">
        <valueString value="do-transforms"/>
      </extension>
      <extension url="value">
        <valueString value="true"/>
      </extension>
    </extension>
    <extension url="http://hl7.org/fhir/tools/StructureDefinition/ig-parameter">
      <extension url="code">
        <valueString value="gen-examples"/>
      </extension>
      <extension url="value">
        <valueString value="true"/>
      </extension>
    </extension>
    <extension url="http://hl7.org/fhir/tools/StructureDefinition/ig-parameter">
      <extension url="code">
        <valueString value="autoload-resources"/>
      </extension>
      <extension url="value">
        <valueString value="true"/>
      </extension>
    </extension>
    <extension url="http://hl7.org/fhir/tools/StructureDefinition/ig-parameter">
      <extension url="code">
        <valueString value="path-liquid"/>
      </extension>
      <extension url="value">
        <valueString value="template/liquid"/>
      </extension>
    </extension>
    <extension url="http://hl7.org/fhir/tools/StructureDefinition/ig-parameter">
      <extension url="code">
        <valueString value="path-liquid"/>
      </extension>
      <extension url="value">
        <valueString value="input/liquid"/>
      </extension>
    </extension>
    <extension url="http://hl7.org/fhir/tools/StructureDefinition/ig-parameter">
      <extension url="code">
        <valueString value="path-qa"/>
      </extension>
      <extension url="value">
        <valueString value="temp/qa"/>
      </extension>
    </extension>
    <extension url="http://hl7.org/fhir/tools/StructureDefinition/ig-parameter">
      <extension url="code">
        <valueString value="path-temp"/>
      </extension>
      <extension url="value">
        <valueString value="temp/pages"/>
      </extension>
    </extension>
    <extension url="http://hl7.org/fhir/tools/StructureDefinition/ig-parameter">
      <extension url="code">
        <valueString value="path-output"/>
      </extension>
      <extension url="value">
        <valueString value="output"/>
      </extension>
    </extension>
    <extension url="http://hl7.org/fhir/tools/StructureDefinition/ig-parameter">
      <extension url="code">
        <valueString value="path-history"/>
      </extension>
      <extension url="value">
        <valueString value="http://worldhealthorganization.github.io/ddcc/history.html"/>
      </extension>
    </extension>
    <extension url="http://hl7.org/fhir/tools/StructureDefinition/ig-parameter">
      <extension url="code">
        <valueString value="template-html"/>
      </extension>
      <extension url="value">
        <valueString value="template-page.html"/>
      </extension>
    </extension>
    <extension url="http://hl7.org/fhir/tools/StructureDefinition/ig-parameter">
      <extension url="code">
        <valueString value="template-md"/>
      </extension>
      <extension url="value">
        <valueString value="template-page-md.html"/>
      </extension>
    </extension>
    <extension url="http://hl7.org/fhir/tools/StructureDefinition/ig-parameter">
      <extension url="code">
        <valueString value="apply-contact"/>
      </extension>
      <extension url="value">
        <valueString value="true"/>
      </extension>
    </extension>
    <extension url="http://hl7.org/fhir/tools/StructureDefinition/ig-parameter">
      <extension url="code">
        <valueString value="apply-context"/>
      </extension>
      <extension url="value">
        <valueString value="true"/>
      </extension>
    </extension>
    <extension url="http://hl7.org/fhir/tools/StructureDefinition/ig-parameter">
      <extension url="code">
        <valueString value="apply-copyright"/>
      </extension>
      <extension url="value">
        <valueString value="true"/>
      </extension>
    </extension>
    <extension url="http://hl7.org/fhir/tools/StructureDefinition/ig-parameter">
      <extension url="code">
        <valueString value="apply-jurisdiction"/>
      </extension>
      <extension url="value">
        <valueString value="true"/>
      </extension>
    </extension>
    <extension url="http://hl7.org/fhir/tools/StructureDefinition/ig-parameter">
      <extension url="code">
        <valueString value="apply-license"/>
      </extension>
      <extension url="value">
        <valueString value="true"/>
      </extension>
    </extension>
    <extension url="http://hl7.org/fhir/tools/StructureDefinition/ig-parameter">
      <extension url="code">
        <valueString value="apply-publisher"/>
      </extension>
      <extension url="value">
        <valueString value="true"/>
      </extension>
    </extension>
    <extension url="http://hl7.org/fhir/tools/StructureDefinition/ig-parameter">
      <extension url="code">
        <valueString value="apply-version"/>
      </extension>
      <extension url="value">
        <valueString value="true"/>
      </extension>
    </extension>
    <extension url="http://hl7.org/fhir/tools/StructureDefinition/ig-parameter">
      <extension url="code">
        <valueString value="active-tables"/>
      </extension>
      <extension url="value">
        <valueString value="true"/>
      </extension>
    </extension>
    <resource>
      <extension url="http://hl7.org/fhir/tools/StructureDefinition/resource-information">
        <valueString value="StructureDefinition:resource"/>
      </extension>
      <reference>
        <reference value="StructureDefinition/Immunization-pre-uv-ips"/>
      </reference>
      <name value="Immunization (IPS)"/>
      <description value="This profile represents the constraints applied to the Immunization resource by the International Patient Summary (IPS) FHIR Implementation Guide. A record of an immunization is represented in the patient summary as an instance of an Immunization resource constrained by this profile.&#xD;&#xA;&#xD;&#xA;It describes the event of a patient being administered a vaccination or a record of a vaccination as reported by a patient, a clinician or another party."/>
    </resource>
    <resource>
      <extension url="http://hl7.org/fhir/tools/StructureDefinition/resource-information">
        <valueString value="StructureDefinition:resource"/>
      </extension>
      <reference>
        <reference value="StructureDefinition/Patient-pre-uv-ips"/>
      </reference>
      <name value="Patient (IPS)"/>
      <description value="This profile represents the constraints applied to the Patient resource by the International Patient Summary (IPS) FHIR Implementation Guide and describes the minimum expectations for the Patient resource when used in the IPS composition or in one of the referred resources."/>
    </resource>
    <resource>
      <extension url="http://hl7.org/fhir/tools/StructureDefinition/resource-information">
        <valueString value="StructureMap"/>
      </extension>
      <reference>
        <reference value="StructureMap/ddcc-to-eu-dcc"/>
      </reference>
    </resource>
    <resource>
      <extension url="http://hl7.org/fhir/tools/StructureDefinition/resource-information">
        <valueString value="StructureMap"/>
      </extension>
      <reference>
        <reference value="StructureMap/ddcc-to-coredataset"/>
      </reference>
    </resource>
    <resource>
      <extension url="http://hl7.org/fhir/tools/StructureDefinition/resource-information">
        <valueString value="Bundle"/>
      </extension>
      <reference>
        <reference value="Bundle/IPS-Immunization-Example-Bundle-01"/>
      </reference>
    </resource>
    <resource>
      <extension url="http://hl7.org/fhir/tools/StructureDefinition/resource-information">
        <valueString value="CapabilityStatement"/>
      </extension>
      <reference>
        <reference value="CapabilityStatement/WHO.DDCC.RegistryService"/>
      </reference>
      <name value="WHO DDCC Registry Service"/>
      <description value="CapabilityStatement for WHO DDCC Registry Service actor."/>
    </resource>
    <resource>
      <extension url="http://hl7.org/fhir/tools/StructureDefinition/resource-information">
        <valueString value="CapabilityStatement"/>
      </extension>
      <reference>
        <reference value="CapabilityStatement/WHO.DDCC.Generator"/>
      </reference>
      <name value="WHO DDCC Generator"/>
      <description value="CapabilityStatement for WHO DDCC Generator actor."/>
    </resource>
    <resource>
      <extension url="http://hl7.org/fhir/tools/StructureDefinition/resource-information">
        <valueString value="ConceptMap"/>
      </extension>
      <reference>
        <reference value="ConceptMap/who-ddcc-map-icd11-sct-disease-targeted"/>
      </reference>
      <description value="Rule-based mappings between ICD-11 and SNOMED CT for COVID-19 Disease or Agent Targeted"/>
    </resource>
    <resource>
      <extension url="http://hl7.org/fhir/tools/StructureDefinition/resource-information">
        <valueString value="StructureDefinition:resource"/>
      </extension>
      <reference>
        <reference value="StructureDefinition/DDCCGenerateHealthCertificateParameters"/>
      </reference>
      <name value="DDCC Generate Health Certificate Parameters"/>
    </resource>
    <resource>
      <extension url="http://hl7.org/fhir/tools/StructureDefinition/resource-information">
        <valueString value="StructureDefinition:resource"/>
      </extension>
      <reference>
        <reference value="StructureDefinition/DDCCSubmitHealthEventRequest"/>
      </reference>
      <name value="DDCC Submit Health Event Request"/>
      <description value="An [DDCC Submit Health Event Request](StructureDefinition-DDCCSubmitHealthEventRequest.html) is a transaction bundle containing the content of health events which are being submitted under the [Submit Health Event](transactions.html#submit-health-event) transaction."/>
    </resource>
    <resource>
      <extension url="http://hl7.org/fhir/tools/StructureDefinition/resource-information">
        <valueString value="Organization"/>
      </extension>
      <reference>
        <reference value="Organization/DDCC-Organization-Russian"/>
      </reference>
      <name value="Example Organization - DDCC-Organization-Russian"/>
      <exampleCanonical value="http://worldhealthorganization.github.io/ddcc/StructureDefinition/DDCCOrganization"/>
    </resource>
    <resource>
      <extension url="http://hl7.org/fhir/tools/StructureDefinition/resource-information">
        <valueString value="Patient"/>
      </extension>
      <reference>
        <reference value="Patient/DDCC-Patient-French"/>
      </reference>
      <name value="Example Patient - DDCC-Patient-French"/>
      <exampleCanonical value="http://worldhealthorganization.github.io/ddcc/StructureDefinition/DDCCPatient"/>
    </resource>
    <resource>
      <extension url="http://hl7.org/fhir/tools/StructureDefinition/resource-information">
        <valueString value="StructureDefinition:resource"/>
      </extension>
      <reference>
        <reference value="StructureDefinition/DDCCSubmissionSet"/>
      </reference>
      <name value="DDCC Submission Set"/>
      <description value="DDCC Submission Set for ITI-65"/>
    </resource>
    <resource>
      <extension url="http://hl7.org/fhir/tools/StructureDefinition/resource-information">
        <valueString value="Patient"/>
      </extension>
      <reference>
        <reference value="Patient/DDCC-Patient-Spanish"/>
      </reference>
      <name value="Example Patient - DDCC-Patient-Spanish"/>
      <exampleCanonical value="http://worldhealthorganization.github.io/ddcc/StructureDefinition/DDCCPatient"/>
    </resource>
    <resource>
      <extension url="http://hl7.org/fhir/tools/StructureDefinition/resource-information">
        <valueString value="StructureDefinition:resource"/>
      </extension>
      <reference>
        <reference value="StructureDefinition/DDCCImmunizationRecommendation"/>
      </reference>
      <name value="DDCC Immunization Recommendation"/>
      <description value="A DDCC Immunization Recommendation contains the content corresponding to when&#xA;a patient should return for a booster shot."/>
    </resource>
    <resource>
      <extension url="http://hl7.org/fhir/tools/StructureDefinition/resource-information">
        <valueString value="StructureDefinition:extension"/>
      </extension>
      <reference>
        <reference value="StructureDefinition/DDCCVaccineBrand"/>
      </reference>
      <name value="DDCC Vaccine Brand for Immunization"/>
      <description value="DDCC Vaccine Brand for Immunization"/>
    </resource>
    <resource>
      <extension url="http://hl7.org/fhir/tools/StructureDefinition/resource-information">
        <valueString value="StructureDefinition:resource"/>
      </extension>
      <reference>
        <reference value="StructureDefinition/DDCCFolder"/>
      </reference>
      <name value="DDCC Folder"/>
      <description value="DDCC Folder of the Paper Certificate"/>
    </resource>
    <resource>
      <extension url="http://hl7.org/fhir/tools/StructureDefinition/resource-information">
        <valueString value="CodeSystem"/>
      </extension>
      <reference>
        <reference value="CodeSystem/DDCC-QR-Category-Usage-CodeSystem"/>
      </reference>
      <name value="DDCC QR Category Usage Codes"/>
      <description value="Possible formats available for QR usage."/>
    </resource>
    <resource>
      <extension url="http://hl7.org/fhir/tools/StructureDefinition/resource-information">
        <valueString value="StructureDefinition:resource"/>
      </extension>
      <reference>
        <reference value="StructureDefinition/DDCCPractitionerRole"/>
      </reference>
      <name value="DDCC Practitioner Role"/>
      <description value="Association of an [DDCC Practitioner](StructureDefinition-DDCCPractitioner.html) to a &#xA;managing [DDCC Organization](StructureDefinition-DDCCOrgaznization.html), indicating &#xA;that an DDCC Practitioner is authorized by the public health authority (PHA) to &#xA;vaccinate an [DDCC Patient](StructureDefinition-DDCCPatient.html)."/>
    </resource>
    <resource>
      <extension url="http://hl7.org/fhir/tools/StructureDefinition/resource-information">
        <valueString value="StructureDefinition:resource"/>
      </extension>
      <reference>
        <reference value="StructureDefinition/DDCCPatient"/>
      </reference>
      <name value="DDCC Patient"/>
      <description value="A DDCCPatient should:&#xA;* if the [identifier.assigner](StructureDefinition-DDCCPatient-definitions.html#Patient.identifier] is set then the value of [identifier.assigner](StructureDefinition-DDCCPatient-definitions.html#Patient.identifier.assigner) should be set to reference the [DDCC Organization](StructureDefinition-DDCCOrganization.html) resource associated to the PHA.&#xA;* obeys who-ddcc-patient-1"/>
    </resource>
    <resource>
      <extension url="http://hl7.org/fhir/tools/StructureDefinition/resource-information">
        <valueString value="StructureDefinition:resource"/>
      </extension>
      <reference>
        <reference value="StructureDefinition/DDCCComposition"/>
      </reference>
      <name value="DDCC Composition"/>
      <description value="Describes the logical structure for a Digital Documentation of COVID-19 Certificates &#xA;(DDCC)."/>
    </resource>
    <resource>
      <extension url="http://hl7.org/fhir/tools/StructureDefinition/resource-information">
        <valueString value="Bundle"/>
      </extension>
      <reference>
        <reference value="Bundle/Example-French"/>
      </reference>
      <name value="Example Bundle - Example-French"/>
      <exampleCanonical value="http://worldhealthorganization.github.io/ddcc/StructureDefinition/DDCCImmunization"/>
    </resource>
    <resource>
      <extension url="http://hl7.org/fhir/tools/StructureDefinition/resource-information">
        <valueString value="QuestionnaireResponse"/>
      </extension>
      <reference>
        <reference value="QuestionnaireResponse/DDCC-VS-QuestionnaireResponse-Example"/>
      </reference>
      <name value="Example QuestionnaireResponse - DDCC-VS-QuestionnaireResponse-Example"/>
      <exampleCanonical value="http://worldhealthorganization.github.io/ddcc/StructureDefinition/DDCCQuestionnaireResponse"/>
    </resource>
    <resource>
      <extension url="http://hl7.org/fhir/tools/StructureDefinition/resource-information">
        <valueString value="StructureDefinition:logical"/>
      </extension>
      <reference>
        <reference value="StructureDefinition/DDCCCoreDataSetCoC"/>
      </reference>
      <description value="DDCC Core Data - Continuity of Care elements."/>
    </resource>
    <resource>
      <extension url="http://hl7.org/fhir/tools/StructureDefinition/resource-information">
        <valueString value="StructureDefinition:resource"/>
      </extension>
      <reference>
        <reference value="StructureDefinition/DDCCOrganization"/>
      </reference>
      <name value="DDCC Organization"/>
      <description value="Abstraction for a DDCC Organization. There should be a DDCC Organization associated &#xA;to each public health authortiy (PHA)"/>
    </resource>
    <resource>
      <extension url="http://hl7.org/fhir/tools/StructureDefinition/resource-information">
        <valueString value="Questionnaire"/>
      </extension>
      <reference>
        <reference value="Questionnaire/DDCCVSCoreDataSetQuestionnaire"/>
      </reference>
      <name value="DDCC Core Data Set Questionnaire "/>
      <description value="DDCC Questionnaire for an Immunization event."/>
      <exampleCanonical value="http://worldhealthorganization.github.io/ddcc/StructureDefinition/DDCCQuestionnaire"/>
    </resource>
    <resource>
      <extension url="http://hl7.org/fhir/tools/StructureDefinition/resource-information">
        <valueString value="StructureDefinition:resource"/>
      </extension>
      <reference>
        <reference value="StructureDefinition/DDCCDocumentReference"/>
      </reference>
      <name value="DDCC Document Reference"/>
      <description value="A [DDCC Document Reference](StructureDefinition-DDCCDocumentReference.html) is a &#xA;document reference to a [DDCC Document](StructureDefinition-DDCCDocument.html) &#xA;containing the DDCC.&#xA;The content attachment url will point to a DDCC Document."/>
    </resource>
    <resource>
      <extension url="http://hl7.org/fhir/tools/StructureDefinition/resource-information">
        <valueString value="CodeSystem"/>
      </extension>
      <reference>
        <reference value="CodeSystem/DDCC-QR-Format-CodeSystem"/>
      </reference>
      <name value="DDCC QR Format Codes"/>
      <description value="Possible formats available for QR data."/>
    </resource>
    <resource>
      <extension url="http://hl7.org/fhir/tools/StructureDefinition/resource-information">
        <valueString value="ImmunizationRecommendation"/>
      </extension>
      <reference>
        <reference value="ImmunizationRecommendation/DDCC-ImmunizationRecommendation-English"/>
      </reference>
      <name value="Example ImmunizationRecommendation - DDCC-ImmunizationRecommendation-English"/>
      <exampleCanonical value="http://worldhealthorganization.github.io/ddcc/StructureDefinition/DDCCImmunizationRecommendation"/>
    </resource>
    <resource>
      <extension url="http://hl7.org/fhir/tools/StructureDefinition/resource-information">
        <valueString value="StructureDefinition:resource"/>
      </extension>
      <reference>
        <reference value="StructureDefinition/DDCCAddBundle"/>
      </reference>
      <name value="DDCC Add Bundle"/>
      <description value="Bundle to be transformed to from the DDCC QuestionnaireResponse&#xA;to add on the DDCC generator."/>
    </resource>
    <resource>
      <extension url="http://hl7.org/fhir/tools/StructureDefinition/resource-information">
        <valueString value="ValueSet"/>
      </extension>
      <reference>
        <reference value="ValueSet/DDCC-QR-Category-Usage-ValueSet"/>
      </reference>
      <description value="Categorization of QR codes by their business usage"/>
    </resource>
    <resource>
      <extension url="http://hl7.org/fhir/tools/StructureDefinition/resource-information">
        <valueString value="Patient"/>
      </extension>
      <reference>
        <reference value="Patient/DDCC-Patient-Chinese"/>
      </reference>
      <name value="Example Patient - DDCC-Patient-Chinese"/>
      <exampleCanonical value="http://worldhealthorganization.github.io/ddcc/StructureDefinition/DDCCPatient"/>
    </resource>
    <resource>
      <extension url="http://hl7.org/fhir/tools/StructureDefinition/resource-information">
        <valueString value="Immunization"/>
      </extension>
      <reference>
        <reference value="Immunization/DDCC-Immunization-French"/>
      </reference>
      <name value="Example Immunization - DDCC-Immunization-French"/>
      <exampleCanonical value="http://worldhealthorganization.github.io/ddcc/StructureDefinition/DDCCImmunization"/>
    </resource>
    <resource>
      <extension url="http://hl7.org/fhir/tools/StructureDefinition/resource-information">
        <valueString value="Composition"/>
      </extension>
      <reference>
        <reference value="Composition/DDCC-Composition-Example-English"/>
      </reference>
      <name value="Digital Documentation of COVID-19 Certificate (DDCC)"/>
      <exampleCanonical value="http://worldhealthorganization.github.io/ddcc/StructureDefinition/DDCCComposition"/>
    </resource>
    <resource>
      <extension url="http://hl7.org/fhir/tools/StructureDefinition/resource-information">
        <valueString value="Bundle"/>
      </extension>
      <reference>
        <reference value="Bundle/Example-Chinese"/>
      </reference>
      <name value="Example Bundle - Example-Chinese"/>
      <exampleCanonical value="http://worldhealthorganization.github.io/ddcc/StructureDefinition/DDCCImmunization"/>
    </resource>
    <resource>
      <extension url="http://hl7.org/fhir/tools/StructureDefinition/resource-information">
        <valueString value="Bundle"/>
      </extension>
      <reference>
        <reference value="Bundle/Example-English"/>
      </reference>
      <name value="Example Bundle - Example-English"/>
      <exampleCanonical value="http://worldhealthorganization.github.io/ddcc/StructureDefinition/DDCCImmunization"/>
    </resource>
    <resource>
      <extension url="http://hl7.org/fhir/tools/StructureDefinition/resource-information">
        <valueString value="ValueSet"/>
      </extension>
      <reference>
        <reference value="ValueSet/DDCC-QR-Format-ValueSet"/>
      </reference>
      <description value="Format of the representation of QR code"/>
    </resource>
    <resource>
      <extension url="http://hl7.org/fhir/tools/StructureDefinition/resource-information">
        <valueString value="StructureDefinition:resource"/>
      </extension>
      <reference>
        <reference value="StructureDefinition/DDCCProvideDocumentBundle"/>
      </reference>
      <name value="DDCC Provide Document Bundle"/>
      <description value="DDCC Provide Document Bundle for ITI-65"/>
    </resource>
    <resource>
      <extension url="http://hl7.org/fhir/tools/StructureDefinition/resource-information">
        <valueString value="Patient"/>
      </extension>
      <reference>
        <reference value="Patient/DDCC-Patient-English"/>
      </reference>
      <name value="Example Patient - DDCC-Patient-English"/>
      <exampleCanonical value="http://worldhealthorganization.github.io/ddcc/StructureDefinition/DDCCPatient"/>
    </resource>
    <resource>
      <extension url="http://hl7.org/fhir/tools/StructureDefinition/resource-information">
        <valueString value="StructureDefinition:resource"/>
      </extension>
      <reference>
        <reference value="StructureDefinition/DDCCImmunization"/>
      </reference>
      <name value="DDCC Immunization"/>
      <description value="A DDCC Immunization contains the content corresponding to a row in the Vaccination &#xA;Events section of a Paper DDCC. While this is not a further profile of the International&#xA;Patient Summary (IPS) Immunization resouce, this is intended to map into an IPS &#xA;Immunization resource."/>
    </resource>
    <resource>
      <extension url="http://hl7.org/fhir/tools/StructureDefinition/resource-information">
        <valueString value="Organization"/>
      </extension>
      <reference>
        <reference value="Organization/DDCC-Organization-Arabic"/>
      </reference>
      <name value="Example Organization - DDCC-Organization-Arabic"/>
      <exampleCanonical value="http://worldhealthorganization.github.io/ddcc/StructureDefinition/DDCCOrganization"/>
    </resource>
    <resource>
      <extension url="http://hl7.org/fhir/tools/StructureDefinition/resource-information">
        <valueString value="Organization"/>
      </extension>
      <reference>
        <reference value="Organization/DDCC-Organization-French"/>
      </reference>
      <name value="Example Organization - DDCC-Organization-French"/>
      <exampleCanonical value="http://worldhealthorganization.github.io/ddcc/StructureDefinition/DDCCOrganization"/>
    </resource>
    <resource>
      <extension url="http://hl7.org/fhir/tools/StructureDefinition/resource-information">
        <valueString value="Organization"/>
      </extension>
      <reference>
        <reference value="Organization/DDCC-Organization-Chinese"/>
      </reference>
      <name value="Example Organization - DDCC-Organization-Chinese"/>
      <exampleCanonical value="http://worldhealthorganization.github.io/ddcc/StructureDefinition/DDCCOrganization"/>
    </resource>
    <resource>
      <extension url="http://hl7.org/fhir/tools/StructureDefinition/resource-information">
        <valueString value="OperationDefinition"/>
      </extension>
      <reference>
        <reference value="OperationDefinition/DDCC-QuestionnaireResponse-generateHealthCertificate"/>
      </reference>
      <description value="Generate one or more signed DDCC Documents based on a [DDCC QuestionnaireResponse](StructureDefinition-DDCCQuestionnaireResponse.html)"/>
    </resource>
    <resource>
      <extension url="http://hl7.org/fhir/tools/StructureDefinition/resource-information">
        <valueString value="Bundle"/>
      </extension>
      <reference>
        <reference value="Bundle/Example-Russian"/>
      </reference>
      <name value="Example Bundle - Example-Russian"/>
      <exampleCanonical value="http://worldhealthorganization.github.io/ddcc/StructureDefinition/DDCCImmunization"/>
    </resource>
    <resource>
      <extension url="http://hl7.org/fhir/tools/StructureDefinition/resource-information">
        <valueString value="StructureDefinition:resource"/>
      </extension>
      <reference>
        <reference value="StructureDefinition/DDCCDocument"/>
      </reference>
      <name value="DDCC Document"/>
      <description value="A [DDCC Document](StructureDefinition-DDCCDocument.html) is a document bundle containing the DDCC."/>
    </resource>
    <resource>
      <extension url="http://hl7.org/fhir/tools/StructureDefinition/resource-information">
        <valueString value="StructureDefinition:resource:abstract"/>
      </extension>
      <reference>
        <reference value="StructureDefinition/DDCCQuestionnaireResponse"/>
      </reference>
      <name value="DDCC Questionnaire Response"/>
      <description value="Describes the logical structure for a questionnaire response associacted to a [DDCC Questionaire](StructureDefinition-DDCCQuestionnaire.html)."/>
    </resource>
    <resource>
      <extension url="http://hl7.org/fhir/tools/StructureDefinition/resource-information">
        <valueString value="StructureDefinition:resource"/>
      </extension>
      <reference>
        <reference value="StructureDefinition/DDCCDocumentReferenceQR"/>
      </reference>
      <name value="DDCC DocumentReference return for QR"/>
    </resource>
    <resource>
      <extension url="http://hl7.org/fhir/tools/StructureDefinition/resource-information">
        <valueString value="Bundle"/>
      </extension>
      <reference>
        <reference value="Bundle/Example-Spanish"/>
      </reference>
      <name value="Example Bundle - Example-Spanish"/>
      <exampleCanonical value="http://worldhealthorganization.github.io/ddcc/StructureDefinition/DDCCImmunization"/>
    </resource>
    <resource>
      <extension url="http://hl7.org/fhir/tools/StructureDefinition/resource-information">
        <valueString value="Immunization"/>
      </extension>
      <reference>
        <reference value="Immunization/DDCC-Immunization-English"/>
      </reference>
      <name value="Example Immunization - DDCC-Immunization-English"/>
      <exampleCanonical value="http://worldhealthorganization.github.io/ddcc/StructureDefinition/DDCCImmunization"/>
    </resource>
    <resource>
      <extension url="http://hl7.org/fhir/tools/StructureDefinition/resource-information">
        <valueString value="StructureDefinition:extension"/>
      </extension>
      <reference>
        <reference value="StructureDefinition/DDCCVaccineValidFrom"/>
      </reference>
      <name value="DDCC Vaccine Valid From"/>
      <description value="Date upon which provided vaccination is considered valid"/>
    </resource>
    <resource>
      <extension url="http://hl7.org/fhir/tools/StructureDefinition/resource-information">
        <valueString value="Immunization"/>
      </extension>
      <reference>
        <reference value="Immunization/DDCC-Immunization-Chinese"/>
      </reference>
      <name value="Example Immunization - DDCC-Immunization-Chinese"/>
      <exampleCanonical value="http://worldhealthorganization.github.io/ddcc/StructureDefinition/DDCCImmunization"/>
    </resource>
    <resource>
      <extension url="http://hl7.org/fhir/tools/StructureDefinition/resource-information">
        <valueString value="StructureDefinition:resource"/>
      </extension>
      <reference>
        <reference value="StructureDefinition/DDCCPractitioner"/>
      </reference>
      <name value="DDCC Practitioner"/>
      <description value="Container for an DDCC Practitioner, which is a Practitioner authorized by the PHA to &#xA;vaccinate an [DDCC Patient](StructureDefinition-DDCCPatient.html)."/>
    </resource>
    <resource>
      <extension url="http://hl7.org/fhir/tools/StructureDefinition/resource-information">
        <valueString value="Immunization"/>
      </extension>
      <reference>
        <reference value="Immunization/DDCC-Immunization-Arabic"/>
      </reference>
      <name value="Example Immunization - DDCC-Immunization-Arabic"/>
      <exampleCanonical value="http://worldhealthorganization.github.io/ddcc/StructureDefinition/DDCCImmunization"/>
    </resource>
    <resource>
      <extension url="http://hl7.org/fhir/tools/StructureDefinition/resource-information">
        <valueString value="Immunization"/>
      </extension>
      <reference>
        <reference value="Immunization/DDCC-Immunization-Spanish"/>
      </reference>
      <name value="Example Immunization - DDCC-Immunization-Spanish"/>
      <exampleCanonical value="http://worldhealthorganization.github.io/ddcc/StructureDefinition/DDCCImmunization"/>
    </resource>
    <resource>
      <extension url="http://hl7.org/fhir/tools/StructureDefinition/resource-information">
        <valueString value="Immunization"/>
      </extension>
      <reference>
        <reference value="Immunization/DDCC-Immunization-Russian"/>
      </reference>
      <name value="Example Immunization - DDCC-Immunization-Russian"/>
      <exampleCanonical value="http://worldhealthorganization.github.io/ddcc/StructureDefinition/DDCCImmunization"/>
    </resource>
    <resource>
      <extension url="http://hl7.org/fhir/tools/StructureDefinition/resource-information">
        <valueString value="StructureDefinition:extension"/>
      </extension>
      <reference>
        <reference value="StructureDefinition/DDCCVaccineMarketAuthorization"/>
      </reference>
      <name value="DDCC Vaccine Market Authorization for Immunization"/>
      <description value="DDCC Vaccine Market Authorization for Immunization"/>
    </resource>
    <resource>
      <extension url="http://hl7.org/fhir/tools/StructureDefinition/resource-information">
        <valueString value="StructureDefinition:resource:abstract"/>
      </extension>
      <reference>
        <reference value="StructureDefinition/DDCCQuestionnaire"/>
      </reference>
      <name value="DDCC Questionniare"/>
      <description value="Describes the logical structure for a questionnaire associacted to a DDCC which includes a Structure Map to generate the relevant DDCC from a given [DDCC QuestionnaireResponse](StructureDefintion-DDCCQuestionnaireResponse.html) which responds to the DDCC Questionnaire."/>
    </resource>
    <resource>
      <extension url="http://hl7.org/fhir/tools/StructureDefinition/resource-information">
        <valueString value="Organization"/>
      </extension>
      <reference>
        <reference value="Organization/DDCC-Organization-English"/>
      </reference>
      <name value="Example Organization - DDCC-Organization-English"/>
      <exampleCanonical value="http://worldhealthorganization.github.io/ddcc/StructureDefinition/DDCCOrganization"/>
    </resource>
    <resource>
      <extension url="http://hl7.org/fhir/tools/StructureDefinition/resource-information">
        <valueString value="Patient"/>
      </extension>
      <reference>
        <reference value="Patient/DDCC-Patient-Arabic"/>
      </reference>
      <name value="Example Patient - DDCC-Patient-Arabic"/>
      <exampleCanonical value="http://worldhealthorganization.github.io/ddcc/StructureDefinition/DDCCPatient"/>
    </resource>
    <resource>
      <extension url="http://hl7.org/fhir/tools/StructureDefinition/resource-information">
        <valueString value="ConceptMap"/>
      </extension>
      <reference>
        <reference value="ConceptMap/who-ddcc-map-icd11-sct-vaccines"/>
      </reference>
      <description value="Rule-based mappings between ICD-11 and SNOMED CT for COVID-19 Vaccines"/>
    </resource>
    <resource>
      <extension url="http://hl7.org/fhir/tools/StructureDefinition/resource-information">
        <valueString value="StructureDefinition:extension"/>
      </extension>
      <reference>
        <reference value="StructureDefinition/DDCCCountryOfVaccination"/>
      </reference>
      <name value="DDCC Country Of Vaccination for Immunization"/>
      <description value="DDCC Country Of Vaccination for Immunization"/>
    </resource>
    <resource>
      <extension url="http://hl7.org/fhir/tools/StructureDefinition/resource-information">
        <valueString value="Patient"/>
      </extension>
      <reference>
        <reference value="Patient/DDCC-Patient-Russian"/>
      </reference>
      <name value="Example Patient - DDCC-Patient-Russian"/>
      <exampleCanonical value="http://worldhealthorganization.github.io/ddcc/StructureDefinition/DDCCPatient"/>
    </resource>
    <resource>
      <extension url="http://hl7.org/fhir/tools/StructureDefinition/resource-information">
        <valueString value="ValueSet"/>
      </extension>
      <reference>
        <reference value="ValueSet/who-ddcc-disease-targeted-covid-19"/>
      </reference>
      <name value="WHO Disease or Agent Targeted (COVID-19)"/>
      <description value="WHO Disease or Agent Targeted List (COVID-19) from [ICD 11](https://icd.who.int/browse11)"/>
    </resource>
    <resource>
      <extension url="http://hl7.org/fhir/tools/StructureDefinition/resource-information">
        <valueString value="Bundle"/>
      </extension>
      <reference>
        <reference value="Bundle/DDCC-TX-SHE-bundle-example-1"/>
      </reference>
      <name value="Example Bundle - DDCC-TX-SHE-bundle-example-1"/>
      <exampleCanonical value="http://worldhealthorganization.github.io/ddcc/StructureDefinition/DDCCSubmitHealthEventRequest"/>
    </resource>
    <resource>
      <extension url="http://hl7.org/fhir/tools/StructureDefinition/resource-information">
        <valueString value="StructureDefinition:resource"/>
      </extension>
      <reference>
        <reference value="StructureDefinition/DDCCSubmitHealthEventResponse"/>
      </reference>
      <name value="DDCC Submit Health Event Response"/>
      <description value="A DDCC Submit Health Event Response](StructureDefinition-DDCCSubmitHealthEventRespose.html) is a transaction reponse bundle containing the operation outcomes for the submission of one or more health certificates under the [Submit Health Event](transactions.html#submit-health-event) transaction."/>
    </resource>
    <resource>
      <extension url="http://hl7.org/fhir/tools/StructureDefinition/resource-information">
        <valueString value="StructureDefinition:logical"/>
      </extension>
      <reference>
        <reference value="StructureDefinition/DDCCCoreDataSetPoV"/>
      </reference>
      <description value="DDCC Core Data - Proof of Vaccination elements."/>
    </resource>
    <resource>
      <extension url="http://hl7.org/fhir/tools/StructureDefinition/resource-information">
        <valueString value="Bundle"/>
      </extension>
      <reference>
        <reference value="Bundle/Example-Arabic"/>
      </reference>
      <name value="Example Bundle - Example-Arabic"/>
      <exampleCanonical value="http://worldhealthorganization.github.io/ddcc/StructureDefinition/DDCCImmunization"/>
    </resource>
    <resource>
      <extension url="http://hl7.org/fhir/tools/StructureDefinition/resource-information">
        <valueString value="ValueSet"/>
      </extension>
      <reference>
        <reference value="ValueSet/who-ddcc-vaccines-covid-19"/>
      </reference>
      <name value="WHO Vaccine List (COVID-19)"/>
      <description value="WHO Vaccine List (COVID-19) from [ICD 11](https://icd.who.int/browse11)"/>
    </resource>
    <resource>
      <extension url="http://hl7.org/fhir/tools/StructureDefinition/resource-information">
        <valueString value="Organization"/>
      </extension>
      <reference>
        <reference value="Organization/DDCC-Organization-Spanish"/>
      </reference>
      <name value="Example Organization - DDCC-Organization-Spanish"/>
      <exampleCanonical value="http://worldhealthorganization.github.io/ddcc/StructureDefinition/DDCCOrganization"/>
    </resource>
    <page>
      <nameUrl value="toc.html"/>
      <title value="Table of Contents"/>
      <generation value="html"/>
      <page>
        <nameUrl value="index.html"/>
        <title value="Narrative"/>
        <generation value="html"/>
        <page>
          <nameUrl value="references.html"/>
          <title value="References"/>
          <generation value="html"/>
        </page>
      </page>
      <page>
        <nameUrl value="requirements.html"/>
        <title value="Business Requirements"/>
        <generation value="html"/>
        <page>
          <nameUrl value="concepts.html"/>
          <title value="Concepts"/>
          <generation value="html"/>
        </page>
        <page>
          <nameUrl value="functional.html"/>
          <title value="Functional Requirements"/>
          <generation value="html"/>
        </page>
        <page>
          <nameUrl value="workflows.html"/>
          <title value="Workflows"/>
          <generation value="html"/>
        </page>
        <page>
          <nameUrl value="usecases.html"/>
          <title value="Use Cases"/>
          <generation value="html"/>
        </page>
        <page>
          <nameUrl value="dictionary.html"/>
          <title value="Data Dictionary"/>
          <generation value="html"/>
        </page>
      </page>
      <page>
        <nameUrl value="data_exchange.html"/>
        <title value="Data Models and Exchange"/>
        <generation value="html"/>
        <page>
          <nameUrl value="dependencies.html"/>
          <title value="Dependencies"/>
          <generation value="html"/>
        </page>
        <page>
          <nameUrl value="actors.html"/>
          <title value="Actors"/>
          <generation value="html"/>
        </page>
        <page>
          <nameUrl value="transactions.html"/>
          <title value="Transactions"/>
          <generation value="html"/>
        </page>
        <page>
          <nameUrl value="content_profiles.html"/>
          <title value="Content Profiles"/>
          <generation value="html"/>
        </page>
      </page>
      <page>
        <nameUrl value="deployment.html"/>
        <title value="Deployment Guidance"/>
        <generation value="html"/>
        <page>
          <nameUrl value="security_privacy.html"/>
          <title value="Security and Privacy Considerations"/>
          <generation value="html"/>
        </page>
        <page>
          <nameUrl value="testing.html"/>
          <title value="Testing"/>
          <generation value="html"/>
        </page>
        <page>
          <nameUrl value="downloads.html"/>
          <title value="Useful Downloads"/>
          <generation value="html"/>
        </page>
      </page>
    </page>
    <parameter>
      <code value="path-pages"/>
      <value value="input/pagecontent"/>
    </parameter>
    <parameter>
      <code value="path-resource"/>
      <value value="input/ips-preadopted"/>
    </parameter>
    <parameter>
      <code value="path-resource"/>
      <value value="input/resources/activitydefinition"/>
    </parameter>
    <parameter>
      <code value="path-resource"/>
      <value value="input/resources/capabilitystatement"/>
    </parameter>
    <parameter>
      <code value="path-resource"/>
      <value value="input/resources/library"/>
    </parameter>
    <parameter>
      <code value="path-resource"/>
      <value value="input/resources/measure"/>
    </parameter>
    <parameter>
      <code value="path-resource"/>
      <value value="input/resources/maps"/>
    </parameter>
    <parameter>
      <code value="path-resource"/>
      <value value="input/resources/examples"/>
    </parameter>
    <parameter>
      <code value="path-resource"/>
      <value value="input/resources/plandefinition"/>
    </parameter>
    <parameter>
      <code value="path-resource"/>
      <value value="input/resources/questionnaire"/>
    </parameter>
    <parameter>
      <code value="path-resource"/>
      <value value="input/vocabulary/codesystem"/>
    </parameter>
    <parameter>
      <code value="path-resource"/>
      <value value="input/vocabulary/valueset"/>
    </parameter>
    <parameter>
      <code value="path-resource"/>
      <value value="input/capabilities"/>
    </parameter>
    <parameter>
      <code value="path-resource"/>
      <value value="input/examples"/>
    </parameter>
    <parameter>
      <code value="path-resource"/>
      <value value="input/extensions"/>
    </parameter>
    <parameter>
      <code value="path-resource"/>
      <value value="input/models"/>
    </parameter>
    <parameter>
      <code value="path-resource"/>
      <value value="input/operations"/>
    </parameter>
    <parameter>
      <code value="path-resource"/>
      <value value="input/profiles"/>
    </parameter>
    <parameter>
      <code value="path-resource"/>
      <value value="input/resources"/>
    </parameter>
    <parameter>
      <code value="path-resource"/>
      <value value="input/vocabulary"/>
    </parameter>
    <parameter>
      <code value="path-resource"/>
      <value value="input/testing"/>
    </parameter>
    <parameter>
      <code value="path-resource"/>
      <value value="input/history"/>
    </parameter>
    <parameter>
      <code value="path-resource"/>
      <value value="fsh-generated/resources"/>
    </parameter>
    <parameter>
      <code value="path-pages"/>
      <value value="template/config"/>
    </parameter>
    <parameter>
      <code value="path-pages"/>
      <value value="input/images"/>
    </parameter>
    <parameter>
      <code value="path-tx-cache"/>
      <value value="input-cache/txcache"/>
    </parameter>
  </definition>
</ImplementationGuide>