<?xml version="1.0" encoding="UTF-8"?><ConceptMap xmlns="http://hl7.org/fhir"><id value="who-ddcc-map-icd11-sct-vaccines"/><text><status value="extensions"/><div xmlns="http://www.w3.org/1999/xhtml"><h2>ICD11_SNOMED_CT_COVID19_vaccines (http://worldhealthorganization.github.io/ddcc/ConceptMap/who-ddcc-map-icd11-sct-vaccines)</h2><p>Mapping from http://id.who.int/icd11/mms to <a href="http://terminology.hl7.org/2.1.0/CodeSystem-v3-snomed-CT.html">http://snomed.info/sct</a></p><p>DRAFT (not intended for production usage). Published on 2021-04-23 by World Health Organization (WHO) (<a href="https://www.who.int">https://www.who.int</a>). </p><div><p>Rule-based mappings between ICD-11 and SNOMED CT for COVID-19 Vaccines</p>
</div><br/><table class="grid"><tr><td><b>Source Code</b></td><td><b>Relationship</b></td><td><b>Destination Code</b></td></tr><tr><td>XM68M6</td><td><a href="http://hl7.org/fhir/R4/codesystem-concept-map-equivalence.html#equivalent">is equivalent to</a></td><td>111930505</td></tr><tr><td>XM0GQ8</td><td><a href="http://hl7.org/fhir/R4/codesystem-concept-map-equivalence.html#equivalent">is equivalent to</a></td><td>1119349007 (Severe acute respiratory syndrome coronavirus 2 mRNA only vaccine product)</td></tr></table></div></text><url value="http://worldhealthorganization.github.io/ddcc/ConceptMap/who-ddcc-map-icd11-sct-vaccines"/><version value="0.2.1"/><name value="ICD11_SNOMED_CT_COVID19_vaccines"/><status value="draft"/><experimental value="true"/><date value="2021-04-23"/><publisher value="World Health Organization (WHO)"/><contact><telecom><system value="url"/><value value="https://www.who.int"/></telecom></contact><description value="Rule-based mappings between ICD-11 and SNOMED CT for COVID-19 Vaccines"/><sourceCanonical value="http://id.who.int/icd11/mms"/><targetCanonical value="http://snomed.info/sct"/><group><source value="http://id.who.int/icd11/mms"/><target value="http://snomed.info/sct"/><element><code value="XM68M6"/><target><code value="111930505"/><equivalence value="equivalent"/></target></element><element><code value="XM0GQ8"/><target><code value="1119349007"/><equivalence value="equivalent"/></target></element></group></ConceptMap>