<?xml version="1.0" encoding="UTF-8"?><ValueSet xmlns="http://hl7.org/fhir"><id value="DDCC-Folder-DesignationType"/><text><status value="generated"/><div xmlns="http://www.w3.org/1999/xhtml"><ul><li>Include all codes defined in <a href="CodeSystem-DDCC-Folder-DesignationType.html"><code>http://worldhealthorganization.github.io/ddcc/CodeSystem/DDCC-Folder-DesignationType</code></a></li></ul></div></text><url value="http://worldhealthorganization.github.io/ddcc/ValueSet/DDCC-Folder-DesignationType"/><version value="0.2.1"/><name value="DDCC_Folder_DesignationType_ValueSet"/><title value="DDCC DesignationTypes for Folder"/><status value="active"/><date value="2021-10-04T21:17:26+00:00"/><publisher value="World Health Organization (WHO)"/><contact><telecom><system value="url"/><value value="https://www.who.int"/></telecom></contact><description value="DDCC Designation Types ValueSet for DDCC Folders."/><compose><include><system value="http://worldhealthorganization.github.io/ddcc/CodeSystem/DDCC-Folder-DesignationType"/></include></compose></ValueSet>