{"resourceType":"ValueSet","id":"DDCC-QR-Category-Usage-ValueSet","text":{"status":"generated","div":"<div xmlns=\"http://www.w3.org/1999/xhtml\"><ul><li>Include all codes defined in <a href=\"CodeSystem-DDCC-QR-Category-Usage-CodeSystem.html\"><code>http://worldhealthorganization.github.io/ddcc/CodeSystem/DDCC-QR-Category-Usage-CodeSystem</code></a></li></ul></div>"},"url":"http://worldhealthorganization.github.io/ddcc/ValueSet/DDCC-QR-Category-Usage-ValueSet","version":"0.3.1","name":"DDCC_QR_Category_Usage_ValueSet","title":"DDCC QR Category Usage Codes","status":"active","date":"2021-11-12T21:23:59+00:00","publisher":"WHO","contact":[{"name":"WHO","telecom":[{"system":"url","value":"http://who.int"}]}],"description":"Categorization of QR codes by their business usage","jurisdiction":[{"coding":[{"system":"http://unstats.un.org/unsd/methods/m49/m49.htm","code":"001"}]}],"compose":{"include":[{"system":"http://worldhealthorganization.github.io/ddcc/CodeSystem/DDCC-QR-Category-Usage-CodeSystem"}]}}