{"resourceType":"ValueSet","id":"who-ddcc-vaccines-covid-19","text":{"status":"generated","div":"<div xmlns=\"http://www.w3.org/1999/xhtml\"><ul><li>Include these codes as defined in <code>http://id.who.int/icd11/mms</code><table class=\"none\"><tr><td style=\"white-space:nowrap\"><b>Code</b></td><td><b>Display</b></td></tr><tr><td>XM68M6</td><td>COVID-19 vaccine</td></tr><tr><td>XM1NL1</td><td>COVID-19 vaccine, inactivated virus</td></tr><tr><td>XM7HT3</td><td>CoronaVac®</td></tr><tr><td>XM8866</td><td>BBIBP-CorV</td></tr><tr><td>XM9TQ1</td><td>KCONVAC</td></tr><tr><td>XM1G90</td><td>Covaxin</td></tr><tr><td>XM85P5</td><td>Covi-Vac</td></tr><tr><td>XM9FQ7</td><td>Hayat-Vax</td></tr><tr><td>XM97N6</td><td>QazVac</td></tr><tr><td>XM2YG8</td><td>COVIran Barakat</td></tr><tr><td>XM3U61</td><td>Inactivated SARS-CoV-2 vaccine</td></tr><tr><td>XM5DF6</td><td>COVID-19 vaccine, live attenuated virus</td></tr><tr><td>XM9QW8</td><td>COVID-19 vaccine, non-replicating viral vector</td></tr><tr><td>XM4YL8</td><td>COVID-19 Vaccine AstraZeneca</td></tr><tr><td>XM97T2</td><td>Covishield®</td></tr><tr><td>XM6QV1</td><td>COVID-19 Vaccine Janssen</td></tr><tr><td>XM1AG7</td><td>Convidecia</td></tr><tr><td>XM5ZJ4</td><td>Gam-Covid-Vac</td></tr><tr><td>XM5QM6</td><td>Sputnik-Light</td></tr><tr><td>XM0CX4</td><td>COVID-19 vaccine, replicating viral vector</td></tr><tr><td>XM5JC5</td><td>COVID-19 vaccine, virus protein subunit</td></tr><tr><td>XM3CT4</td><td>Recombinant SARS-CoV-2 vaccine</td></tr><tr><td>XM3PG0</td><td>Soberana-02</td></tr><tr><td>XM4EC8</td><td>MVC-COV1901</td></tr><tr><td>XM6SZ8</td><td>EpiVacCorona</td></tr><tr><td>XM1J92</td><td>COVID-19 vaccine, virus like particle (VLP)</td></tr><tr><td>XM6AT1</td><td>COVID-19 vaccine, DNA based</td></tr><tr><td>XM52P3</td><td>ZyCov-D</td></tr><tr><td>XM0GQ8</td><td>COVID-19 vaccine, RNA based</td></tr><tr><td>XM8NQ0</td><td>Comirnaty®</td></tr><tr><td>XM3DT5</td><td>COVID-19 Vaccine Moderna</td></tr></table></li></ul></div>"},"url":"http://worldhealthorganization.github.io/ddcc/ValueSet/who-ddcc-vaccines-covid-19","version":"0.3.1","name":"WHO_DDCC_Vaccines_COVID_19","title":"WHO Vaccine List (COVID-19)","status":"draft","date":"2021-11-18T20:45:17+00:00","publisher":"WHO","contact":[{"name":"WHO","telecom":[{"system":"url","value":"http://who.int"}]}],"description":"WHO Vaccine List (COVID-19) from [ICD 11](https://icd.who.int/browse11)","jurisdiction":[{"coding":[{"system":"http://unstats.un.org/unsd/methods/m49/m49.htm","code":"001"}]}],"compose":{"include":[{"system":"http://id.who.int/icd11/mms","concept":[{"code":"XM68M6","display":"COVID-19 vaccine"},{"code":"XM1NL1","display":"COVID-19 vaccine, inactivated virus"},{"code":"XM7HT3","display":"CoronaVac®"},{"code":"XM8866","display":"BBIBP-CorV"},{"code":"XM9TQ1","display":"KCONVAC"},{"code":"XM1G90","display":"Covaxin"},{"code":"XM85P5","display":"Covi-Vac"},{"code":"XM9FQ7","display":"Hayat-Vax"},{"code":"XM97N6","display":"QazVac"},{"code":"XM2YG8","display":"COVIran Barakat"},{"code":"XM3U61","display":"Inactivated SARS-CoV-2 vaccine"},{"code":"XM5DF6","display":"COVID-19 vaccine, live attenuated virus"},{"code":"XM9QW8","display":"COVID-19 vaccine, non-replicating viral vector"},{"code":"XM4YL8","display":"COVID-19 Vaccine AstraZeneca"},{"code":"XM97T2","display":"Covishield®"},{"code":"XM6QV1","display":"COVID-19 Vaccine Janssen"},{"code":"XM1AG7","display":"Convidecia"},{"code":"XM5ZJ4","display":"Gam-Covid-Vac"},{"code":"XM5QM6","display":"Sputnik-Light"},{"code":"XM0CX4","display":"COVID-19 vaccine, replicating viral vector"},{"code":"XM5JC5","display":"COVID-19 vaccine, virus protein subunit"},{"code":"XM3CT4","display":"Recombinant SARS-CoV-2 vaccine"},{"code":"XM3PG0","display":"Soberana-02"},{"code":"XM4EC8","display":"MVC-COV1901"},{"code":"XM6SZ8","display":"EpiVacCorona"},{"code":"XM1J92","display":"COVID-19 vaccine, virus like particle (VLP)"},{"code":"XM6AT1","display":"COVID-19 vaccine, DNA based"},{"code":"XM52P3","display":"ZyCov-D"},{"code":"XM0GQ8","display":"COVID-19 vaccine, RNA based"},{"code":"XM8NQ0","display":"Comirnaty®"},{"code":"XM3DT5","display":"COVID-19 Vaccine Moderna"}]}]}}