<?xml version="1.0" encoding="UTF-8"?>

<ValueSet xmlns="http://hl7.org/fhir">
  <id value="who-svc-vaccines"/>
  <text>
    <status value="generated"/><div xmlns="http://www.w3.org/1999/xhtml"><ul><li>Include these codes as defined in <code>https://icd.who.int/browse11</code><table class="none"><tr><td style="white-space:nowrap"><b>Code</b></td><td><b>Display</b></td></tr><tr><td>XM29K4</td><td>Cholera vaccines</td></tr><tr><td>XM11V3</td><td>Haemophilus influenzae B vaccines</td></tr><tr><td>XM18Y8</td><td>Meningococcal conjugate (Strain C) vaccine</td></tr><tr><td>XM2280</td><td>Menningovax (-AC) (-C)</td></tr><tr><td>XM43M9</td><td>Pertussis vaccines</td></tr><tr><td>XM9G97</td><td>Pneumococcal conjugate (13-valent) vaccine</td></tr><tr><td>XM2249</td><td>Pneumococcal polysaccharide 23-valent vaccine</td></tr><tr><td>XM29H5</td><td>Tetanus toxoid</td></tr><tr><td>XM1G86</td><td>Tetanus toxoid, combinations with diphtheria toxoid</td></tr><tr><td>XM8BU8</td><td>Typhoid vaccines</td></tr><tr><td>XM8AW3</td><td>Diphtheria vaccine</td></tr><tr><td>XM8142</td><td>BCG vaccine</td></tr><tr><td>XM8ZX8</td><td>Plague vaccine</td></tr><tr><td>XM9SW5</td><td>Vaccine bacterial with other bacterial component</td></tr><tr><td>XM3VD2</td><td>Vaccine TAB</td></tr><tr><td>XM95H3</td><td>Paratyphoid vaccine</td></tr><tr><td>XM2ZE3</td><td>Vaccine bacterial with pertussis component</td></tr><tr><td>XM3JJ2</td><td>Typhus vaccine</td></tr><tr><td>XM4F19</td><td>Vaccine rickettsial with bacterial component</td></tr><tr><td>XM0E84</td><td>Rocky Mountain spotted fever vaccine</td></tr><tr><td>XM5926</td><td>Vaccine bacterial mixed, not elsewhere classified</td></tr><tr><td>XM0RC1</td><td>Encephalitis vaccines</td></tr><tr><td>XM8858</td><td>Influenza vaccine, inactivated, whole virus</td></tr><tr><td>XM5V65</td><td>Influenza vaccine, live attenuated</td></tr><tr><td>XM8MP3</td><td>Influenza vaccine, inactivated, split virus or surface antigen</td></tr><tr><td>XM9E17</td><td>Influenza vaccine, virus like particle</td></tr><tr><td>XM9V38</td><td>Hepatitis B vaccine</td></tr><tr><td>XM2A14</td><td>Hepatitis A vaccine, inactivated whole virus</td></tr><tr><td>XM8L15</td><td>Measles, live attenuated</td></tr><tr><td>XM2KH7</td><td>Diplovax</td></tr><tr><td>XM4KG4</td><td>Orimune</td></tr><tr><td>XM1Y59</td><td>Vaccine sabin oral</td></tr><tr><td>XM1CE0</td><td>Rotavirus diarrhoea vaccines</td></tr><tr><td>XM9PS9</td><td>Meruvax</td></tr><tr><td>XM8DG3</td><td>Varicella zoster vaccines</td></tr><tr><td>XM9QP0</td><td>Human Papillomarvirus vaccine</td></tr><tr><td>XM0GW0</td><td>Herpes zoster (Shingles) vaccine</td></tr><tr><td>XM2340</td><td>Mumpsvax</td></tr><tr><td>XM95R0</td><td>Smallpox vaccine</td></tr><tr><td>XM6T09</td><td>Rabies vaccine</td></tr><tr><td>XM69P6</td><td>Synagis</td></tr><tr><td>XM0N24</td><td>Yellow fever vaccine</td></tr><tr><td>XM1NL1</td><td>COVID-19 vaccine, inactivated virus</td></tr><tr><td>XM5DF6</td><td>COVID-19 vaccine, live attenuated virus</td></tr><tr><td>XM9QW8</td><td>COVID-19 vaccine, non-replicating viral vector</td></tr><tr><td>XM0CX4</td><td>COVID-19 vaccine, replicating viral vector</td></tr><tr><td>XM5JC5</td><td>COVID-19 vaccine, virus protein subunit</td></tr><tr><td>XM1J92</td><td>COVID-19 vaccine, virus like particle (VLP)</td></tr><tr><td>XM6AT1</td><td>COVID-19 vaccine, DNA based</td></tr><tr><td>XM0GQ8</td><td>COVID-19 vaccine, RNA based</td></tr><tr><td>XM21E6</td><td>Diptheria, Tetanus, acellular Pertussis, Inactivated Polio Virus, Haemophilus Influenzae type B</td></tr><tr><td>XM84S1</td><td>Diptheria, Hepatitis B,Tetanus, acellular Pertussis, Inactivated Polio Virus, Haemophilus Influenzae type B</td></tr><tr><td>XM9JP8</td><td>Diptheria, Tetanus, acellular Pertussis, Inactivated Polio Virus</td></tr><tr><td>XM44M4</td><td>Tetanus, diphtheria, acellular Pertussis, Inactivated Polio Virus</td></tr><tr><td>XM1PB8</td><td>Triple vaccine DPT</td></tr><tr><td>XM9ZL9</td><td>Pertussis vaccine (with diphtheria toxoid) (with tetanus toxoid)</td></tr><tr><td>XM9YH9</td><td>Diphtheria toxoid with tetanus toxoid with pertussis component</td></tr><tr><td>XM4039</td><td>Vaccine diphtheria with tetanus</td></tr><tr><td>XM8XH5</td><td>Tetanus toxoid or vaccine toxoid with diphtheria toxoid</td></tr><tr><td>XM8TF3</td><td>Measles, mumps rubella	http://id.who.int/icd/entity/87842213</td></tr><tr><td>XM46V1</td><td>Diphtheria vaccine combination including pertussis</td></tr><tr><td>XM39K8</td><td>Diphtheria vaccine combination without pertussis</td></tr><tr><td>XM8YP9</td><td>Diphtheria vaccine combination</td></tr><tr><td>XM3JG2</td><td>Toxoid combined</td></tr><tr><td>XM25U9</td><td>Vaccine pertussis with other component</td></tr><tr><td>XM5KN5</td><td>Vaccine bacterial with viral-rickettsial component</td></tr></table></li></ul></div>
  </text>
  <url value="http://fhir.org/guides/who/svc-rc1/ValueSet/who-svc-vaccines"/>
  <version value="0.2.0"/>
  <name value="WHO_SVC_Vaccines"/>
  <title value="WHO Vaccine List"/>
  <status value="draft"/>
  <date value="2021-03-14T03:44:50+00:00"/>
  <publisher value="World Health Organization (WHO)"/>
  <contact>
    <telecom>
      <system value="url"/>
      <value value="https://www.who.int"/>
    </telecom>
  </contact>
  <description value="The WHO Vaccine List from [ICD 11](https://icd.who.int/browse11) is used by:&#xA; *  the [SVC Immunization](StructureDefinition-svc-immunization.html) &#xA;"/>
  <compose>
    <include>
      <system value="https://icd.who.int/browse11"/>
      <concept>
        <code value="XM29K4"/>
        <display value="Cholera vaccines"/>
      </concept>
      <concept>
        <code value="XM11V3"/>
        <display value="Haemophilus influenzae B vaccines"/>
      </concept>
      <concept>
        <code value="XM18Y8"/>
        <display value="Meningococcal conjugate (Strain C) vaccine"/>
      </concept>
      <concept>
        <code value="XM2280"/>
        <display value="Menningovax (-AC) (-C)"/>
      </concept>
      <concept>
        <code value="XM43M9"/>
        <display value="Pertussis vaccines"/>
      </concept>
      <concept>
        <code value="XM9G97"/>
        <display value="Pneumococcal conjugate (13-valent) vaccine"/>
      </concept>
      <concept>
        <code value="XM2249"/>
        <display value="Pneumococcal polysaccharide 23-valent vaccine"/>
      </concept>
      <concept>
        <code value="XM29H5"/>
        <display value="Tetanus toxoid"/>
      </concept>
      <concept>
        <code value="XM1G86"/>
        <display value="Tetanus toxoid, combinations with diphtheria toxoid"/>
      </concept>
      <concept>
        <code value="XM8BU8"/>
        <display value="Typhoid vaccines"/>
      </concept>
      <concept>
        <code value="XM8AW3"/>
        <display value="Diphtheria vaccine"/>
      </concept>
      <concept>
        <code value="XM8142"/>
        <display value="BCG vaccine"/>
      </concept>
      <concept>
        <code value="XM8ZX8"/>
        <display value="Plague vaccine"/>
      </concept>
      <concept>
        <code value="XM9SW5"/>
        <display value="Vaccine bacterial with other bacterial component"/>
      </concept>
      <concept>
        <code value="XM3VD2"/>
        <display value="Vaccine TAB"/>
      </concept>
      <concept>
        <code value="XM95H3"/>
        <display value="Paratyphoid vaccine"/>
      </concept>
      <concept>
        <code value="XM2ZE3"/>
        <display value="Vaccine bacterial with pertussis component"/>
      </concept>
      <concept>
        <code value="XM3JJ2"/>
        <display value="Typhus vaccine"/>
      </concept>
      <concept>
        <code value="XM4F19"/>
        <display value="Vaccine rickettsial with bacterial component"/>
      </concept>
      <concept>
        <code value="XM0E84"/>
        <display value="Rocky Mountain spotted fever vaccine"/>
      </concept>
      <concept>
        <code value="XM5926"/>
        <display value="Vaccine bacterial mixed, not elsewhere classified"/>
      </concept>
      <concept>
        <code value="XM0RC1"/>
        <display value="Encephalitis vaccines"/>
      </concept>
      <concept>
        <code value="XM8858"/>
        <display value="Influenza vaccine, inactivated, whole virus"/>
      </concept>
      <concept>
        <code value="XM5V65"/>
        <display value="Influenza vaccine, live attenuated"/>
      </concept>
      <concept>
        <code value="XM8MP3"/>
        <display value="Influenza vaccine, inactivated, split virus or surface antigen"/>
      </concept>
      <concept>
        <code value="XM9E17"/>
        <display value="Influenza vaccine, virus like particle"/>
      </concept>
      <concept>
        <code value="XM9V38"/>
        <display value="Hepatitis B vaccine"/>
      </concept>
      <concept>
        <code value="XM2A14"/>
        <display value="Hepatitis A vaccine, inactivated whole virus"/>
      </concept>
      <concept>
        <code value="XM8L15"/>
        <display value="Measles, live attenuated"/>
      </concept>
      <concept>
        <code value="XM2KH7"/>
        <display value="Diplovax"/>
      </concept>
      <concept>
        <code value="XM4KG4"/>
        <display value="Orimune"/>
      </concept>
      <concept>
        <code value="XM1Y59"/>
        <display value="Vaccine sabin oral"/>
      </concept>
      <concept>
        <code value="XM1CE0"/>
        <display value="Rotavirus diarrhoea vaccines"/>
      </concept>
      <concept>
        <code value="XM9PS9"/>
        <display value="Meruvax"/>
      </concept>
      <concept>
        <code value="XM8DG3"/>
        <display value="Varicella zoster vaccines"/>
      </concept>
      <concept>
        <code value="XM9QP0"/>
        <display value="Human Papillomarvirus vaccine"/>
      </concept>
      <concept>
        <code value="XM0GW0"/>
        <display value="Herpes zoster (Shingles) vaccine"/>
      </concept>
      <concept>
        <code value="XM2340"/>
        <display value="Mumpsvax"/>
      </concept>
      <concept>
        <code value="XM95R0"/>
        <display value="Smallpox vaccine"/>
      </concept>
      <concept>
        <code value="XM6T09"/>
        <display value="Rabies vaccine"/>
      </concept>
      <concept>
        <code value="XM69P6"/>
        <display value="Synagis"/>
      </concept>
      <concept>
        <code value="XM0N24"/>
        <display value="Yellow fever vaccine"/>
      </concept>
      <concept>
        <code value="XM1NL1"/>
        <display value="COVID-19 vaccine, inactivated virus"/>
      </concept>
      <concept>
        <code value="XM5DF6"/>
        <display value="COVID-19 vaccine, live attenuated virus"/>
      </concept>
      <concept>
        <code value="XM9QW8"/>
        <display value="COVID-19 vaccine, non-replicating viral vector"/>
      </concept>
      <concept>
        <code value="XM0CX4"/>
        <display value="COVID-19 vaccine, replicating viral vector"/>
      </concept>
      <concept>
        <code value="XM5JC5"/>
        <display value="COVID-19 vaccine, virus protein subunit"/>
      </concept>
      <concept>
        <code value="XM1J92"/>
        <display value="COVID-19 vaccine, virus like particle (VLP)"/>
      </concept>
      <concept>
        <code value="XM6AT1"/>
        <display value="COVID-19 vaccine, DNA based"/>
      </concept>
      <concept>
        <code value="XM0GQ8"/>
        <display value="COVID-19 vaccine, RNA based"/>
      </concept>
      <concept>
        <code value="XM21E6"/>
        <display value="Diptheria, Tetanus, acellular Pertussis, Inactivated Polio Virus, Haemophilus Influenzae type B"/>
      </concept>
      <concept>
        <code value="XM84S1"/>
        <display value="Diptheria, Hepatitis B,Tetanus, acellular Pertussis, Inactivated Polio Virus, Haemophilus Influenzae type B"/>
      </concept>
      <concept>
        <code value="XM9JP8"/>
        <display value="Diptheria, Tetanus, acellular Pertussis, Inactivated Polio Virus"/>
      </concept>
      <concept>
        <code value="XM44M4"/>
        <display value="Tetanus, diphtheria, acellular Pertussis, Inactivated Polio Virus"/>
      </concept>
      <concept>
        <code value="XM1PB8"/>
        <display value="Triple vaccine DPT"/>
      </concept>
      <concept>
        <code value="XM9ZL9"/>
        <display value="Pertussis vaccine (with diphtheria toxoid) (with tetanus toxoid)"/>
      </concept>
      <concept>
        <code value="XM9YH9"/>
        <display value="Diphtheria toxoid with tetanus toxoid with pertussis component"/>
      </concept>
      <concept>
        <code value="XM4039"/>
        <display value="Vaccine diphtheria with tetanus"/>
      </concept>
      <concept>
        <code value="XM8XH5"/>
        <display value="Tetanus toxoid or vaccine toxoid with diphtheria toxoid"/>
      </concept>
      <concept>
        <code value="XM8TF3"/>
        <display value="Measles, mumps rubella&#x9;http://id.who.int/icd/entity/87842213"/>
      </concept>
      <concept>
        <code value="XM46V1"/>
        <display value="Diphtheria vaccine combination including pertussis"/>
      </concept>
      <concept>
        <code value="XM39K8"/>
        <display value="Diphtheria vaccine combination without pertussis"/>
      </concept>
      <concept>
        <code value="XM8YP9"/>
        <display value="Diphtheria vaccine combination"/>
      </concept>
      <concept>
        <code value="XM3JG2"/>
        <display value="Toxoid combined"/>
      </concept>
      <concept>
        <code value="XM25U9"/>
        <display value="Vaccine pertussis with other component"/>
      </concept>
      <concept>
        <code value="XM5KN5"/>
        <display value="Vaccine bacterial with viral-rickettsial component"/>
      </concept>
    </include>
  </compose>
</ValueSet>