{
  "resourceType": "Bundle",
  "id": "Example-French",
  "type": "transaction",
  "entry": [
    {
      "fullUrl": "http://www.example.org/fhir/Patient/DDCC-Patient-French",
      "resource": {
        "resourceType": "Patient",
        "id": "DDCC-Patient-French",
        "meta": {
          "profile": [
            "https://worldhealthorganization.github.io/ddcc/StructureDefinition/DDCCPatient"
          ]
        },
        "text": {
          "status": "generated",
          "div": "<div xmlns=\"http://www.w3.org/1999/xhtml\"><p><b>Generated Narrative</b></p><p><b>name</b>: Aulus Agerius(OFFICIAL)</p><p><b>birthDate</b>: 2003-03-03</p></div>"
        },
        "name": [
          {
            "use": "official",
            "text": "Aulus Agerius"
          }
        ],
        "birthDate": "2003-03-03"
      },
      "request": {
        "method": "PUT",
        "url": "Patient"
      }
    },
    {
      "fullUrl": "http://www.example.org/fhir/Patient/DDCC-Organization-French",
      "resource": {
        "resourceType": "Organization",
        "id": "DDCC-Organization-French",
        "meta": {
          "profile": [
            "https://worldhealthorganization.github.io/ddcc/StructureDefinition/DDCCOrganization"
          ]
        },
        "text": {
          "status": "generated",
          "div": "<div xmlns=\"http://www.w3.org/1999/xhtml\"><p><b>Generated Narrative</b></p><p><b>name</b>: Hôpital du gouvernement</p></div>"
        },
        "name": "Hôpital du gouvernement"
      },
      "request": {
        "method": "PUT",
        "url": "Organization"
      }
    },
    {
      "fullUrl": "http://www.example.org/fhir/Patient/DDCC-Immunization-French",
      "resource": {
        "resourceType": "Immunization",
        "id": "DDCC-Immunization-French",
        "meta": {
          "profile": [
            "https://worldhealthorganization.github.io/ddcc/StructureDefinition/DDCCImmunization"
          ]
        },
        "text": {
          "status": "extensions",
          "div": "<div xmlns=\"http://www.w3.org/1999/xhtml\"><p><b>Generated Narrative</b></p><p><b>DDCC Vaccine Brand for Immunization</b>: <span title=\"{urn:EXAMPLE-who-:smart:vaccine-certificate:RC1:coding TEST}\">TEST</span></p><p><b>DDCC Country Of Vaccination for Immunization</b>: FRA</p><p><b>status</b>: completed</p><p><b>vaccineCode</b>: <span title=\"Codes: {urn:EXAMPLE-who-:smart:vaccine-certificate:RC1:coding XM0CX4}\">XM0CX4</span></p><p><b>patient</b>: <a href=\"DDCC-Patient-Example-French\">DDCC-Patient-Example-French</a></p><p><b>occurrence</b>: 2021-02-02</p><p><b>location</b>: <span>Site de vaccination</span></p><p><b>lotNumber</b>: 123</p><p><b>expirationDate</b>: 2021-06-30</p><h3>Performers</h3><table class=\"grid\"><tr><td>-</td><td><b>Actor</b></td></tr><tr><td>*</td><td><a href=\"#Organization_DDCC-Organization-French\">See above (Organization/DDCC-Organization-French)</a></td></tr></table><h3>ProtocolApplieds</h3><table class=\"grid\"><tr><td>-</td><td><b>Authority</b></td><td><b>TargetDisease</b></td><td><b>DoseNumber[x]</b></td><td><b>SeriesDoses[x]</b></td></tr><tr><td>*</td><td><a href=\"#Organization_DDCC-Organization-French\">See above (Organization/DDCC-Organization-French)</a></td><td><span title=\"Codes: {http://id.who.int/icd11/mms RA01.0}\">RA01.0</span></td><td>1</td><td>2</td></tr></table></div>"
        },
        "extension": [
          {
            "url": "https://worldhealthorganization.github.io/ddcc/StructureDefinition/DDCCVaccineBrand",
            "valueCoding": {
              "system": "urn:EXAMPLE-who-:smart:vaccine-certificate:RC1:coding",
              "code": "TEST"
            }
          },
          {
            "url": "https://worldhealthorganization.github.io/ddcc/StructureDefinition/DDCCCountryOfVaccination",
            "valueCode": "FRA"
          }
        ],
        "status": "completed",
        "vaccineCode": {
          "coding": [
            {
              "system": "urn:EXAMPLE-who-:smart:vaccine-certificate:RC1:coding",
              "code": "XM0CX4"
            }
          ]
        },
        "patient": {
          "reference": "DDCC-Patient-Example-French"
        },
        "occurrenceDateTime": "2021-02-02",
        "location": {
          "display": "Site de vaccination"
        },
        "lotNumber": "123",
        "expirationDate": "2021-06-30",
        "performer": [
          {
            "actor": {
              "reference": "Organization/DDCC-Organization-French"
            }
          }
        ],
        "protocolApplied": [
          {
            "authority": {
              "reference": "Organization/DDCC-Organization-French"
            },
            "targetDisease": [
              {
                "coding": [
                  {
                    "system": "http://id.who.int/icd11/mms",
                    "code": "RA01.0"
                  }
                ]
              }
            ],
            "doseNumberPositiveInt": 1,
            "seriesDosesPositiveInt": 2
          }
        ]
      },
      "request": {
        "method": "PUT",
        "url": "Immunization"
      }
    }
  ]
}