{
  "resourceType": "Composition",
  "id": "DDCC-Composition-Example-Russian",
  "meta": {
    "profile": [
      "http://worldhealthorganization.github.io/ddcc/StructureDefinition/DDCCComposition"
    ]
  },
  "text": {
    "status": "generated",
    "div": "<div xmlns=\"http://www.w3.org/1999/xhtml\"><p><b>Generated Narrative</b></p><p><b>identifier</b>: id: 999123456123456123456 (OFFICIAL)</p><p><b>status</b>: final</p><p><b>type</b>: <span title=\"Codes: {http://loinc.org 82593-5}\">Immunization summary report</span></p><p><b>date</b>: 2020-05-06</p><p><b>author</b>: <a href=\"Organization-DDCC-Organization-Russian.html\">Generated Summary: name: Государственная больница</a></p><p><b>title</b>: Digital Documentation of COVID-19 Certificate (DDCC)</p><h3>Attesters</h3><table class=\"grid\"><tr><td>-</td><td><b>Mode</b></td><td><b>Party</b></td></tr><tr><td>*</td><td>official</td><td><a href=\"Organization-DDCC-Organization-Russian.html\">Generated Summary: name: Государственная больница</a></td></tr></table></div>"
  },
  "identifier": {
    "use": "official",
    "system": "urn:EXAMPLE-who-:ddcc:composition:ids",
    "value": "999123456123456123456"
  },
  "status": "final",
  "type": {
    "coding": [
      {
        "system": "http://loinc.org",
        "code": "82593-5"
      }
    ]
  },
  "subject": {
    "reference": "Patient/DDCC-Patient-Russian"
  },
  "date": "2020-05-06",
  "author": [
    {
      "reference": "Organization/DDCC-Organization-Russian"
    }
  ],
  "title": "Digital Documentation of COVID-19 Certificate (DDCC)",
  "attester": [
    {
      "mode": "official",
      "party": {
        "reference": "Organization/DDCC-Organization-Russian"
      }
    }
  ],
  "section": [
    {
      "code": {
        "coding": [
          {
            "system": "http://loinc.org",
            "code": "11369-6"
          }
        ]
      },
      "focus": {
        "reference": "Immunization/DDCC-Immunization-Russian"
      },
      "entry": [
        {
          "reference": "Immunization/DDCC-Immunization-Russian"
        },
        {
          "reference": "ImmunizationRecommendation/DDCC-ImmunizationRecommendation-Russian"
        }
      ]
    }
  ]
}