{
  "resourceType": "StructureDefinition",
  "id": "DDCCCoreDataSetPoV",
  "text": {
    "status": "extensions",
    "div": "<div xmlns=\"http://www.w3.org/1999/xhtml\"><table border=\"0\" cellpadding=\"0\" cellspacing=\"0\" style=\"border: 0px #F0F0F0 solid; font-size: 11px; font-family: verdana; vertical-align: top;\"><tr style=\"border: 1px #F0F0F0 solid; font-size: 11px; font-family: verdana; vertical-align: top\"><th style=\"vertical-align: top; text-align : left; background-color: white; border: 0px #F0F0F0 solid; padding:0px 4px 0px 4px\" class=\"hierarchy\"><a href=\"http://hl7.org/fhir/R4/formats.html#table\" title=\"The logical name of the element\">Name</a></th><th style=\"vertical-align: top; text-align : left; background-color: white; border: 0px #F0F0F0 solid; padding:0px 4px 0px 4px\" class=\"hierarchy\"><a href=\"http://hl7.org/fhir/R4/formats.html#table\" title=\"Information about the use of the element\">Flags</a></th><th style=\"vertical-align: top; text-align : left; background-color: white; border: 0px #F0F0F0 solid; padding:0px 4px 0px 4px\" class=\"hierarchy\"><a href=\"http://hl7.org/fhir/R4/formats.html#table\" title=\"Minimum and Maximum # of times the the element can appear in the instance\">Card.</a></th><th style=\"width: 100px\" class=\"hierarchy\"><a href=\"http://hl7.org/fhir/R4/formats.html#table\" title=\"Reference to the type of the element\">Type</a></th><th style=\"vertical-align: top; text-align : left; background-color: white; border: 0px #F0F0F0 solid; padding:0px 4px 0px 4px\" class=\"hierarchy\"><a href=\"http://hl7.org/fhir/R4/formats.html#table\" title=\"Additional information about the element\">Description &amp; Constraints</a><span style=\"float: right\"><a href=\"http://hl7.org/fhir/R4/formats.html#table\" title=\"Legend for this format\"><img src=\"http://hl7.org/fhir/R4/help16.png\" alt=\"doco\" style=\"background-color: inherit\"/></a></span></th></tr><tr style=\"border: 0px #F0F0F0 solid; padding:0px; vertical-align: top; background-color: white\"><td style=\"vertical-align: top; text-align : left; background-color: white; border: 0px #F0F0F0 solid; padding:0px 4px 0px 4px; white-space: nowrap; background-image: url(tbl_bck1.png)\" class=\"hierarchy\"><img src=\"tbl_spacer.png\" alt=\".\" style=\"background-color: inherit\" class=\"hierarchy\"/><img src=\"icon_element.gif\" alt=\".\" style=\"background-color: white; background-color: inherit\" title=\"Element\" class=\"hierarchy\"/> <a href=\"StructureDefinition-DDCCCoreDataSetPoV-definitions.html#DDCCCoreDataSet\" title=\"DDCC Core Data Set\">DDCCCoreDataSet</a><a name=\"DDCCCoreDataSet\"> </a></td><td style=\"vertical-align: top; text-align : left; background-color: white; border: 0px #F0F0F0 solid; padding:0px 4px 0px 4px\" class=\"hierarchy\"/><td style=\"vertical-align: top; text-align : left; background-color: white; border: 0px #F0F0F0 solid; padding:0px 4px 0px 4px\" class=\"hierarchy\">0..*</td><td style=\"vertical-align: top; text-align : left; background-color: white; border: 0px #F0F0F0 solid; padding:0px 4px 0px 4px\" class=\"hierarchy\"><a href=\"http://hl7.org/fhir/R4/datatypes.html#Element\">Element</a></td><td style=\"vertical-align: top; text-align : left; background-color: white; border: 0px #F0F0F0 solid; padding:0px 4px 0px 4px\" class=\"hierarchy\"><span style=\"opacity: 0.5\">Base for all elements</span><br/></td></tr>\r\n<tr style=\"border: 0px #F0F0F0 solid; padding:0px; vertical-align: top; background-color: #F7F7F7\"><td style=\"vertical-align: top; text-align : left; background-color: #F7F7F7; border: 0px #F0F0F0 solid; padding:0px 4px 0px 4px; white-space: nowrap; background-image: url(tbl_bck10.png)\" class=\"hierarchy\"><img src=\"tbl_spacer.png\" alt=\".\" style=\"background-color: inherit\" class=\"hierarchy\"/><img src=\"tbl_vjoin.png\" alt=\".\" style=\"background-color: inherit\" class=\"hierarchy\"/><img src=\"icon_primitive.png\" alt=\".\" style=\"background-color: #F7F7F7; background-color: inherit\" title=\"Primitive Data Type\" class=\"hierarchy\"/> <a href=\"StructureDefinition-DDCCCoreDataSetPoV-definitions.html#DDCCCoreDataSet.name\" title=\"The full name of the vaccinated person\">name</a><a name=\"DDCCCoreDataSet.name\"> </a></td><td style=\"vertical-align: top; text-align : left; background-color: #F7F7F7; border: 0px #F0F0F0 solid; padding:0px 4px 0px 4px\" class=\"hierarchy\"/><td style=\"vertical-align: top; text-align : left; background-color: #F7F7F7; border: 0px #F0F0F0 solid; padding:0px 4px 0px 4px\" class=\"hierarchy\">1..1</td><td style=\"vertical-align: top; text-align : left; background-color: #F7F7F7; border: 0px #F0F0F0 solid; padding:0px 4px 0px 4px\" class=\"hierarchy\"><a href=\"http://hl7.org/fhir/R4/datatypes.html#string\">string</a></td><td style=\"vertical-align: top; text-align : left; background-color: #F7F7F7; border: 0px #F0F0F0 solid; padding:0px 4px 0px 4px\" class=\"hierarchy\">Name</td></tr>\r\n<tr style=\"border: 0px #F0F0F0 solid; padding:0px; vertical-align: top; background-color: white\"><td style=\"vertical-align: top; text-align : left; background-color: white; border: 0px #F0F0F0 solid; padding:0px 4px 0px 4px; white-space: nowrap; background-image: url(tbl_bck10.png)\" class=\"hierarchy\"><img src=\"tbl_spacer.png\" alt=\".\" style=\"background-color: inherit\" class=\"hierarchy\"/><img src=\"tbl_vjoin.png\" alt=\".\" style=\"background-color: inherit\" class=\"hierarchy\"/><img src=\"icon_primitive.png\" alt=\".\" style=\"background-color: white; background-color: inherit\" title=\"Primitive Data Type\" class=\"hierarchy\"/> <a href=\"StructureDefinition-DDCCCoreDataSetPoV-definitions.html#DDCCCoreDataSet.birthDate\" title=\"The vaccinated person's date of birth (DOB) if known. If unknown, use given DOB for administrative purposes.\">birthDate</a><a name=\"DDCCCoreDataSet.birthDate\"> </a></td><td style=\"vertical-align: top; text-align : left; background-color: white; border: 0px #F0F0F0 solid; padding:0px 4px 0px 4px\" class=\"hierarchy\"/><td style=\"vertical-align: top; text-align : left; background-color: white; border: 0px #F0F0F0 solid; padding:0px 4px 0px 4px\" class=\"hierarchy\">0..1</td><td style=\"vertical-align: top; text-align : left; background-color: white; border: 0px #F0F0F0 solid; padding:0px 4px 0px 4px\" class=\"hierarchy\"><a href=\"http://hl7.org/fhir/R4/datatypes.html#date\">date</a></td><td style=\"vertical-align: top; text-align : left; background-color: white; border: 0px #F0F0F0 solid; padding:0px 4px 0px 4px\" class=\"hierarchy\">Date of birth</td></tr>\r\n<tr style=\"border: 0px #F0F0F0 solid; padding:0px; vertical-align: top; background-color: #F7F7F7\"><td style=\"vertical-align: top; text-align : left; background-color: #F7F7F7; border: 0px #F0F0F0 solid; padding:0px 4px 0px 4px; white-space: nowrap; background-image: url(tbl_bck10.png)\" class=\"hierarchy\"><img src=\"tbl_spacer.png\" alt=\".\" style=\"background-color: inherit\" class=\"hierarchy\"/><img src=\"tbl_vjoin.png\" alt=\".\" style=\"background-color: inherit\" class=\"hierarchy\"/><img src=\"icon_datatype.gif\" alt=\".\" style=\"background-color: #F7F7F7; background-color: inherit\" title=\"Data Type\" class=\"hierarchy\"/> <a href=\"StructureDefinition-DDCCCoreDataSetPoV-definitions.html#DDCCCoreDataSet.identifier\" title=\"Unique identifier for the vaccinated person, according to the policies applicable to each country. There can be more than one unique identifier used to link records. (e.g. national ID, health ID, immunization information system ID, medical record ID).\">identifier</a><a name=\"DDCCCoreDataSet.identifier\"> </a></td><td style=\"vertical-align: top; text-align : left; background-color: #F7F7F7; border: 0px #F0F0F0 solid; padding:0px 4px 0px 4px\" class=\"hierarchy\"/><td style=\"vertical-align: top; text-align : left; background-color: #F7F7F7; border: 0px #F0F0F0 solid; padding:0px 4px 0px 4px\" class=\"hierarchy\">0..1</td><td style=\"vertical-align: top; text-align : left; background-color: #F7F7F7; border: 0px #F0F0F0 solid; padding:0px 4px 0px 4px\" class=\"hierarchy\"><a href=\"http://hl7.org/fhir/R4/datatypes.html#Identifier\">Identifier</a></td><td style=\"vertical-align: top; text-align : left; background-color: #F7F7F7; border: 0px #F0F0F0 solid; padding:0px 4px 0px 4px\" class=\"hierarchy\">Unique identifier</td></tr>\r\n<tr style=\"border: 0px #F0F0F0 solid; padding:0px; vertical-align: top; background-color: white\"><td style=\"vertical-align: top; text-align : left; background-color: white; border: 0px #F0F0F0 solid; padding:0px 4px 0px 4px; white-space: nowrap; background-image: url(tbl_bck10.png)\" class=\"hierarchy\"><img src=\"tbl_spacer.png\" alt=\".\" style=\"background-color: inherit\" class=\"hierarchy\"/><img src=\"tbl_vjoin.png\" alt=\".\" style=\"background-color: inherit\" class=\"hierarchy\"/><img src=\"icon_datatype.gif\" alt=\".\" style=\"background-color: white; background-color: inherit\" title=\"Data Type\" class=\"hierarchy\"/> <a href=\"StructureDefinition-DDCCCoreDataSetPoV-definitions.html#DDCCCoreDataSet.sex\" title=\"Documentation of a specific instance of sex information for the vaccinated person.\">sex</a><a name=\"DDCCCoreDataSet.sex\"> </a></td><td style=\"vertical-align: top; text-align : left; background-color: white; border: 0px #F0F0F0 solid; padding:0px 4px 0px 4px\" class=\"hierarchy\"/><td style=\"vertical-align: top; text-align : left; background-color: white; border: 0px #F0F0F0 solid; padding:0px 4px 0px 4px\" class=\"hierarchy\">0..1</td><td style=\"vertical-align: top; text-align : left; background-color: white; border: 0px #F0F0F0 solid; padding:0px 4px 0px 4px\" class=\"hierarchy\"><a href=\"http://hl7.org/fhir/R4/datatypes.html#Coding\">Coding</a></td><td style=\"vertical-align: top; text-align : left; background-color: white; border: 0px #F0F0F0 solid; padding:0px 4px 0px 4px\" class=\"hierarchy\">Sex<br/><span style=\"font-weight:bold\">Binding: </span><a href=\"http://hl7.org/fhir/R4/valueset-administrative-gender.html\">AdministrativeGender</a> (<a href=\"http://hl7.org/fhir/R4/terminologies.html#required\" title=\"To be conformant, the concept in this element SHALL be from the specified value set.\">required</a>)</td></tr>\r\n<tr style=\"border: 0px #F0F0F0 solid; padding:0px; vertical-align: top; background-color: #F7F7F7\"><td style=\"vertical-align: top; text-align : left; background-color: #F7F7F7; border: 0px #F0F0F0 solid; padding:0px 4px 0px 4px; white-space: nowrap; background-image: url(tbl_bck11.png)\" class=\"hierarchy\"><img src=\"tbl_spacer.png\" alt=\".\" style=\"background-color: inherit\" class=\"hierarchy\"/><img src=\"tbl_vjoin.png\" alt=\".\" style=\"background-color: inherit\" class=\"hierarchy\"/><img src=\"icon_datatype.gif\" alt=\".\" style=\"background-color: #F7F7F7; background-color: inherit\" title=\"Data Type\" class=\"hierarchy\"/> <a href=\"StructureDefinition-DDCCCoreDataSetPoV-definitions.html#DDCCCoreDataSet.vaccination\" title=\"A vaccination event\">vaccination</a><a name=\"DDCCCoreDataSet.vaccination\"> </a></td><td style=\"vertical-align: top; text-align : left; background-color: #F7F7F7; border: 0px #F0F0F0 solid; padding:0px 4px 0px 4px\" class=\"hierarchy\"><span style=\"padding-left: 3px; padding-right: 3px; color: black; null\" title=\"This element has or is affected by some invariants (who-ddcc-data-1)\">I</span></td><td style=\"vertical-align: top; text-align : left; background-color: #F7F7F7; border: 0px #F0F0F0 solid; padding:0px 4px 0px 4px\" class=\"hierarchy\">0..*</td><td style=\"vertical-align: top; text-align : left; background-color: #F7F7F7; border: 0px #F0F0F0 solid; padding:0px 4px 0px 4px\" class=\"hierarchy\"><a href=\"http://hl7.org/fhir/R4/datatypes.html#BackboneElement\">BackboneElement</a></td><td style=\"vertical-align: top; text-align : left; background-color: #F7F7F7; border: 0px #F0F0F0 solid; padding:0px 4px 0px 4px\" class=\"hierarchy\">Vaccination Event<br/><span style=\"font-weight:bold\">who-ddcc-data-1: </span>Manufacturer or Market Authorization Holder SHALL be present<br/></td></tr>\r\n<tr style=\"border: 0px #F0F0F0 solid; padding:0px; vertical-align: top; background-color: white\"><td style=\"vertical-align: top; text-align : left; background-color: white; border: 0px #F0F0F0 solid; padding:0px 4px 0px 4px; white-space: nowrap; background-image: url(tbl_bck110.png)\" class=\"hierarchy\"><img src=\"tbl_spacer.png\" alt=\".\" style=\"background-color: inherit\" class=\"hierarchy\"/><img src=\"tbl_vline.png\" alt=\".\" style=\"background-color: inherit\" class=\"hierarchy\"/><img src=\"tbl_vjoin.png\" alt=\".\" style=\"background-color: inherit\" class=\"hierarchy\"/><img src=\"icon_datatype.gif\" alt=\".\" style=\"background-color: white; background-color: inherit\" title=\"Data Type\" class=\"hierarchy\"/> <a href=\"StructureDefinition-DDCCCoreDataSetPoV-definitions.html#DDCCCoreDataSet.vaccination.vaccine\" title=\"Generic description of the vaccine or vaccine sub-type. e.g. COVID-19 mRNA vaccine, HPV vaccine.\">vaccine</a><a name=\"DDCCCoreDataSet.vaccination.vaccine\"> </a></td><td style=\"vertical-align: top; text-align : left; background-color: white; border: 0px #F0F0F0 solid; padding:0px 4px 0px 4px\" class=\"hierarchy\"/><td style=\"vertical-align: top; text-align : left; background-color: white; border: 0px #F0F0F0 solid; padding:0px 4px 0px 4px\" class=\"hierarchy\">1..1</td><td style=\"vertical-align: top; text-align : left; background-color: white; border: 0px #F0F0F0 solid; padding:0px 4px 0px 4px\" class=\"hierarchy\"><a href=\"http://hl7.org/fhir/R4/datatypes.html#Coding\">Coding</a></td><td style=\"vertical-align: top; text-align : left; background-color: white; border: 0px #F0F0F0 solid; padding:0px 4px 0px 4px\" class=\"hierarchy\">Vaccine or prophylaxis<br/><span style=\"font-weight:bold\">Binding: </span><a href=\"ValueSet-who-ddcc-vaccines-covid-19.html\">WHO Vaccine List (COVID-19)</a> (<a href=\"http://hl7.org/fhir/R4/terminologies.html#preferred\" title=\"Instances are encouraged to draw from the specified codes for interoperability purposes but are not required to do so to be considered conformant.\">preferred</a>)</td></tr>\r\n<tr style=\"border: 0px #F0F0F0 solid; padding:0px; vertical-align: top; background-color: #F7F7F7\"><td style=\"vertical-align: top; text-align : left; background-color: #F7F7F7; border: 0px #F0F0F0 solid; padding:0px 4px 0px 4px; white-space: nowrap; background-image: url(tbl_bck110.png)\" class=\"hierarchy\"><img src=\"tbl_spacer.png\" alt=\".\" style=\"background-color: inherit\" class=\"hierarchy\"/><img src=\"tbl_vline.png\" alt=\".\" style=\"background-color: inherit\" class=\"hierarchy\"/><img src=\"tbl_vjoin.png\" alt=\".\" style=\"background-color: inherit\" class=\"hierarchy\"/><img src=\"icon_datatype.gif\" alt=\".\" style=\"background-color: #F7F7F7; background-color: inherit\" title=\"Data Type\" class=\"hierarchy\"/> <a href=\"StructureDefinition-DDCCCoreDataSetPoV-definitions.html#DDCCCoreDataSet.vaccination.brand\" title=\"The brand or trade name used to refer to the vaccine received.\">brand</a><a name=\"DDCCCoreDataSet.vaccination.brand\"> </a></td><td style=\"vertical-align: top; text-align : left; background-color: #F7F7F7; border: 0px #F0F0F0 solid; padding:0px 4px 0px 4px\" class=\"hierarchy\"/><td style=\"vertical-align: top; text-align : left; background-color: #F7F7F7; border: 0px #F0F0F0 solid; padding:0px 4px 0px 4px\" class=\"hierarchy\">1..1</td><td style=\"vertical-align: top; text-align : left; background-color: #F7F7F7; border: 0px #F0F0F0 solid; padding:0px 4px 0px 4px\" class=\"hierarchy\"><a href=\"http://hl7.org/fhir/R4/datatypes.html#Coding\">Coding</a></td><td style=\"vertical-align: top; text-align : left; background-color: #F7F7F7; border: 0px #F0F0F0 solid; padding:0px 4px 0px 4px\" class=\"hierarchy\">Vaccine brand</td></tr>\r\n<tr style=\"border: 0px #F0F0F0 solid; padding:0px; vertical-align: top; background-color: white\"><td style=\"vertical-align: top; text-align : left; background-color: white; border: 0px #F0F0F0 solid; padding:0px 4px 0px 4px; white-space: nowrap; background-image: url(tbl_bck110.png)\" class=\"hierarchy\"><img src=\"tbl_spacer.png\" alt=\".\" style=\"background-color: inherit\" class=\"hierarchy\"/><img src=\"tbl_vline.png\" alt=\".\" style=\"background-color: inherit\" class=\"hierarchy\"/><img src=\"tbl_vjoin.png\" alt=\".\" style=\"background-color: inherit\" class=\"hierarchy\"/><img src=\"icon_datatype.gif\" alt=\".\" style=\"background-color: white; background-color: inherit\" title=\"Data Type\" class=\"hierarchy\"/> <a href=\"StructureDefinition-DDCCCoreDataSetPoV-definitions.html#DDCCCoreDataSet.vaccination.manufacturer\" title=\"Name of the manufacturer of the vaccine received. e.g. Serum institute of India, AstraZeneca. If vaccine manufacturer is unknown, market authorization holder is REQUIRED.\">manufacturer</a><a name=\"DDCCCoreDataSet.vaccination.manufacturer\"> </a></td><td style=\"vertical-align: top; text-align : left; background-color: white; border: 0px #F0F0F0 solid; padding:0px 4px 0px 4px\" class=\"hierarchy\"/><td style=\"vertical-align: top; text-align : left; background-color: white; border: 0px #F0F0F0 solid; padding:0px 4px 0px 4px\" class=\"hierarchy\">0..1</td><td style=\"vertical-align: top; text-align : left; background-color: white; border: 0px #F0F0F0 solid; padding:0px 4px 0px 4px\" class=\"hierarchy\"><a href=\"http://hl7.org/fhir/R4/datatypes.html#Coding\">Coding</a></td><td style=\"vertical-align: top; text-align : left; background-color: white; border: 0px #F0F0F0 solid; padding:0px 4px 0px 4px\" class=\"hierarchy\">Vaccine manufacturer</td></tr>\r\n<tr style=\"border: 0px #F0F0F0 solid; padding:0px; vertical-align: top; background-color: #F7F7F7\"><td style=\"vertical-align: top; text-align : left; background-color: #F7F7F7; border: 0px #F0F0F0 solid; padding:0px 4px 0px 4px; white-space: nowrap; background-image: url(tbl_bck110.png)\" class=\"hierarchy\"><img src=\"tbl_spacer.png\" alt=\".\" style=\"background-color: inherit\" class=\"hierarchy\"/><img src=\"tbl_vline.png\" alt=\".\" style=\"background-color: inherit\" class=\"hierarchy\"/><img src=\"tbl_vjoin.png\" alt=\".\" style=\"background-color: inherit\" class=\"hierarchy\"/><img src=\"icon_datatype.gif\" alt=\".\" style=\"background-color: #F7F7F7; background-color: inherit\" title=\"Data Type\" class=\"hierarchy\"/> <a href=\"StructureDefinition-DDCCCoreDataSetPoV-definitions.html#DDCCCoreDataSet.vaccination.maholder\" title=\"Name of the market authorization holder of the vaccine received. If market authorization holder is unknown, vaccine manufacturer is REQUIRED.\">maholder</a><a name=\"DDCCCoreDataSet.vaccination.maholder\"> </a></td><td style=\"vertical-align: top; text-align : left; background-color: #F7F7F7; border: 0px #F0F0F0 solid; padding:0px 4px 0px 4px\" class=\"hierarchy\"/><td style=\"vertical-align: top; text-align : left; background-color: #F7F7F7; border: 0px #F0F0F0 solid; padding:0px 4px 0px 4px\" class=\"hierarchy\">0..1</td><td style=\"vertical-align: top; text-align : left; background-color: #F7F7F7; border: 0px #F0F0F0 solid; padding:0px 4px 0px 4px\" class=\"hierarchy\"><a href=\"http://hl7.org/fhir/R4/datatypes.html#Coding\">Coding</a></td><td style=\"vertical-align: top; text-align : left; background-color: #F7F7F7; border: 0px #F0F0F0 solid; padding:0px 4px 0px 4px\" class=\"hierarchy\">Vaccine market authorization holder</td></tr>\r\n<tr style=\"border: 0px #F0F0F0 solid; padding:0px; vertical-align: top; background-color: white\"><td style=\"vertical-align: top; text-align : left; background-color: white; border: 0px #F0F0F0 solid; padding:0px 4px 0px 4px; white-space: nowrap; background-image: url(tbl_bck110.png)\" class=\"hierarchy\"><img src=\"tbl_spacer.png\" alt=\".\" style=\"background-color: inherit\" class=\"hierarchy\"/><img src=\"tbl_vline.png\" alt=\".\" style=\"background-color: inherit\" class=\"hierarchy\"/><img src=\"tbl_vjoin.png\" alt=\".\" style=\"background-color: inherit\" class=\"hierarchy\"/><img src=\"icon_primitive.png\" alt=\".\" style=\"background-color: white; background-color: inherit\" title=\"Primitive Data Type\" class=\"hierarchy\"/> <a href=\"StructureDefinition-DDCCCoreDataSetPoV-definitions.html#DDCCCoreDataSet.vaccination.lot\" title=\"Lot number or batch number of vaccination.\">lot</a><a name=\"DDCCCoreDataSet.vaccination.lot\"> </a></td><td style=\"vertical-align: top; text-align : left; background-color: white; border: 0px #F0F0F0 solid; padding:0px 4px 0px 4px\" class=\"hierarchy\"/><td style=\"vertical-align: top; text-align : left; background-color: white; border: 0px #F0F0F0 solid; padding:0px 4px 0px 4px\" class=\"hierarchy\">1..1</td><td style=\"vertical-align: top; text-align : left; background-color: white; border: 0px #F0F0F0 solid; padding:0px 4px 0px 4px\" class=\"hierarchy\"><a href=\"http://hl7.org/fhir/R4/datatypes.html#string\">string</a></td><td style=\"vertical-align: top; text-align : left; background-color: white; border: 0px #F0F0F0 solid; padding:0px 4px 0px 4px\" class=\"hierarchy\">Vaccine lot number</td></tr>\r\n<tr style=\"border: 0px #F0F0F0 solid; padding:0px; vertical-align: top; background-color: #F7F7F7\"><td style=\"vertical-align: top; text-align : left; background-color: #F7F7F7; border: 0px #F0F0F0 solid; padding:0px 4px 0px 4px; white-space: nowrap; background-image: url(tbl_bck110.png)\" class=\"hierarchy\"><img src=\"tbl_spacer.png\" alt=\".\" style=\"background-color: inherit\" class=\"hierarchy\"/><img src=\"tbl_vline.png\" alt=\".\" style=\"background-color: inherit\" class=\"hierarchy\"/><img src=\"tbl_vjoin.png\" alt=\".\" style=\"background-color: inherit\" class=\"hierarchy\"/><img src=\"icon_primitive.png\" alt=\".\" style=\"background-color: #F7F7F7; background-color: inherit\" title=\"Primitive Data Type\" class=\"hierarchy\"/> <a href=\"StructureDefinition-DDCCCoreDataSetPoV-definitions.html#DDCCCoreDataSet.vaccination.date\" title=\"Date in which the vaccine was provided.\">date</a><a name=\"DDCCCoreDataSet.vaccination.date\"> </a></td><td style=\"vertical-align: top; text-align : left; background-color: #F7F7F7; border: 0px #F0F0F0 solid; padding:0px 4px 0px 4px\" class=\"hierarchy\"/><td style=\"vertical-align: top; text-align : left; background-color: #F7F7F7; border: 0px #F0F0F0 solid; padding:0px 4px 0px 4px\" class=\"hierarchy\">1..1</td><td style=\"vertical-align: top; text-align : left; background-color: #F7F7F7; border: 0px #F0F0F0 solid; padding:0px 4px 0px 4px\" class=\"hierarchy\"><a href=\"http://hl7.org/fhir/R4/datatypes.html#date\">date</a></td><td style=\"vertical-align: top; text-align : left; background-color: #F7F7F7; border: 0px #F0F0F0 solid; padding:0px 4px 0px 4px\" class=\"hierarchy\">Date of vaccination</td></tr>\r\n<tr style=\"border: 0px #F0F0F0 solid; padding:0px; vertical-align: top; background-color: white\"><td style=\"vertical-align: top; text-align : left; background-color: white; border: 0px #F0F0F0 solid; padding:0px 4px 0px 4px; white-space: nowrap; background-image: url(tbl_bck110.png)\" class=\"hierarchy\"><img src=\"tbl_spacer.png\" alt=\".\" style=\"background-color: inherit\" class=\"hierarchy\"/><img src=\"tbl_vline.png\" alt=\".\" style=\"background-color: inherit\" class=\"hierarchy\"/><img src=\"tbl_vjoin.png\" alt=\".\" style=\"background-color: inherit\" class=\"hierarchy\"/><img src=\"icon_primitive.png\" alt=\".\" style=\"background-color: white; background-color: inherit\" title=\"Primitive Data Type\" class=\"hierarchy\"/> <a href=\"StructureDefinition-DDCCCoreDataSetPoV-definitions.html#DDCCCoreDataSet.vaccination.valid-from\" title=\"Date upon which provided vaccination is considered valid.\">valid_from</a><a name=\"DDCCCoreDataSet.vaccination.valid_from\"> </a></td><td style=\"vertical-align: top; text-align : left; background-color: white; border: 0px #F0F0F0 solid; padding:0px 4px 0px 4px\" class=\"hierarchy\"/><td style=\"vertical-align: top; text-align : left; background-color: white; border: 0px #F0F0F0 solid; padding:0px 4px 0px 4px\" class=\"hierarchy\">0..1</td><td style=\"vertical-align: top; text-align : left; background-color: white; border: 0px #F0F0F0 solid; padding:0px 4px 0px 4px\" class=\"hierarchy\"><a href=\"http://hl7.org/fhir/R4/datatypes.html#date\">date</a></td><td style=\"vertical-align: top; text-align : left; background-color: white; border: 0px #F0F0F0 solid; padding:0px 4px 0px 4px\" class=\"hierarchy\">Vaccination valid from</td></tr>\r\n<tr style=\"border: 0px #F0F0F0 solid; padding:0px; vertical-align: top; background-color: #F7F7F7\"><td style=\"vertical-align: top; text-align : left; background-color: #F7F7F7; border: 0px #F0F0F0 solid; padding:0px 4px 0px 4px; white-space: nowrap; background-image: url(tbl_bck110.png)\" class=\"hierarchy\"><img src=\"tbl_spacer.png\" alt=\".\" style=\"background-color: inherit\" class=\"hierarchy\"/><img src=\"tbl_vline.png\" alt=\".\" style=\"background-color: inherit\" class=\"hierarchy\"/><img src=\"tbl_vjoin.png\" alt=\".\" style=\"background-color: inherit\" class=\"hierarchy\"/><img src=\"icon_primitive.png\" alt=\".\" style=\"background-color: #F7F7F7; background-color: inherit\" title=\"Primitive Data Type\" class=\"hierarchy\"/> <a href=\"StructureDefinition-DDCCCoreDataSetPoV-definitions.html#DDCCCoreDataSet.vaccination.dose\" title=\"Vaccine dose number.\">dose</a><a name=\"DDCCCoreDataSet.vaccination.dose\"> </a></td><td style=\"vertical-align: top; text-align : left; background-color: #F7F7F7; border: 0px #F0F0F0 solid; padding:0px 4px 0px 4px\" class=\"hierarchy\"/><td style=\"vertical-align: top; text-align : left; background-color: #F7F7F7; border: 0px #F0F0F0 solid; padding:0px 4px 0px 4px\" class=\"hierarchy\">1..1</td><td style=\"vertical-align: top; text-align : left; background-color: #F7F7F7; border: 0px #F0F0F0 solid; padding:0px 4px 0px 4px\" class=\"hierarchy\"><a href=\"http://hl7.org/fhir/R4/datatypes.html#positiveInt\">positiveInt</a></td><td style=\"vertical-align: top; text-align : left; background-color: #F7F7F7; border: 0px #F0F0F0 solid; padding:0px 4px 0px 4px\" class=\"hierarchy\">Dose number</td></tr>\r\n<tr style=\"border: 0px #F0F0F0 solid; padding:0px; vertical-align: top; background-color: white\"><td style=\"vertical-align: top; text-align : left; background-color: white; border: 0px #F0F0F0 solid; padding:0px 4px 0px 4px; white-space: nowrap; background-image: url(tbl_bck110.png)\" class=\"hierarchy\"><img src=\"tbl_spacer.png\" alt=\".\" style=\"background-color: inherit\" class=\"hierarchy\"/><img src=\"tbl_vline.png\" alt=\".\" style=\"background-color: inherit\" class=\"hierarchy\"/><img src=\"tbl_vjoin.png\" alt=\".\" style=\"background-color: inherit\" class=\"hierarchy\"/><img src=\"icon_primitive.png\" alt=\".\" style=\"background-color: white; background-color: inherit\" title=\"Primitive Data Type\" class=\"hierarchy\"/> <a href=\"StructureDefinition-DDCCCoreDataSetPoV-definitions.html#DDCCCoreDataSet.vaccination.totalDoses\" title=\"Total expected doses as defined by Member State care plan and immunization programme policies.\">totalDoses</a><a name=\"DDCCCoreDataSet.vaccination.totalDoses\"> </a></td><td style=\"vertical-align: top; text-align : left; background-color: white; border: 0px #F0F0F0 solid; padding:0px 4px 0px 4px\" class=\"hierarchy\"/><td style=\"vertical-align: top; text-align : left; background-color: white; border: 0px #F0F0F0 solid; padding:0px 4px 0px 4px\" class=\"hierarchy\">0..1</td><td style=\"vertical-align: top; text-align : left; background-color: white; border: 0px #F0F0F0 solid; padding:0px 4px 0px 4px\" class=\"hierarchy\"><a href=\"http://hl7.org/fhir/R4/datatypes.html#positiveInt\">positiveInt</a></td><td style=\"vertical-align: top; text-align : left; background-color: white; border: 0px #F0F0F0 solid; padding:0px 4px 0px 4px\" class=\"hierarchy\">Total doses</td></tr>\r\n<tr style=\"border: 0px #F0F0F0 solid; padding:0px; vertical-align: top; background-color: #F7F7F7\"><td style=\"vertical-align: top; text-align : left; background-color: #F7F7F7; border: 0px #F0F0F0 solid; padding:0px 4px 0px 4px; white-space: nowrap; background-image: url(tbl_bck110.png)\" class=\"hierarchy\"><img src=\"tbl_spacer.png\" alt=\".\" style=\"background-color: inherit\" class=\"hierarchy\"/><img src=\"tbl_vline.png\" alt=\".\" style=\"background-color: inherit\" class=\"hierarchy\"/><img src=\"tbl_vjoin.png\" alt=\".\" style=\"background-color: inherit\" class=\"hierarchy\"/><img src=\"icon_datatype.gif\" alt=\".\" style=\"background-color: #F7F7F7; background-color: inherit\" title=\"Data Type\" class=\"hierarchy\"/> <a href=\"StructureDefinition-DDCCCoreDataSetPoV-definitions.html#DDCCCoreDataSet.vaccination.country\" title=\"The country in which the individual has been vaccinated.\">country</a><a name=\"DDCCCoreDataSet.vaccination.country\"> </a></td><td style=\"vertical-align: top; text-align : left; background-color: #F7F7F7; border: 0px #F0F0F0 solid; padding:0px 4px 0px 4px\" class=\"hierarchy\"/><td style=\"vertical-align: top; text-align : left; background-color: #F7F7F7; border: 0px #F0F0F0 solid; padding:0px 4px 0px 4px\" class=\"hierarchy\">1..1</td><td style=\"vertical-align: top; text-align : left; background-color: #F7F7F7; border: 0px #F0F0F0 solid; padding:0px 4px 0px 4px\" class=\"hierarchy\"><a href=\"http://hl7.org/fhir/R4/datatypes.html#Coding\">Coding</a></td><td style=\"vertical-align: top; text-align : left; background-color: #F7F7F7; border: 0px #F0F0F0 solid; padding:0px 4px 0px 4px\" class=\"hierarchy\">Country of vaccination<br/><span style=\"font-weight:bold\">Binding: </span><a href=\"http://hl7.org/fhir/R4/valueset-iso3166-1-3.html\">Iso3166-1-3</a> (<a href=\"http://hl7.org/fhir/R4/terminologies.html#preferred\" title=\"Instances are encouraged to draw from the specified codes for interoperability purposes but are not required to do so to be considered conformant.\">preferred</a>)</td></tr>\r\n<tr style=\"border: 0px #F0F0F0 solid; padding:0px; vertical-align: top; background-color: white\"><td style=\"vertical-align: top; text-align : left; background-color: white; border: 0px #F0F0F0 solid; padding:0px 4px 0px 4px; white-space: nowrap; background-image: url(tbl_bck110.png)\" class=\"hierarchy\"><img src=\"tbl_spacer.png\" alt=\".\" style=\"background-color: inherit\" class=\"hierarchy\"/><img src=\"tbl_vline.png\" alt=\".\" style=\"background-color: inherit\" class=\"hierarchy\"/><img src=\"tbl_vjoin.png\" alt=\".\" style=\"background-color: inherit\" class=\"hierarchy\"/><img src=\"icon_primitive.png\" alt=\".\" style=\"background-color: white; background-color: inherit\" title=\"Primitive Data Type\" class=\"hierarchy\"/> <a href=\"StructureDefinition-DDCCCoreDataSetPoV-definitions.html#DDCCCoreDataSet.vaccination.centre\" title=\"The name or identifier of the vaccination facility responsible for providing the vaccination.\">centre</a><a name=\"DDCCCoreDataSet.vaccination.centre\"> </a></td><td style=\"vertical-align: top; text-align : left; background-color: white; border: 0px #F0F0F0 solid; padding:0px 4px 0px 4px\" class=\"hierarchy\"/><td style=\"vertical-align: top; text-align : left; background-color: white; border: 0px #F0F0F0 solid; padding:0px 4px 0px 4px\" class=\"hierarchy\">0..1</td><td style=\"vertical-align: top; text-align : left; background-color: white; border: 0px #F0F0F0 solid; padding:0px 4px 0px 4px\" class=\"hierarchy\"><a href=\"http://hl7.org/fhir/R4/datatypes.html#string\">string</a></td><td style=\"vertical-align: top; text-align : left; background-color: white; border: 0px #F0F0F0 solid; padding:0px 4px 0px 4px\" class=\"hierarchy\">Administering centre</td></tr>\r\n<tr style=\"border: 0px #F0F0F0 solid; padding:0px; vertical-align: top; background-color: #F7F7F7\"><td style=\"vertical-align: top; text-align : left; background-color: #F7F7F7; border: 0px #F0F0F0 solid; padding:0px 4px 0px 4px; white-space: nowrap; background-image: url(tbl_bck110.png)\" class=\"hierarchy\"><img src=\"tbl_spacer.png\" alt=\".\" style=\"background-color: inherit\" class=\"hierarchy\"/><img src=\"tbl_vline.png\" alt=\".\" style=\"background-color: inherit\" class=\"hierarchy\"/><img src=\"tbl_vjoin.png\" alt=\".\" style=\"background-color: inherit\" class=\"hierarchy\"/><img src=\"icon_datatype.gif\" alt=\".\" style=\"background-color: #F7F7F7; background-color: inherit\" title=\"Data Type\" class=\"hierarchy\"/> <a href=\"StructureDefinition-DDCCCoreDataSetPoV-definitions.html#DDCCCoreDataSet.vaccination.signature\" title=\"REQUIRED for PAPER vaccination certificates ONLY. The health worker who provided the vaccination or the supervising clinician's hand-written signature.\">signature</a><a name=\"DDCCCoreDataSet.vaccination.signature\"> </a></td><td style=\"vertical-align: top; text-align : left; background-color: #F7F7F7; border: 0px #F0F0F0 solid; padding:0px 4px 0px 4px\" class=\"hierarchy\"/><td style=\"vertical-align: top; text-align : left; background-color: #F7F7F7; border: 0px #F0F0F0 solid; padding:0px 4px 0px 4px\" class=\"hierarchy\">0..1</td><td style=\"vertical-align: top; text-align : left; background-color: #F7F7F7; border: 0px #F0F0F0 solid; padding:0px 4px 0px 4px\" class=\"hierarchy\"><a href=\"http://hl7.org/fhir/R4/datatypes.html#Signature\">Signature</a></td><td style=\"vertical-align: top; text-align : left; background-color: #F7F7F7; border: 0px #F0F0F0 solid; padding:0px 4px 0px 4px\" class=\"hierarchy\">Signature of health worker</td></tr>\r\n<tr style=\"border: 0px #F0F0F0 solid; padding:0px; vertical-align: top; background-color: white\"><td style=\"vertical-align: top; text-align : left; background-color: white; border: 0px #F0F0F0 solid; padding:0px 4px 0px 4px; white-space: nowrap; background-image: url(tbl_bck110.png)\" class=\"hierarchy\"><img src=\"tbl_spacer.png\" alt=\".\" style=\"background-color: inherit\" class=\"hierarchy\"/><img src=\"tbl_vline.png\" alt=\".\" style=\"background-color: inherit\" class=\"hierarchy\"/><img src=\"tbl_vjoin.png\" alt=\".\" style=\"background-color: inherit\" class=\"hierarchy\"/><img src=\"icon_datatype.gif\" alt=\".\" style=\"background-color: white; background-color: inherit\" title=\"Data Type\" class=\"hierarchy\"/> <a href=\"StructureDefinition-DDCCCoreDataSetPoV-definitions.html#DDCCCoreDataSet.vaccination.practitioner\" title=\"OPTIONAL for DIGITAL and PAPER vaccination certificates. The unique identifier for the health worker as determined by the member state. There can be more than one unique identifier used. (e.g. system generated ID, health profession number, cryptographic signature, or any other form of health worker unique identifier). This can be used in lieu of a paper-based signature.\">practitioner</a><a name=\"DDCCCoreDataSet.vaccination.practitioner\"> </a></td><td style=\"vertical-align: top; text-align : left; background-color: white; border: 0px #F0F0F0 solid; padding:0px 4px 0px 4px\" class=\"hierarchy\"/><td style=\"vertical-align: top; text-align : left; background-color: white; border: 0px #F0F0F0 solid; padding:0px 4px 0px 4px\" class=\"hierarchy\">0..1</td><td style=\"vertical-align: top; text-align : left; background-color: white; border: 0px #F0F0F0 solid; padding:0px 4px 0px 4px\" class=\"hierarchy\"><a href=\"http://hl7.org/fhir/R4/datatypes.html#Identifier\">Identifier</a></td><td style=\"vertical-align: top; text-align : left; background-color: white; border: 0px #F0F0F0 solid; padding:0px 4px 0px 4px\" class=\"hierarchy\">Health worker identifier</td></tr>\r\n<tr style=\"border: 0px #F0F0F0 solid; padding:0px; vertical-align: top; background-color: #F7F7F7\"><td style=\"vertical-align: top; text-align : left; background-color: #F7F7F7; border: 0px #F0F0F0 solid; padding:0px 4px 0px 4px; white-space: nowrap; background-image: url(tbl_bck110.png)\" class=\"hierarchy\"><img src=\"tbl_spacer.png\" alt=\".\" style=\"background-color: inherit\" class=\"hierarchy\"/><img src=\"tbl_vline.png\" alt=\".\" style=\"background-color: inherit\" class=\"hierarchy\"/><img src=\"tbl_vjoin.png\" alt=\".\" style=\"background-color: inherit\" class=\"hierarchy\"/><img src=\"icon_datatype.gif\" alt=\".\" style=\"background-color: #F7F7F7; background-color: inherit\" title=\"Data Type\" class=\"hierarchy\"/> <a href=\"StructureDefinition-DDCCCoreDataSetPoV-definitions.html#DDCCCoreDataSet.vaccination.disease\" title=\"Name of disease vaccinated against (such as COVID-19).\">disease</a><a name=\"DDCCCoreDataSet.vaccination.disease\"> </a></td><td style=\"vertical-align: top; text-align : left; background-color: #F7F7F7; border: 0px #F0F0F0 solid; padding:0px 4px 0px 4px\" class=\"hierarchy\"/><td style=\"vertical-align: top; text-align : left; background-color: #F7F7F7; border: 0px #F0F0F0 solid; padding:0px 4px 0px 4px\" class=\"hierarchy\">0..1</td><td style=\"vertical-align: top; text-align : left; background-color: #F7F7F7; border: 0px #F0F0F0 solid; padding:0px 4px 0px 4px\" class=\"hierarchy\"><a href=\"http://hl7.org/fhir/R4/datatypes.html#Coding\">Coding</a></td><td style=\"vertical-align: top; text-align : left; background-color: #F7F7F7; border: 0px #F0F0F0 solid; padding:0px 4px 0px 4px\" class=\"hierarchy\">Disease or agent targeted<br/><span style=\"font-weight:bold\">Binding: </span><a href=\"ValueSet-who-ddcc-disease-targeted-covid-19.html\">WHO Disease or Agent Targeted (COVID-19)</a> (<a href=\"http://hl7.org/fhir/R4/terminologies.html#preferred\" title=\"Instances are encouraged to draw from the specified codes for interoperability purposes but are not required to do so to be considered conformant.\">preferred</a>)</td></tr>\r\n<tr style=\"border: 0px #F0F0F0 solid; padding:0px; vertical-align: top; background-color: white\"><td style=\"vertical-align: top; text-align : left; background-color: white; border: 0px #F0F0F0 solid; padding:0px 4px 0px 4px; white-space: nowrap; background-image: url(tbl_bck110.png)\" class=\"hierarchy\"><img src=\"tbl_spacer.png\" alt=\".\" style=\"background-color: inherit\" class=\"hierarchy\"/><img src=\"tbl_vline.png\" alt=\".\" style=\"background-color: inherit\" class=\"hierarchy\"/><img src=\"tbl_vjoin.png\" alt=\".\" style=\"background-color: inherit\" class=\"hierarchy\"/><img src=\"icon_primitive.png\" alt=\".\" style=\"background-color: white; background-color: inherit\" title=\"Primitive Data Type\" class=\"hierarchy\"/> <a href=\"StructureDefinition-DDCCCoreDataSetPoV-definitions.html#DDCCCoreDataSet.vaccination.nextDose\" title=\"Date on which the next vaccination should be administered, if a next dose is REQUIRED.\">nextDose</a><a name=\"DDCCCoreDataSet.vaccination.nextDose\"> </a></td><td style=\"vertical-align: top; text-align : left; background-color: white; border: 0px #F0F0F0 solid; padding:0px 4px 0px 4px\" class=\"hierarchy\"/><td style=\"vertical-align: top; text-align : left; background-color: white; border: 0px #F0F0F0 solid; padding:0px 4px 0px 4px\" class=\"hierarchy\">0..1</td><td style=\"vertical-align: top; text-align : left; background-color: white; border: 0px #F0F0F0 solid; padding:0px 4px 0px 4px\" class=\"hierarchy\"><a href=\"http://hl7.org/fhir/R4/datatypes.html#date\">date</a></td><td style=\"vertical-align: top; text-align : left; background-color: white; border: 0px #F0F0F0 solid; padding:0px 4px 0px 4px\" class=\"hierarchy\">Due date of next dose</td></tr>\r\n<tr style=\"border: 0px #F0F0F0 solid; padding:0px; vertical-align: top; background-color: #F7F7F7\"><td style=\"vertical-align: top; text-align : left; background-color: #F7F7F7; border: 0px #F0F0F0 solid; padding:0px 4px 0px 4px; white-space: nowrap; background-image: url(tbl_bck101.png)\" class=\"hierarchy\"><img src=\"tbl_spacer.png\" alt=\".\" style=\"background-color: inherit\" class=\"hierarchy\"/><img src=\"tbl_vline.png\" alt=\".\" style=\"background-color: inherit\" class=\"hierarchy\"/><img src=\"tbl_vjoin_end.png\" alt=\".\" style=\"background-color: inherit\" class=\"hierarchy\"/><img src=\"icon_datatype.gif\" alt=\".\" style=\"background-color: #F7F7F7; background-color: inherit\" title=\"Data Type\" class=\"hierarchy\"/> <a href=\"StructureDefinition-DDCCCoreDataSetPoV-definitions.html#DDCCCoreDataSet.vaccination.period\">period</a><a name=\"DDCCCoreDataSet.vaccination.period\"> </a></td><td style=\"vertical-align: top; text-align : left; background-color: #F7F7F7; border: 0px #F0F0F0 solid; padding:0px 4px 0px 4px\" class=\"hierarchy\"/><td style=\"vertical-align: top; text-align : left; background-color: #F7F7F7; border: 0px #F0F0F0 solid; padding:0px 4px 0px 4px\" class=\"hierarchy\">0..1</td><td style=\"vertical-align: top; text-align : left; background-color: #F7F7F7; border: 0px #F0F0F0 solid; padding:0px 4px 0px 4px\" class=\"hierarchy\"><a href=\"http://hl7.org/fhir/R4/datatypes.html#Period\">Period</a></td><td style=\"vertical-align: top; text-align : left; background-color: #F7F7F7; border: 0px #F0F0F0 solid; padding:0px 4px 0px 4px\" class=\"hierarchy\">Certificate Validity Period</td></tr>\r\n<tr style=\"border: 0px #F0F0F0 solid; padding:0px; vertical-align: top; background-color: white\"><td style=\"vertical-align: top; text-align : left; background-color: white; border: 0px #F0F0F0 solid; padding:0px 4px 0px 4px; white-space: nowrap; background-image: url(tbl_bck1010.png)\" class=\"hierarchy\"><img src=\"tbl_spacer.png\" alt=\".\" style=\"background-color: inherit\" class=\"hierarchy\"/><img src=\"tbl_vline.png\" alt=\".\" style=\"background-color: inherit\" class=\"hierarchy\"/><img src=\"tbl_blank.png\" alt=\".\" style=\"background-color: inherit\" class=\"hierarchy\"/><img src=\"tbl_vjoin.png\" alt=\".\" style=\"background-color: inherit\" class=\"hierarchy\"/><img src=\"icon_primitive.png\" alt=\".\" style=\"background-color: white; background-color: inherit\" title=\"Primitive Data Type\" class=\"hierarchy\"/> <a href=\"StructureDefinition-DDCCCoreDataSetPoV-definitions.html#DDCCCoreDataSet.vaccination.period.start\">start</a><a name=\"DDCCCoreDataSet.vaccination.period.start\"> </a></td><td style=\"vertical-align: top; text-align : left; background-color: white; border: 0px #F0F0F0 solid; padding:0px 4px 0px 4px\" class=\"hierarchy\"/><td style=\"vertical-align: top; text-align : left; background-color: white; border: 0px #F0F0F0 solid; padding:0px 4px 0px 4px\" class=\"hierarchy\">0..1</td><td style=\"vertical-align: top; text-align : left; background-color: white; border: 0px #F0F0F0 solid; padding:0px 4px 0px 4px\" class=\"hierarchy\"><a href=\"http://hl7.org/fhir/R4/datatypes.html#date\">date</a></td><td style=\"vertical-align: top; text-align : left; background-color: white; border: 0px #F0F0F0 solid; padding:0px 4px 0px 4px\" class=\"hierarchy\">Certificate valid from</td></tr>\r\n<tr style=\"border: 0px #F0F0F0 solid; padding:0px; vertical-align: top; background-color: #F7F7F7\"><td style=\"vertical-align: top; text-align : left; background-color: #F7F7F7; border: 0px #F0F0F0 solid; padding:0px 4px 0px 4px; white-space: nowrap; background-image: url(tbl_bck1000.png)\" class=\"hierarchy\"><img src=\"tbl_spacer.png\" alt=\".\" style=\"background-color: inherit\" class=\"hierarchy\"/><img src=\"tbl_vline.png\" alt=\".\" style=\"background-color: inherit\" class=\"hierarchy\"/><img src=\"tbl_blank.png\" alt=\".\" style=\"background-color: inherit\" class=\"hierarchy\"/><img src=\"tbl_vjoin_end.png\" alt=\".\" style=\"background-color: inherit\" class=\"hierarchy\"/><img src=\"icon_primitive.png\" alt=\".\" style=\"background-color: #F7F7F7; background-color: inherit\" title=\"Primitive Data Type\" class=\"hierarchy\"/> <a href=\"StructureDefinition-DDCCCoreDataSetPoV-definitions.html#DDCCCoreDataSet.vaccination.period.end\">end</a><a name=\"DDCCCoreDataSet.vaccination.period.end\"> </a></td><td style=\"vertical-align: top; text-align : left; background-color: #F7F7F7; border: 0px #F0F0F0 solid; padding:0px 4px 0px 4px\" class=\"hierarchy\"/><td style=\"vertical-align: top; text-align : left; background-color: #F7F7F7; border: 0px #F0F0F0 solid; padding:0px 4px 0px 4px\" class=\"hierarchy\">0..1</td><td style=\"vertical-align: top; text-align : left; background-color: #F7F7F7; border: 0px #F0F0F0 solid; padding:0px 4px 0px 4px\" class=\"hierarchy\"><a href=\"http://hl7.org/fhir/R4/datatypes.html#date\">date</a></td><td style=\"vertical-align: top; text-align : left; background-color: #F7F7F7; border: 0px #F0F0F0 solid; padding:0px 4px 0px 4px\" class=\"hierarchy\">Certificate valid until</td></tr>\r\n<tr style=\"border: 0px #F0F0F0 solid; padding:0px; vertical-align: top; background-color: white\"><td style=\"vertical-align: top; text-align : left; background-color: white; border: 0px #F0F0F0 solid; padding:0px 4px 0px 4px; white-space: nowrap; background-image: url(tbl_bck01.png)\" class=\"hierarchy\"><img src=\"tbl_spacer.png\" alt=\".\" style=\"background-color: inherit\" class=\"hierarchy\"/><img src=\"tbl_vjoin_end.png\" alt=\".\" style=\"background-color: inherit\" class=\"hierarchy\"/><img src=\"icon_datatype.gif\" alt=\".\" style=\"background-color: white; background-color: inherit\" title=\"Data Type\" class=\"hierarchy\"/> <a href=\"StructureDefinition-DDCCCoreDataSetPoV-definitions.html#DDCCCoreDataSet.certificate\" title=\"Metadata associated with the certificate.\">certificate</a><a name=\"DDCCCoreDataSet.certificate\"> </a></td><td style=\"vertical-align: top; text-align : left; background-color: white; border: 0px #F0F0F0 solid; padding:0px 4px 0px 4px\" class=\"hierarchy\"/><td style=\"vertical-align: top; text-align : left; background-color: white; border: 0px #F0F0F0 solid; padding:0px 4px 0px 4px\" class=\"hierarchy\">0..1</td><td style=\"vertical-align: top; text-align : left; background-color: white; border: 0px #F0F0F0 solid; padding:0px 4px 0px 4px\" class=\"hierarchy\"><a href=\"http://hl7.org/fhir/R4/datatypes.html#BackboneElement\">BackboneElement</a></td><td style=\"vertical-align: top; text-align : left; background-color: white; border: 0px #F0F0F0 solid; padding:0px 4px 0px 4px\" class=\"hierarchy\">Certificate Metadata</td></tr>\r\n<tr style=\"border: 0px #F0F0F0 solid; padding:0px; vertical-align: top; background-color: #F7F7F7\"><td style=\"vertical-align: top; text-align : left; background-color: #F7F7F7; border: 0px #F0F0F0 solid; padding:0px 4px 0px 4px; white-space: nowrap; background-image: url(tbl_bck010.png)\" class=\"hierarchy\"><img src=\"tbl_spacer.png\" alt=\".\" style=\"background-color: inherit\" class=\"hierarchy\"/><img src=\"tbl_blank.png\" alt=\".\" style=\"background-color: inherit\" class=\"hierarchy\"/><img src=\"tbl_vjoin.png\" alt=\".\" style=\"background-color: inherit\" class=\"hierarchy\"/><img src=\"icon_reference.png\" alt=\".\" style=\"background-color: #F7F7F7; background-color: inherit\" title=\"Reference to another Resource\" class=\"hierarchy\"/> <a href=\"StructureDefinition-DDCCCoreDataSetPoV-definitions.html#DDCCCoreDataSet.certificate.issuer\">issuer</a><a name=\"DDCCCoreDataSet.certificate.issuer\"> </a></td><td style=\"vertical-align: top; text-align : left; background-color: #F7F7F7; border: 0px #F0F0F0 solid; padding:0px 4px 0px 4px\" class=\"hierarchy\"/><td style=\"vertical-align: top; text-align : left; background-color: #F7F7F7; border: 0px #F0F0F0 solid; padding:0px 4px 0px 4px\" class=\"hierarchy\">1..1</td><td style=\"vertical-align: top; text-align : left; background-color: #F7F7F7; border: 0px #F0F0F0 solid; padding:0px 4px 0px 4px\" class=\"hierarchy\"><a href=\"http://hl7.org/fhir/R4/references.html\">Reference</a>(https://worldhealthorganization.github.io/ddcc/StructureDefinition/shc-organization)</td><td style=\"vertical-align: top; text-align : left; background-color: #F7F7F7; border: 0px #F0F0F0 solid; padding:0px 4px 0px 4px\" class=\"hierarchy\">Certificate issuer</td></tr>\r\n<tr style=\"border: 0px #F0F0F0 solid; padding:0px; vertical-align: top; background-color: white\"><td style=\"vertical-align: top; text-align : left; background-color: white; border: 0px #F0F0F0 solid; padding:0px 4px 0px 4px; white-space: nowrap; background-image: url(tbl_bck010.png)\" class=\"hierarchy\"><img src=\"tbl_spacer.png\" alt=\".\" style=\"background-color: inherit\" class=\"hierarchy\"/><img src=\"tbl_blank.png\" alt=\".\" style=\"background-color: inherit\" class=\"hierarchy\"/><img src=\"tbl_vjoin.png\" alt=\".\" style=\"background-color: inherit\" class=\"hierarchy\"/><img src=\"icon_datatype.gif\" alt=\".\" style=\"background-color: white; background-color: inherit\" title=\"Data Type\" class=\"hierarchy\"/> <a href=\"StructureDefinition-DDCCCoreDataSetPoV-definitions.html#DDCCCoreDataSet.certificate.hcid\">hcid</a><a name=\"DDCCCoreDataSet.certificate.hcid\"> </a></td><td style=\"vertical-align: top; text-align : left; background-color: white; border: 0px #F0F0F0 solid; padding:0px 4px 0px 4px\" class=\"hierarchy\"/><td style=\"vertical-align: top; text-align : left; background-color: white; border: 0px #F0F0F0 solid; padding:0px 4px 0px 4px\" class=\"hierarchy\">1..1</td><td style=\"vertical-align: top; text-align : left; background-color: white; border: 0px #F0F0F0 solid; padding:0px 4px 0px 4px\" class=\"hierarchy\"><a href=\"http://hl7.org/fhir/R4/datatypes.html#Identifier\">Identifier</a></td><td style=\"vertical-align: top; text-align : left; background-color: white; border: 0px #F0F0F0 solid; padding:0px 4px 0px 4px\" class=\"hierarchy\">Health certificate identifier (HCID)</td></tr>\r\n<tr style=\"border: 0px #F0F0F0 solid; padding:0px; vertical-align: top; background-color: #F7F7F7\"><td style=\"vertical-align: top; text-align : left; background-color: #F7F7F7; border: 0px #F0F0F0 solid; padding:0px 4px 0px 4px; white-space: nowrap; background-image: url(tbl_bck000.png)\" class=\"hierarchy\"><img src=\"tbl_spacer.png\" alt=\".\" style=\"background-color: inherit\" class=\"hierarchy\"/><img src=\"tbl_blank.png\" alt=\".\" style=\"background-color: inherit\" class=\"hierarchy\"/><img src=\"tbl_vjoin_end.png\" alt=\".\" style=\"background-color: inherit\" class=\"hierarchy\"/><img src=\"icon_primitive.png\" alt=\".\" style=\"background-color: #F7F7F7; background-color: inherit\" title=\"Primitive Data Type\" class=\"hierarchy\"/> <a href=\"StructureDefinition-DDCCCoreDataSetPoV-definitions.html#DDCCCoreDataSet.certificate.version\">version</a><a name=\"DDCCCoreDataSet.certificate.version\"> </a></td><td style=\"vertical-align: top; text-align : left; background-color: #F7F7F7; border: 0px #F0F0F0 solid; padding:0px 4px 0px 4px\" class=\"hierarchy\"/><td style=\"vertical-align: top; text-align : left; background-color: #F7F7F7; border: 0px #F0F0F0 solid; padding:0px 4px 0px 4px\" class=\"hierarchy\">1..1</td><td style=\"vertical-align: top; text-align : left; background-color: #F7F7F7; border: 0px #F0F0F0 solid; padding:0px 4px 0px 4px\" class=\"hierarchy\"><a href=\"http://hl7.org/fhir/R4/datatypes.html#string\">string</a></td><td style=\"vertical-align: top; text-align : left; background-color: #F7F7F7; border: 0px #F0F0F0 solid; padding:0px 4px 0px 4px\" class=\"hierarchy\">Certificate schema version</td></tr>\r\n<tr><td colspan=\"5\" class=\"hierarchy\"><br/><a href=\"http://hl7.org/fhir/R4/formats.html#table\" title=\"Legend for this format\"><img src=\"http://hl7.org/fhir/R4/help16.png\" alt=\"doco\" style=\"background-color: inherit\"/> Documentation for this format</a></td></tr></table></div>"
  },
  "url": "http://worldhealthorganization.github.io/ddcc/DDCCCoreDataSetPoV",
  "version": "0.2.1",
  "name": "DDCCCoreDataSetPoV",
  "status": "draft",
  "date": "2021-07-31T04:24:29+00:00",
  "publisher": "World Health Organization (WHO)",
  "contact": [
    {
      "telecom": [
        {
          "system": "url",
          "value": "https://www.who.int"
        }
      ]
    }
  ],
  "description": "DDCC Core Data - Proof of Vaccination elements.",
  "fhirVersion": "4.0.1",
  "mapping": [
    {
      "identity": "rim",
      "uri": "http://hl7.org/v3",
      "name": "RIM Mapping"
    }
  ],
  "kind": "logical",
  "abstract": false,
  "type": "DDCCCoreDataSet",
  "baseDefinition": "http://hl7.org/fhir/StructureDefinition/Element",
  "derivation": "specialization",
  "snapshot": {
    "element": [
      {
        "id": "DDCCCoreDataSet",
        "path": "DDCCCoreDataSet",
        "short": "Base for all elements",
        "definition": "DDCC Core Data Set",
        "min": 0,
        "max": "*",
        "base": {
          "path": "Element",
          "min": 0,
          "max": "*"
        },
        "condition": [
          "ele-1"
        ],
        "constraint": [
          {
            "key": "ele-1",
            "severity": "error",
            "human": "All FHIR elements must have a @value or children",
            "expression": "hasValue() or (children().count() > id.count())",
            "xpath": "@value|f:*|h:div",
            "source": "http://hl7.org/fhir/StructureDefinition/Element"
          }
        ],
        "isModifier": false,
        "mapping": [
          {
            "identity": "rim",
            "map": "n/a"
          }
        ]
      },
      {
        "id": "DDCCCoreDataSet.id",
        "path": "DDCCCoreDataSet.id",
        "representation": [
          "xmlAttr"
        ],
        "short": "Unique id for inter-element referencing",
        "definition": "Unique id for the element within a resource (for internal references). This may be any string value that does not contain spaces.",
        "min": 0,
        "max": "1",
        "base": {
          "path": "Element.id",
          "min": 0,
          "max": "1"
        },
        "type": [
          {
            "extension": [
              {
                "url": "http://hl7.org/fhir/StructureDefinition/structuredefinition-fhir-type",
                "valueUrl": "string"
              }
            ],
            "code": "http://hl7.org/fhirpath/System.String"
          }
        ],
        "isModifier": false,
        "isSummary": false,
        "mapping": [
          {
            "identity": "rim",
            "map": "n/a"
          }
        ]
      },
      {
        "id": "DDCCCoreDataSet.extension",
        "path": "DDCCCoreDataSet.extension",
        "slicing": {
          "discriminator": [
            {
              "type": "value",
              "path": "url"
            }
          ],
          "description": "Extensions are always sliced by (at least) url",
          "rules": "open"
        },
        "short": "Additional content defined by implementations",
        "definition": "May be used to represent additional information that is not part of the basic definition of the element. To make the use of extensions safe and manageable, there is a strict set of governance  applied to the definition and use of extensions. Though any implementer can define an extension, there is a set of requirements that SHALL be met as part of the definition of the extension.",
        "comment": "There can be no stigma associated with the use of extensions by any application, project, or standard - regardless of the institution or jurisdiction that uses or defines the extensions.  The use of extensions is what allows the FHIR specification to retain a core level of simplicity for everyone.",
        "alias": [
          "extensions",
          "user content"
        ],
        "min": 0,
        "max": "*",
        "base": {
          "path": "Element.extension",
          "min": 0,
          "max": "*"
        },
        "type": [
          {
            "code": "Extension"
          }
        ],
        "constraint": [
          {
            "key": "ele-1",
            "severity": "error",
            "human": "All FHIR elements must have a @value or children",
            "expression": "hasValue() or (children().count() > id.count())",
            "xpath": "@value|f:*|h:div",
            "source": "http://hl7.org/fhir/StructureDefinition/Element"
          },
          {
            "key": "ext-1",
            "severity": "error",
            "human": "Must have either extensions or value[x], not both",
            "expression": "extension.exists() != value.exists()",
            "xpath": "exists(f:extension)!=exists(f:*[starts-with(local-name(.), \"value\")])",
            "source": "http://hl7.org/fhir/StructureDefinition/Extension"
          }
        ],
        "isModifier": false,
        "isSummary": false,
        "mapping": [
          {
            "identity": "rim",
            "map": "n/a"
          }
        ]
      },
      {
        "id": "DDCCCoreDataSet.name",
        "path": "DDCCCoreDataSet.name",
        "short": "Name",
        "definition": "The full name of the vaccinated person",
        "min": 1,
        "max": "1",
        "base": {
          "path": "DDCCCoreDataSet.name",
          "min": 1,
          "max": "1"
        },
        "type": [
          {
            "code": "string"
          }
        ]
      },
      {
        "id": "DDCCCoreDataSet.birthDate",
        "path": "DDCCCoreDataSet.birthDate",
        "short": "Date of birth",
        "definition": "The vaccinated person's date of birth (DOB) if known. If unknown, use given DOB for administrative purposes.",
        "min": 0,
        "max": "1",
        "base": {
          "path": "DDCCCoreDataSet.birthDate",
          "min": 0,
          "max": "1"
        },
        "type": [
          {
            "code": "date"
          }
        ]
      },
      {
        "id": "DDCCCoreDataSet.identifier",
        "path": "DDCCCoreDataSet.identifier",
        "short": "Unique identifier",
        "definition": "Unique identifier for the vaccinated person, according to the policies applicable to each country. There can be more than one unique identifier used to link records. (e.g. national ID, health ID, immunization information system ID, medical record ID).",
        "min": 0,
        "max": "1",
        "base": {
          "path": "DDCCCoreDataSet.identifier",
          "min": 0,
          "max": "1"
        },
        "type": [
          {
            "code": "Identifier"
          }
        ]
      },
      {
        "id": "DDCCCoreDataSet.sex",
        "path": "DDCCCoreDataSet.sex",
        "short": "Sex",
        "definition": "Documentation of a specific instance of sex information for the vaccinated person.",
        "min": 0,
        "max": "1",
        "base": {
          "path": "DDCCCoreDataSet.sex",
          "min": 0,
          "max": "1"
        },
        "type": [
          {
            "code": "Coding"
          }
        ],
        "binding": {
          "strength": "required",
          "valueSet": "http://hl7.org/fhir/ValueSet/administrative-gender"
        }
      },
      {
        "id": "DDCCCoreDataSet.vaccination",
        "path": "DDCCCoreDataSet.vaccination",
        "short": "Vaccination Event",
        "definition": "A vaccination event",
        "min": 0,
        "max": "*",
        "base": {
          "path": "DDCCCoreDataSet.vaccination",
          "min": 0,
          "max": "*"
        },
        "type": [
          {
            "code": "BackboneElement"
          }
        ],
        "constraint": [
          {
            "key": "who-ddcc-data-1",
            "severity": "error",
            "human": "Manufacturer or Market Authorization Holder SHALL be present",
            "expression": "manufacturer.exists() or maholder.exists()"
          }
        ]
      },
      {
        "id": "DDCCCoreDataSet.vaccination.vaccine",
        "path": "DDCCCoreDataSet.vaccination.vaccine",
        "short": "Vaccine or prophylaxis",
        "definition": "Generic description of the vaccine or vaccine sub-type. e.g. COVID-19 mRNA vaccine, HPV vaccine.",
        "min": 1,
        "max": "1",
        "base": {
          "path": "DDCCCoreDataSet.vaccination.vaccine",
          "min": 1,
          "max": "1"
        },
        "type": [
          {
            "code": "Coding"
          }
        ],
        "binding": {
          "strength": "preferred",
          "valueSet": "https://worldhealthorganization.github.io/ddcc/ValueSet/who-ddcc-vaccines-covid-19"
        }
      },
      {
        "id": "DDCCCoreDataSet.vaccination.brand",
        "path": "DDCCCoreDataSet.vaccination.brand",
        "short": "Vaccine brand",
        "definition": "The brand or trade name used to refer to the vaccine received.",
        "min": 1,
        "max": "1",
        "base": {
          "path": "DDCCCoreDataSet.vaccination.brand",
          "min": 1,
          "max": "1"
        },
        "type": [
          {
            "code": "Coding"
          }
        ]
      },
      {
        "id": "DDCCCoreDataSet.vaccination.manufacturer",
        "path": "DDCCCoreDataSet.vaccination.manufacturer",
        "short": "Vaccine manufacturer",
        "definition": "Name of the manufacturer of the vaccine received. e.g. Serum institute of India, AstraZeneca. If vaccine manufacturer is unknown, market authorization holder is REQUIRED.",
        "min": 0,
        "max": "1",
        "base": {
          "path": "DDCCCoreDataSet.vaccination.manufacturer",
          "min": 0,
          "max": "1"
        },
        "type": [
          {
            "code": "Coding"
          }
        ]
      },
      {
        "id": "DDCCCoreDataSet.vaccination.maholder",
        "path": "DDCCCoreDataSet.vaccination.maholder",
        "short": "Vaccine market authorization holder",
        "definition": "Name of the market authorization holder of the vaccine received. If market authorization holder is unknown, vaccine manufacturer is REQUIRED.",
        "min": 0,
        "max": "1",
        "base": {
          "path": "DDCCCoreDataSet.vaccination.maholder",
          "min": 0,
          "max": "1"
        },
        "type": [
          {
            "code": "Coding"
          }
        ]
      },
      {
        "id": "DDCCCoreDataSet.vaccination.lot",
        "path": "DDCCCoreDataSet.vaccination.lot",
        "short": "Vaccine lot number",
        "definition": "Lot number or batch number of vaccination.",
        "min": 1,
        "max": "1",
        "base": {
          "path": "DDCCCoreDataSet.vaccination.lot",
          "min": 1,
          "max": "1"
        },
        "type": [
          {
            "code": "string"
          }
        ]
      },
      {
        "id": "DDCCCoreDataSet.vaccination.date",
        "path": "DDCCCoreDataSet.vaccination.date",
        "short": "Date of vaccination",
        "definition": "Date in which the vaccine was provided.",
        "min": 1,
        "max": "1",
        "base": {
          "path": "DDCCCoreDataSet.vaccination.date",
          "min": 1,
          "max": "1"
        },
        "type": [
          {
            "code": "date"
          }
        ]
      },
      {
        "id": "DDCCCoreDataSet.vaccination.valid-from",
        "path": "DDCCCoreDataSet.vaccination.valid_from",
        "short": "Vaccination valid from",
        "definition": "Date upon which provided vaccination is considered valid.",
        "min": 0,
        "max": "1",
        "base": {
          "path": "DDCCCoreDataSet.vaccination.valid_from",
          "min": 0,
          "max": "1"
        },
        "type": [
          {
            "code": "date"
          }
        ]
      },
      {
        "id": "DDCCCoreDataSet.vaccination.dose",
        "path": "DDCCCoreDataSet.vaccination.dose",
        "short": "Dose number",
        "definition": "Vaccine dose number.",
        "min": 1,
        "max": "1",
        "base": {
          "path": "DDCCCoreDataSet.vaccination.dose",
          "min": 1,
          "max": "1"
        },
        "type": [
          {
            "code": "positiveInt"
          }
        ]
      },
      {
        "id": "DDCCCoreDataSet.vaccination.totalDoses",
        "path": "DDCCCoreDataSet.vaccination.totalDoses",
        "short": "Total doses",
        "definition": "Total expected doses as defined by Member State care plan and immunization programme policies.",
        "min": 0,
        "max": "1",
        "base": {
          "path": "DDCCCoreDataSet.vaccination.totalDoses",
          "min": 0,
          "max": "1"
        },
        "type": [
          {
            "code": "positiveInt"
          }
        ]
      },
      {
        "id": "DDCCCoreDataSet.vaccination.country",
        "path": "DDCCCoreDataSet.vaccination.country",
        "short": "Country of vaccination",
        "definition": "The country in which the individual has been vaccinated.",
        "min": 1,
        "max": "1",
        "base": {
          "path": "DDCCCoreDataSet.vaccination.country",
          "min": 1,
          "max": "1"
        },
        "type": [
          {
            "code": "Coding"
          }
        ],
        "binding": {
          "strength": "preferred",
          "valueSet": "http://hl7.org/fhir/ValueSet/iso3166-1-3"
        }
      },
      {
        "id": "DDCCCoreDataSet.vaccination.centre",
        "path": "DDCCCoreDataSet.vaccination.centre",
        "short": "Administering centre",
        "definition": "The name or identifier of the vaccination facility responsible for providing the vaccination.",
        "min": 0,
        "max": "1",
        "base": {
          "path": "DDCCCoreDataSet.vaccination.centre",
          "min": 0,
          "max": "1"
        },
        "type": [
          {
            "code": "string"
          }
        ]
      },
      {
        "id": "DDCCCoreDataSet.vaccination.signature",
        "path": "DDCCCoreDataSet.vaccination.signature",
        "short": "Signature of health worker",
        "definition": "REQUIRED for PAPER vaccination certificates ONLY. The health worker who provided the vaccination or the supervising clinician's hand-written signature.",
        "min": 0,
        "max": "1",
        "base": {
          "path": "DDCCCoreDataSet.vaccination.signature",
          "min": 0,
          "max": "1"
        },
        "type": [
          {
            "code": "Signature"
          }
        ]
      },
      {
        "id": "DDCCCoreDataSet.vaccination.practitioner",
        "path": "DDCCCoreDataSet.vaccination.practitioner",
        "short": "Health worker identifier",
        "definition": "OPTIONAL for DIGITAL and PAPER vaccination certificates. The unique identifier for the health worker as determined by the member state. There can be more than one unique identifier used. (e.g. system generated ID, health profession number, cryptographic signature, or any other form of health worker unique identifier). This can be used in lieu of a paper-based signature.",
        "min": 0,
        "max": "1",
        "base": {
          "path": "DDCCCoreDataSet.vaccination.practitioner",
          "min": 0,
          "max": "1"
        },
        "type": [
          {
            "code": "Identifier"
          }
        ]
      },
      {
        "id": "DDCCCoreDataSet.vaccination.disease",
        "path": "DDCCCoreDataSet.vaccination.disease",
        "short": "Disease or agent targeted",
        "definition": "Name of disease vaccinated against (such as COVID-19).",
        "min": 0,
        "max": "1",
        "base": {
          "path": "DDCCCoreDataSet.vaccination.disease",
          "min": 0,
          "max": "1"
        },
        "type": [
          {
            "code": "Coding"
          }
        ],
        "binding": {
          "strength": "preferred",
          "valueSet": "https://worldhealthorganization.github.io/ddcc/ValueSet/who-ddcc-disease-targeted-covid-19"
        }
      },
      {
        "id": "DDCCCoreDataSet.vaccination.nextDose",
        "path": "DDCCCoreDataSet.vaccination.nextDose",
        "short": "Due date of next dose",
        "definition": "Date on which the next vaccination should be administered, if a next dose is REQUIRED.",
        "min": 0,
        "max": "1",
        "base": {
          "path": "DDCCCoreDataSet.vaccination.nextDose",
          "min": 0,
          "max": "1"
        },
        "type": [
          {
            "code": "date"
          }
        ]
      },
      {
        "id": "DDCCCoreDataSet.vaccination.period",
        "path": "DDCCCoreDataSet.vaccination.period",
        "short": "Certificate Validity Period",
        "min": 0,
        "max": "1",
        "base": {
          "path": "DDCCCoreDataSet.vaccination.period",
          "min": 0,
          "max": "1"
        },
        "type": [
          {
            "code": "Period"
          }
        ]
      },
      {
        "id": "DDCCCoreDataSet.vaccination.period.start",
        "path": "DDCCCoreDataSet.vaccination.period.start",
        "short": "Certificate valid from",
        "min": 0,
        "max": "1",
        "base": {
          "path": "DDCCCoreDataSet.vaccination.period.start",
          "min": 0,
          "max": "1"
        },
        "type": [
          {
            "code": "date"
          }
        ]
      },
      {
        "id": "DDCCCoreDataSet.vaccination.period.end",
        "path": "DDCCCoreDataSet.vaccination.period.end",
        "short": "Certificate valid until",
        "min": 0,
        "max": "1",
        "base": {
          "path": "DDCCCoreDataSet.vaccination.period.end",
          "min": 0,
          "max": "1"
        },
        "type": [
          {
            "code": "date"
          }
        ]
      },
      {
        "id": "DDCCCoreDataSet.certificate",
        "path": "DDCCCoreDataSet.certificate",
        "short": "Certificate Metadata",
        "definition": "Metadata associated with the certificate.",
        "min": 0,
        "max": "1",
        "base": {
          "path": "DDCCCoreDataSet.certificate",
          "min": 0,
          "max": "1"
        },
        "type": [
          {
            "code": "BackboneElement"
          }
        ]
      },
      {
        "id": "DDCCCoreDataSet.certificate.issuer",
        "path": "DDCCCoreDataSet.certificate.issuer",
        "short": "Certificate issuer",
        "min": 1,
        "max": "1",
        "base": {
          "path": "DDCCCoreDataSet.certificate.issuer",
          "min": 1,
          "max": "1"
        },
        "type": [
          {
            "code": "Reference",
            "targetProfile": [
              "https://worldhealthorganization.github.io/ddcc/StructureDefinition/shc-organization"
            ]
          }
        ]
      },
      {
        "id": "DDCCCoreDataSet.certificate.hcid",
        "path": "DDCCCoreDataSet.certificate.hcid",
        "short": "Health certificate identifier (HCID)",
        "min": 1,
        "max": "1",
        "base": {
          "path": "DDCCCoreDataSet.certificate.hcid",
          "min": 1,
          "max": "1"
        },
        "type": [
          {
            "code": "Identifier"
          }
        ]
      },
      {
        "id": "DDCCCoreDataSet.certificate.version",
        "path": "DDCCCoreDataSet.certificate.version",
        "short": "Certificate schema version",
        "min": 1,
        "max": "1",
        "base": {
          "path": "DDCCCoreDataSet.certificate.version",
          "min": 1,
          "max": "1"
        },
        "type": [
          {
            "code": "string"
          }
        ]
      }
    ]
  },
  "differential": {
    "element": [
      {
        "id": "DDCCCoreDataSet",
        "path": "DDCCCoreDataSet",
        "definition": "DDCC Core Data Set",
        "min": 0,
        "max": "*"
      },
      {
        "id": "DDCCCoreDataSet.name",
        "path": "DDCCCoreDataSet.name",
        "short": "Name",
        "definition": "The full name of the vaccinated person",
        "min": 1,
        "max": "1",
        "type": [
          {
            "code": "string"
          }
        ]
      },
      {
        "id": "DDCCCoreDataSet.birthDate",
        "path": "DDCCCoreDataSet.birthDate",
        "short": "Date of birth",
        "definition": "The vaccinated person's date of birth (DOB) if known. If unknown, use given DOB for administrative purposes.",
        "min": 0,
        "max": "1",
        "type": [
          {
            "code": "date"
          }
        ]
      },
      {
        "id": "DDCCCoreDataSet.identifier",
        "path": "DDCCCoreDataSet.identifier",
        "short": "Unique identifier",
        "definition": "Unique identifier for the vaccinated person, according to the policies applicable to each country. There can be more than one unique identifier used to link records. (e.g. national ID, health ID, immunization information system ID, medical record ID).",
        "min": 0,
        "max": "1",
        "type": [
          {
            "code": "Identifier"
          }
        ]
      },
      {
        "id": "DDCCCoreDataSet.sex",
        "path": "DDCCCoreDataSet.sex",
        "short": "Sex",
        "definition": "Documentation of a specific instance of sex information for the vaccinated person.",
        "min": 0,
        "max": "1",
        "type": [
          {
            "code": "Coding"
          }
        ],
        "binding": {
          "strength": "required",
          "valueSet": "http://hl7.org/fhir/ValueSet/administrative-gender"
        }
      },
      {
        "id": "DDCCCoreDataSet.vaccination",
        "path": "DDCCCoreDataSet.vaccination",
        "short": "Vaccination Event",
        "definition": "A vaccination event",
        "min": 0,
        "max": "*",
        "type": [
          {
            "code": "BackboneElement"
          }
        ],
        "constraint": [
          {
            "key": "who-ddcc-data-1",
            "severity": "error",
            "human": "Manufacturer or Market Authorization Holder SHALL be present",
            "expression": "manufacturer.exists() or maholder.exists()"
          }
        ]
      },
      {
        "id": "DDCCCoreDataSet.vaccination.vaccine",
        "path": "DDCCCoreDataSet.vaccination.vaccine",
        "short": "Vaccine or prophylaxis",
        "definition": "Generic description of the vaccine or vaccine sub-type. e.g. COVID-19 mRNA vaccine, HPV vaccine.",
        "min": 1,
        "max": "1",
        "type": [
          {
            "code": "Coding"
          }
        ],
        "binding": {
          "strength": "preferred",
          "valueSet": "https://worldhealthorganization.github.io/ddcc/ValueSet/who-ddcc-vaccines-covid-19"
        }
      },
      {
        "id": "DDCCCoreDataSet.vaccination.brand",
        "path": "DDCCCoreDataSet.vaccination.brand",
        "short": "Vaccine brand",
        "definition": "The brand or trade name used to refer to the vaccine received.",
        "min": 1,
        "max": "1",
        "type": [
          {
            "code": "Coding"
          }
        ]
      },
      {
        "id": "DDCCCoreDataSet.vaccination.manufacturer",
        "path": "DDCCCoreDataSet.vaccination.manufacturer",
        "short": "Vaccine manufacturer",
        "definition": "Name of the manufacturer of the vaccine received. e.g. Serum institute of India, AstraZeneca. If vaccine manufacturer is unknown, market authorization holder is REQUIRED.",
        "min": 0,
        "max": "1",
        "type": [
          {
            "code": "Coding"
          }
        ]
      },
      {
        "id": "DDCCCoreDataSet.vaccination.maholder",
        "path": "DDCCCoreDataSet.vaccination.maholder",
        "short": "Vaccine market authorization holder",
        "definition": "Name of the market authorization holder of the vaccine received. If market authorization holder is unknown, vaccine manufacturer is REQUIRED.",
        "min": 0,
        "max": "1",
        "type": [
          {
            "code": "Coding"
          }
        ]
      },
      {
        "id": "DDCCCoreDataSet.vaccination.lot",
        "path": "DDCCCoreDataSet.vaccination.lot",
        "short": "Vaccine lot number",
        "definition": "Lot number or batch number of vaccination.",
        "min": 1,
        "max": "1",
        "type": [
          {
            "code": "string"
          }
        ]
      },
      {
        "id": "DDCCCoreDataSet.vaccination.date",
        "path": "DDCCCoreDataSet.vaccination.date",
        "short": "Date of vaccination",
        "definition": "Date in which the vaccine was provided.",
        "min": 1,
        "max": "1",
        "type": [
          {
            "code": "date"
          }
        ]
      },
      {
        "id": "DDCCCoreDataSet.vaccination.valid-from",
        "path": "DDCCCoreDataSet.vaccination.valid_from",
        "short": "Vaccination valid from",
        "definition": "Date upon which provided vaccination is considered valid.",
        "min": 0,
        "max": "1",
        "type": [
          {
            "code": "date"
          }
        ]
      },
      {
        "id": "DDCCCoreDataSet.vaccination.dose",
        "path": "DDCCCoreDataSet.vaccination.dose",
        "short": "Dose number",
        "definition": "Vaccine dose number.",
        "min": 1,
        "max": "1",
        "type": [
          {
            "code": "positiveInt"
          }
        ]
      },
      {
        "id": "DDCCCoreDataSet.vaccination.totalDoses",
        "path": "DDCCCoreDataSet.vaccination.totalDoses",
        "short": "Total doses",
        "definition": "Total expected doses as defined by Member State care plan and immunization programme policies.",
        "min": 0,
        "max": "1",
        "type": [
          {
            "code": "positiveInt"
          }
        ]
      },
      {
        "id": "DDCCCoreDataSet.vaccination.country",
        "path": "DDCCCoreDataSet.vaccination.country",
        "short": "Country of vaccination",
        "definition": "The country in which the individual has been vaccinated.",
        "min": 1,
        "max": "1",
        "type": [
          {
            "code": "Coding"
          }
        ],
        "binding": {
          "strength": "preferred",
          "valueSet": "http://hl7.org/fhir/ValueSet/iso3166-1-3"
        }
      },
      {
        "id": "DDCCCoreDataSet.vaccination.centre",
        "path": "DDCCCoreDataSet.vaccination.centre",
        "short": "Administering centre",
        "definition": "The name or identifier of the vaccination facility responsible for providing the vaccination.",
        "min": 0,
        "max": "1",
        "type": [
          {
            "code": "string"
          }
        ]
      },
      {
        "id": "DDCCCoreDataSet.vaccination.signature",
        "path": "DDCCCoreDataSet.vaccination.signature",
        "short": "Signature of health worker",
        "definition": "REQUIRED for PAPER vaccination certificates ONLY. The health worker who provided the vaccination or the supervising clinician's hand-written signature.",
        "min": 0,
        "max": "1",
        "type": [
          {
            "code": "Signature"
          }
        ]
      },
      {
        "id": "DDCCCoreDataSet.vaccination.practitioner",
        "path": "DDCCCoreDataSet.vaccination.practitioner",
        "short": "Health worker identifier",
        "definition": "OPTIONAL for DIGITAL and PAPER vaccination certificates. The unique identifier for the health worker as determined by the member state. There can be more than one unique identifier used. (e.g. system generated ID, health profession number, cryptographic signature, or any other form of health worker unique identifier). This can be used in lieu of a paper-based signature.",
        "min": 0,
        "max": "1",
        "type": [
          {
            "code": "Identifier"
          }
        ]
      },
      {
        "id": "DDCCCoreDataSet.vaccination.disease",
        "path": "DDCCCoreDataSet.vaccination.disease",
        "short": "Disease or agent targeted",
        "definition": "Name of disease vaccinated against (such as COVID-19).",
        "min": 0,
        "max": "1",
        "type": [
          {
            "code": "Coding"
          }
        ],
        "binding": {
          "strength": "preferred",
          "valueSet": "https://worldhealthorganization.github.io/ddcc/ValueSet/who-ddcc-disease-targeted-covid-19"
        }
      },
      {
        "id": "DDCCCoreDataSet.vaccination.nextDose",
        "path": "DDCCCoreDataSet.vaccination.nextDose",
        "short": "Due date of next dose",
        "definition": "Date on which the next vaccination should be administered, if a next dose is REQUIRED.",
        "min": 0,
        "max": "1",
        "type": [
          {
            "code": "date"
          }
        ]
      },
      {
        "id": "DDCCCoreDataSet.vaccination.period",
        "path": "DDCCCoreDataSet.vaccination.period",
        "short": "Certificate Validity Period",
        "min": 0,
        "max": "1",
        "type": [
          {
            "code": "Period"
          }
        ]
      },
      {
        "id": "DDCCCoreDataSet.vaccination.period.start",
        "path": "DDCCCoreDataSet.vaccination.period.start",
        "short": "Certificate valid from",
        "min": 0,
        "max": "1",
        "type": [
          {
            "code": "date"
          }
        ]
      },
      {
        "id": "DDCCCoreDataSet.vaccination.period.end",
        "path": "DDCCCoreDataSet.vaccination.period.end",
        "short": "Certificate valid until",
        "min": 0,
        "max": "1",
        "type": [
          {
            "code": "date"
          }
        ]
      },
      {
        "id": "DDCCCoreDataSet.certificate",
        "path": "DDCCCoreDataSet.certificate",
        "short": "Certificate Metadata",
        "definition": "Metadata associated with the certificate.",
        "min": 0,
        "max": "1",
        "type": [
          {
            "code": "BackboneElement"
          }
        ]
      },
      {
        "id": "DDCCCoreDataSet.certificate.issuer",
        "path": "DDCCCoreDataSet.certificate.issuer",
        "short": "Certificate issuer",
        "min": 1,
        "max": "1",
        "type": [
          {
            "code": "Reference",
            "targetProfile": [
              "https://worldhealthorganization.github.io/ddcc/StructureDefinition/shc-organization"
            ]
          }
        ]
      },
      {
        "id": "DDCCCoreDataSet.certificate.hcid",
        "path": "DDCCCoreDataSet.certificate.hcid",
        "short": "Health certificate identifier (HCID)",
        "min": 1,
        "max": "1",
        "type": [
          {
            "code": "Identifier"
          }
        ]
      },
      {
        "id": "DDCCCoreDataSet.certificate.version",
        "path": "DDCCCoreDataSet.certificate.version",
        "short": "Certificate schema version",
        "min": 1,
        "max": "1",
        "type": [
          {
            "code": "string"
          }
        ]
      }
    ]
  }
}