<?xml version="1.0" encoding="UTF-8"?>

<Bundle xmlns="http://hl7.org/fhir">
  <id value="9da30a82-6c74-4b41-8f33-e6d1de21f995"/>
  <meta>
    <lastUpdated value="2021-09-14T10:58:27.713+00:00"/>
  </meta>
  <type value="collection"/>
  <entry>
    <fullUrl value="http://worldhealthorganization.github.io/ddcc/ValueSet/DDCC-QR-Category-Usage-ValueSet"/>
    <resource>
      <ValueSet>
        <id value="DDCC-QR-Category-Usage-ValueSet"/>
        <text>
          <status value="generated"/>
          <div xmlns="http://www.w3.org/1999/xhtml">
            <p>This value set contains 4 concepts</p>
            <p style="border: black 1px dotted; background-color: #EEEEEE; padding: 8px; margin-bottom: 8px">Expansion based on 
              <a href="CodeSystem-DDCC-QR-Category-Usage-CodeSystem.html">DDCC QR Category Usage Codes v0.2.1 (CodeSystem)</a>
            </p>
            <p>All codes in this table are from the system 
              <a href="CodeSystem-DDCC-QR-Category-Usage-CodeSystem.html">
                <code>http://worldhealthorganization.github.io/ddcc/CodeSystem/DDCC-QR-Category-Usage-CodeSystem</code>
              </a>
            </p>
            <table class="codes">
              <tr>
                <td style="white-space:nowrap">
                  <b>Code</b>
                </td>
                <td>
                  <b>Display</b>
                </td>
                <td>
                  <b>Definition</b>
                </td>
              </tr>
              <tr>
                <td style="white-space:nowrap">
                  <a name="http---worldhealthorganization.github.io-ddcc-CodeSystem-DDCC-QR-Category-Usage-CodeSystem-who"> </a>
                  <a href="CodeSystem-DDCC-QR-Category-Usage-CodeSystem.html#DDCC-QR-Category-Usage-CodeSystem-who">who</a>
                </td>
                <td>WHO SVC</td>
                <td/>
              </tr>
              <tr>
                <td style="white-space:nowrap">
                  <a name="http---worldhealthorganization.github.io-ddcc-CodeSystem-DDCC-QR-Category-Usage-CodeSystem-dcc"> </a>
                  <a href="CodeSystem-DDCC-QR-Category-Usage-CodeSystem.html#DDCC-QR-Category-Usage-CodeSystem-dcc">dcc</a>
                </td>
                <td>EU DCC</td>
                <td/>
              </tr>
              <tr>
                <td style="white-space:nowrap">
                  <a name="http---worldhealthorganization.github.io-ddcc-CodeSystem-DDCC-QR-Category-Usage-CodeSystem-icao"> </a>
                  <a href="CodeSystem-DDCC-QR-Category-Usage-CodeSystem.html#DDCC-QR-Category-Usage-CodeSystem-icao">icao</a>
                </td>
                <td>ICAO</td>
                <td/>
              </tr>
              <tr>
                <td style="white-space:nowrap">
                  <a name="http---worldhealthorganization.github.io-ddcc-CodeSystem-DDCC-QR-Category-Usage-CodeSystem-au"> </a>
                  <a href="CodeSystem-DDCC-QR-Category-Usage-CodeSystem.html#DDCC-QR-Category-Usage-CodeSystem-au">au</a>
                </td>
                <td>AU</td>
                <td/>
              </tr>
            </table>
          </div>
        </text>
        <url value="http://worldhealthorganization.github.io/ddcc/ValueSet/DDCC-QR-Category-Usage-ValueSet"/>
        <version value="0.2.1"/>
        <name value="DDCC_QR_Category_Usage_ValueSet"/>
        <title value="DDCC QR Category Usage Codes"/>
        <status value="active"/>
        <date value="2021-09-14T10:58:27+00:00"/>
        <publisher value="World Health Organization (WHO)"/>
        <contact>
          <telecom>
            <system value="url"/>
            <value value="https://www.who.int"/>
          </telecom>
        </contact>
        <description value="Categorization of QR codes by their business usage"/>
        <expansion>
          <identifier value="urn:uuid:75a5fd25-1378-4fd4-a4fc-8e6800f9f0c5"/>
          <timestamp value="2021-09-14T10:58:59+00:00"/>
          <total value="4"/>
          <parameter>
            <name value="excludeNested"/>
            <valueBoolean value="false"/>
          </parameter>
          <parameter>
            <name value="version"/>
            <valueUri value="http://worldhealthorganization.github.io/ddcc/CodeSystem/DDCC-QR-Category-Usage-CodeSystem|0.2.1"/>
          </parameter>
          <contains>
            <system value="http://worldhealthorganization.github.io/ddcc/CodeSystem/DDCC-QR-Category-Usage-CodeSystem"/>
            <code value="who"/>
            <display value="WHO SVC"/>
          </contains>
          <contains>
            <system value="http://worldhealthorganization.github.io/ddcc/CodeSystem/DDCC-QR-Category-Usage-CodeSystem"/>
            <code value="dcc"/>
            <display value="EU DCC"/>
          </contains>
          <contains>
            <system value="http://worldhealthorganization.github.io/ddcc/CodeSystem/DDCC-QR-Category-Usage-CodeSystem"/>
            <code value="icao"/>
            <display value="ICAO"/>
          </contains>
          <contains>
            <system value="http://worldhealthorganization.github.io/ddcc/CodeSystem/DDCC-QR-Category-Usage-CodeSystem"/>
            <code value="au"/>
            <display value="AU"/>
          </contains>
        </expansion>
      </ValueSet>
    </resource>
  </entry>
  <entry>
    <fullUrl value="http://worldhealthorganization.github.io/ddcc/ValueSet/DDCC-Folder-DesignationType"/>
    <resource>
      <ValueSet>
        <id value="DDCC-Folder-DesignationType"/>
        <text>
          <status value="generated"/>
          <div xmlns="http://www.w3.org/1999/xhtml">
            <p>This value set contains 1 concepts</p>
            <p style="border: black 1px dotted; background-color: #EEEEEE; padding: 8px; margin-bottom: 8px">Expansion based on 
              <a href="CodeSystem-DDCC-Folder-DesignationType.html">DDCC Designation Types for Folder v0.2.1 (CodeSystem)</a>
            </p>
            <p>All codes in this table are from the system 
              <a href="CodeSystem-DDCC-Folder-DesignationType.html">
                <code>http://worldhealthorganization.github.io/ddcc/CodeSystem/DDCC-Folder-DesignationType</code>
              </a>
            </p>
            <table class="codes">
              <tr>
                <td style="white-space:nowrap">
                  <b>Code</b>
                </td>
                <td>
                  <b>Display</b>
                </td>
                <td>
                  <b>Definition</b>
                </td>
              </tr>
              <tr>
                <td style="white-space:nowrap">
                  <a name="http---worldhealthorganization.github.io-ddcc-CodeSystem-DDCC-Folder-DesignationType-ddcc"> </a>
                  <a href="CodeSystem-DDCC-Folder-DesignationType.html#DDCC-Folder-DesignationType-ddcc">ddcc</a>
                </td>
                <td>DDCC</td>
                <td/>
              </tr>
            </table>
          </div>
        </text>
        <url value="http://worldhealthorganization.github.io/ddcc/ValueSet/DDCC-Folder-DesignationType"/>
        <version value="0.2.1"/>
        <name value="DDCC_Folder_DesignationType_ValueSet"/>
        <title value="DDCC DesignationTypes for Folder"/>
        <status value="active"/>
        <date value="2021-09-14T10:58:27+00:00"/>
        <publisher value="World Health Organization (WHO)"/>
        <contact>
          <telecom>
            <system value="url"/>
            <value value="https://www.who.int"/>
          </telecom>
        </contact>
        <description value="DDCC Designation Types ValueSet for DDCC Folders."/>
        <expansion>
          <identifier value="urn:uuid:689628c6-8898-4247-9fdb-951ddf6e4595"/>
          <timestamp value="2021-09-14T10:59:00+00:00"/>
          <total value="1"/>
          <parameter>
            <name value="excludeNested"/>
            <valueBoolean value="false"/>
          </parameter>
          <parameter>
            <name value="version"/>
            <valueUri value="http://worldhealthorganization.github.io/ddcc/CodeSystem/DDCC-Folder-DesignationType|0.2.1"/>
          </parameter>
          <contains>
            <system value="http://worldhealthorganization.github.io/ddcc/CodeSystem/DDCC-Folder-DesignationType"/>
            <code value="ddcc"/>
            <display value="DDCC"/>
          </contains>
        </expansion>
      </ValueSet>
    </resource>
  </entry>
  <entry>
    <fullUrl value="http://worldhealthorganization.github.io/ddcc/ValueSet/DDCC-QR-Format-ValueSet"/>
    <resource>
      <ValueSet>
        <id value="DDCC-QR-Format-ValueSet"/>
        <text>
          <status value="generated"/>
          <div xmlns="http://www.w3.org/1999/xhtml">
            <p>This value set contains 3 concepts</p>
            <p style="border: black 1px dotted; background-color: #EEEEEE; padding: 8px; margin-bottom: 8px">Expansion based on 
              <a href="CodeSystem-DDCC-QR-Format-CodeSystem.html">DDCC QR Format Codes v0.2.1 (CodeSystem)</a>
            </p>
            <p>All codes in this table are from the system 
              <a href="CodeSystem-DDCC-QR-Format-CodeSystem.html">
                <code>http://worldhealthorganization.github.io/ddcc/CodeSystem/DDCC-QR-Format-CodeSystem</code>
              </a>
            </p>
            <table class="codes">
              <tr>
                <td style="white-space:nowrap">
                  <b>Code</b>
                </td>
                <td>
                  <b>Display</b>
                </td>
                <td>
                  <b>Definition</b>
                </td>
              </tr>
              <tr>
                <td style="white-space:nowrap">
                  <a name="http---worldhealthorganization.github.io-ddcc-CodeSystem-DDCC-QR-Format-CodeSystem-image"> </a>
                  <a href="CodeSystem-DDCC-QR-Format-CodeSystem.html#DDCC-QR-Format-CodeSystem-image">image</a>
                </td>
                <td>Image</td>
                <td/>
              </tr>
              <tr>
                <td style="white-space:nowrap">
                  <a name="http---worldhealthorganization.github.io-ddcc-CodeSystem-DDCC-QR-Format-CodeSystem-serialized"> </a>
                  <a href="CodeSystem-DDCC-QR-Format-CodeSystem.html#DDCC-QR-Format-CodeSystem-serialized">serialized</a>
                </td>
                <td>Serialized QR Content</td>
                <td/>
              </tr>
              <tr>
                <td style="white-space:nowrap">
                  <a name="http---worldhealthorganization.github.io-ddcc-CodeSystem-DDCC-QR-Format-CodeSystem-pdf"> </a>
                  <a href="CodeSystem-DDCC-QR-Format-CodeSystem.html#DDCC-QR-Format-CodeSystem-pdf">pdf</a>
                </td>
                <td>PDF version of the QR image</td>
                <td/>
              </tr>
            </table>
          </div>
        </text>
        <url value="http://worldhealthorganization.github.io/ddcc/ValueSet/DDCC-QR-Format-ValueSet"/>
        <version value="0.2.1"/>
        <name value="DDCC_QR_Format_ValueSet"/>
        <title value="DDCC QR Format Codes"/>
        <status value="active"/>
        <date value="2021-09-14T10:58:27+00:00"/>
        <publisher value="World Health Organization (WHO)"/>
        <contact>
          <telecom>
            <system value="url"/>
            <value value="https://www.who.int"/>
          </telecom>
        </contact>
        <description value="Format of the representation of QR code"/>
        <expansion>
          <identifier value="urn:uuid:2c9cc66b-b446-40b8-8bd3-0ea8df1203df"/>
          <timestamp value="2021-09-14T10:59:10+00:00"/>
          <total value="3"/>
          <parameter>
            <name value="excludeNested"/>
            <valueBoolean value="false"/>
          </parameter>
          <parameter>
            <name value="version"/>
            <valueUri value="http://worldhealthorganization.github.io/ddcc/CodeSystem/DDCC-QR-Format-CodeSystem|0.2.1"/>
          </parameter>
          <contains>
            <system value="http://worldhealthorganization.github.io/ddcc/CodeSystem/DDCC-QR-Format-CodeSystem"/>
            <code value="image"/>
            <display value="Image"/>
          </contains>
          <contains>
            <system value="http://worldhealthorganization.github.io/ddcc/CodeSystem/DDCC-QR-Format-CodeSystem"/>
            <code value="serialized"/>
            <display value="Serialized QR Content"/>
          </contains>
          <contains>
            <system value="http://worldhealthorganization.github.io/ddcc/CodeSystem/DDCC-QR-Format-CodeSystem"/>
            <code value="pdf"/>
            <display value="PDF version of the QR image"/>
          </contains>
        </expansion>
      </ValueSet>
    </resource>
  </entry>
</Bundle>