{
  "resourceType" : "Bundle",
  "id" : "f07c4821-2e54-4632-a5e8-0ca259efa539",
  "meta" : {
    "lastUpdated" : "2021-10-04T20:34:50.589+00:00"
  },
  "type" : "collection",
  "entry" : [{
    "fullUrl" : "http://worldhealthorganization.github.io/ddcc/ValueSet/DDCC-Folder-DesignationType",
    "resource" : {
      "resourceType" : "ValueSet",
      "id" : "DDCC-Folder-DesignationType",
      "text" : {
        "status" : "generated",
        "div" : "<div xmlns=\"http://www.w3.org/1999/xhtml\"><p>This value set contains 1 concepts</p><p style=\"border: black 1px dotted; background-color: #EEEEEE; padding: 8px; margin-bottom: 8px\">Expansion based on <a href=\"CodeSystem-DDCC-Folder-DesignationType.html\">DDCC Designation Types for Folder v0.2.1 (CodeSystem)</a></p><p>All codes in this table are from the system <a href=\"CodeSystem-DDCC-Folder-DesignationType.html\"><code>http://worldhealthorganization.github.io/ddcc/CodeSystem/DDCC-Folder-DesignationType</code></a></p><table class=\"codes\"><tr><td style=\"white-space:nowrap\"><b>Code</b></td><td><b>Display</b></td><td><b>Definition</b></td></tr><tr><td style=\"white-space:nowrap\"><a name=\"http---worldhealthorganization.github.io-ddcc-CodeSystem-DDCC-Folder-DesignationType-ddcc\"> </a><a href=\"CodeSystem-DDCC-Folder-DesignationType.html#DDCC-Folder-DesignationType-ddcc\">ddcc</a></td><td>DDCC</td><td/></tr></table></div>"
      },
      "url" : "http://worldhealthorganization.github.io/ddcc/ValueSet/DDCC-Folder-DesignationType",
      "version" : "0.2.1",
      "name" : "DDCC_Folder_DesignationType_ValueSet",
      "title" : "DDCC DesignationTypes for Folder",
      "status" : "active",
      "date" : "2021-10-04T20:34:50+00:00",
      "publisher" : "World Health Organization (WHO)",
      "contact" : [{
        "telecom" : [{
          "system" : "url",
          "value" : "https://www.who.int"
        }]
      }],
      "description" : "DDCC Designation Types ValueSet for DDCC Folders.",
      "expansion" : {
        "identifier" : "urn:uuid:dbcba106-aa8c-44a5-a3ec-2f9aa1494bcb",
        "timestamp" : "2021-10-04T20:35:36+00:00",
        "total" : 1,
        "parameter" : [{
          "name" : "excludeNested",
          "valueBoolean" : false
        },
        {
          "name" : "version",
          "valueUri" : "http://worldhealthorganization.github.io/ddcc/CodeSystem/DDCC-Folder-DesignationType|0.2.1"
        }],
        "contains" : [{
          "system" : "http://worldhealthorganization.github.io/ddcc/CodeSystem/DDCC-Folder-DesignationType",
          "code" : "ddcc",
          "display" : "DDCC"
        }]
      }
    }
  },
  {
    "fullUrl" : "http://worldhealthorganization.github.io/ddcc/ValueSet/DDCC-QR-Category-Usage-ValueSet",
    "resource" : {
      "resourceType" : "ValueSet",
      "id" : "DDCC-QR-Category-Usage-ValueSet",
      "text" : {
        "status" : "generated",
        "div" : "<div xmlns=\"http://www.w3.org/1999/xhtml\"><p>This value set contains 5 concepts</p><p style=\"border: black 1px dotted; background-color: #EEEEEE; padding: 8px; margin-bottom: 8px\">Expansion based on <a href=\"CodeSystem-DDCC-QR-Category-Usage-CodeSystem.html\">DDCC QR Category Usage Codes v0.2.1 (CodeSystem)</a></p><p>All codes in this table are from the system <a href=\"CodeSystem-DDCC-QR-Category-Usage-CodeSystem.html\"><code>http://worldhealthorganization.github.io/ddcc/CodeSystem/DDCC-QR-Category-Usage-CodeSystem</code></a></p><table class=\"codes\"><tr><td style=\"white-space:nowrap\"><b>Code</b></td><td><b>Display</b></td><td><b>Definition</b></td></tr><tr><td style=\"white-space:nowrap\"><a name=\"http---worldhealthorganization.github.io-ddcc-CodeSystem-DDCC-QR-Category-Usage-CodeSystem-who\"> </a><a href=\"CodeSystem-DDCC-QR-Category-Usage-CodeSystem.html#DDCC-QR-Category-Usage-CodeSystem-who\">who</a></td><td>WHO SVC</td><td/></tr><tr><td style=\"white-space:nowrap\"><a name=\"http---worldhealthorganization.github.io-ddcc-CodeSystem-DDCC-QR-Category-Usage-CodeSystem-dcc\"> </a><a href=\"CodeSystem-DDCC-QR-Category-Usage-CodeSystem.html#DDCC-QR-Category-Usage-CodeSystem-dcc\">dcc</a></td><td>EU DCC</td><td/></tr><tr><td style=\"white-space:nowrap\"><a name=\"http---worldhealthorganization.github.io-ddcc-CodeSystem-DDCC-QR-Category-Usage-CodeSystem-icao\"> </a><a href=\"CodeSystem-DDCC-QR-Category-Usage-CodeSystem.html#DDCC-QR-Category-Usage-CodeSystem-icao\">icao</a></td><td>ICAO</td><td/></tr><tr><td style=\"white-space:nowrap\"><a name=\"http---worldhealthorganization.github.io-ddcc-CodeSystem-DDCC-QR-Category-Usage-CodeSystem-au\"> </a><a href=\"CodeSystem-DDCC-QR-Category-Usage-CodeSystem.html#DDCC-QR-Category-Usage-CodeSystem-au\">au</a></td><td>AU</td><td/></tr><tr><td style=\"white-space:nowrap\"><a name=\"http---worldhealthorganization.github.io-ddcc-CodeSystem-DDCC-QR-Category-Usage-CodeSystem-shc\"> </a><a href=\"CodeSystem-DDCC-QR-Category-Usage-CodeSystem.html#DDCC-QR-Category-Usage-CodeSystem-shc\">shc</a></td><td>SMART Health Card</td><td/></tr></table></div>"
      },
      "url" : "http://worldhealthorganization.github.io/ddcc/ValueSet/DDCC-QR-Category-Usage-ValueSet",
      "version" : "0.2.1",
      "name" : "DDCC_QR_Category_Usage_ValueSet",
      "title" : "DDCC QR Category Usage Codes",
      "status" : "active",
      "date" : "2021-10-04T20:34:50+00:00",
      "publisher" : "World Health Organization (WHO)",
      "contact" : [{
        "telecom" : [{
          "system" : "url",
          "value" : "https://www.who.int"
        }]
      }],
      "description" : "Categorization of QR codes by their business usage",
      "expansion" : {
        "identifier" : "urn:uuid:a743ddf6-2baf-402f-84f9-e4695978f63b",
        "timestamp" : "2021-10-04T20:35:37+00:00",
        "total" : 5,
        "parameter" : [{
          "name" : "excludeNested",
          "valueBoolean" : false
        },
        {
          "name" : "version",
          "valueUri" : "http://worldhealthorganization.github.io/ddcc/CodeSystem/DDCC-QR-Category-Usage-CodeSystem|0.2.1"
        }],
        "contains" : [{
          "system" : "http://worldhealthorganization.github.io/ddcc/CodeSystem/DDCC-QR-Category-Usage-CodeSystem",
          "code" : "who",
          "display" : "WHO SVC"
        },
        {
          "system" : "http://worldhealthorganization.github.io/ddcc/CodeSystem/DDCC-QR-Category-Usage-CodeSystem",
          "code" : "dcc",
          "display" : "EU DCC"
        },
        {
          "system" : "http://worldhealthorganization.github.io/ddcc/CodeSystem/DDCC-QR-Category-Usage-CodeSystem",
          "code" : "icao",
          "display" : "ICAO"
        },
        {
          "system" : "http://worldhealthorganization.github.io/ddcc/CodeSystem/DDCC-QR-Category-Usage-CodeSystem",
          "code" : "au",
          "display" : "AU"
        },
        {
          "system" : "http://worldhealthorganization.github.io/ddcc/CodeSystem/DDCC-QR-Category-Usage-CodeSystem",
          "code" : "shc",
          "display" : "SMART Health Card"
        }]
      }
    }
  },
  {
    "fullUrl" : "http://worldhealthorganization.github.io/ddcc/ValueSet/DDCC-QR-Format-ValueSet",
    "resource" : {
      "resourceType" : "ValueSet",
      "id" : "DDCC-QR-Format-ValueSet",
      "text" : {
        "status" : "generated",
        "div" : "<div xmlns=\"http://www.w3.org/1999/xhtml\"><p>This value set contains 3 concepts</p><p style=\"border: black 1px dotted; background-color: #EEEEEE; padding: 8px; margin-bottom: 8px\">Expansion based on <a href=\"CodeSystem-DDCC-QR-Format-CodeSystem.html\">DDCC QR Format Codes v0.2.1 (CodeSystem)</a></p><p>All codes in this table are from the system <a href=\"CodeSystem-DDCC-QR-Format-CodeSystem.html\"><code>http://worldhealthorganization.github.io/ddcc/CodeSystem/DDCC-QR-Format-CodeSystem</code></a></p><table class=\"codes\"><tr><td style=\"white-space:nowrap\"><b>Code</b></td><td><b>Display</b></td><td><b>Definition</b></td></tr><tr><td style=\"white-space:nowrap\"><a name=\"http---worldhealthorganization.github.io-ddcc-CodeSystem-DDCC-QR-Format-CodeSystem-image\"> </a><a href=\"CodeSystem-DDCC-QR-Format-CodeSystem.html#DDCC-QR-Format-CodeSystem-image\">image</a></td><td>Image</td><td/></tr><tr><td style=\"white-space:nowrap\"><a name=\"http---worldhealthorganization.github.io-ddcc-CodeSystem-DDCC-QR-Format-CodeSystem-serialized\"> </a><a href=\"CodeSystem-DDCC-QR-Format-CodeSystem.html#DDCC-QR-Format-CodeSystem-serialized\">serialized</a></td><td>Serialized QR Content</td><td/></tr><tr><td style=\"white-space:nowrap\"><a name=\"http---worldhealthorganization.github.io-ddcc-CodeSystem-DDCC-QR-Format-CodeSystem-pdf\"> </a><a href=\"CodeSystem-DDCC-QR-Format-CodeSystem.html#DDCC-QR-Format-CodeSystem-pdf\">pdf</a></td><td>PDF version of the QR image</td><td/></tr></table></div>"
      },
      "url" : "http://worldhealthorganization.github.io/ddcc/ValueSet/DDCC-QR-Format-ValueSet",
      "version" : "0.2.1",
      "name" : "DDCC_QR_Format_ValueSet",
      "title" : "DDCC QR Format Codes",
      "status" : "active",
      "date" : "2021-10-04T20:34:50+00:00",
      "publisher" : "World Health Organization (WHO)",
      "contact" : [{
        "telecom" : [{
          "system" : "url",
          "value" : "https://www.who.int"
        }]
      }],
      "description" : "Format of the representation of QR code",
      "expansion" : {
        "identifier" : "urn:uuid:37091f05-f3ca-47d9-bc5c-07e6226370a0",
        "timestamp" : "2021-10-04T20:35:44+00:00",
        "total" : 3,
        "parameter" : [{
          "name" : "excludeNested",
          "valueBoolean" : false
        },
        {
          "name" : "version",
          "valueUri" : "http://worldhealthorganization.github.io/ddcc/CodeSystem/DDCC-QR-Format-CodeSystem|0.2.1"
        }],
        "contains" : [{
          "system" : "http://worldhealthorganization.github.io/ddcc/CodeSystem/DDCC-QR-Format-CodeSystem",
          "code" : "image",
          "display" : "Image"
        },
        {
          "system" : "http://worldhealthorganization.github.io/ddcc/CodeSystem/DDCC-QR-Format-CodeSystem",
          "code" : "serialized",
          "display" : "Serialized QR Content"
        },
        {
          "system" : "http://worldhealthorganization.github.io/ddcc/CodeSystem/DDCC-QR-Format-CodeSystem",
          "code" : "pdf",
          "display" : "PDF version of the QR image"
        }]
      }
    }
  }]
}