<?xml version="1.0" encoding="UTF-8"?>

<ConceptMap xmlns="http://hl7.org/fhir">
  <id value="who-ddcc-map-icd11-sct-disease-targeted"/>
  <text>
    <status value="extensions"/><div xmlns="http://www.w3.org/1999/xhtml"><h2>ICD_11_SNOMED_CT_COVID19_Disease (http://worldhealthorganization.github.io/ddcc/ConceptMap/WHO_DDCC_Map_ICD11_to_SCT_Disease_Targeted)</h2><p>Mapping from http://id.who.int/icd11/mms to <a href="http://terminology.hl7.org/2.1.0/CodeSystem-v3-snomed-CT.html">http://snomed.info/sct</a></p><p>DRAFT (not intended for production usage). Published on 2021-04-23 by WHO (WHO: <a href="http://who.int">http://who.int</a>). </p><div><p>Rule-based mappings between ICD-11 and SNOMED CT for COVID-19 Disease or Agent Targeted</p>
</div><br/><table class="grid"><tr><td><b>Source Code</b></td><td><b>Relationship</b></td><td><b>Destination Code</b></td></tr><tr><td>RA01</td><td><a href="http://hl7.org/fhir/R4/codesystem-concept-map-equivalence.html#equivalent">is equivalent to</a></td><td>840539006 (Disease caused by 2019 novel coronavirus)</td></tr></table></div>
  </text>
  <url value="http://worldhealthorganization.github.io/ddcc/ConceptMap/WHO_DDCC_Map_ICD11_to_SCT_Disease_Targeted"/>
  <version value="0.2.1"/>
  <name value="ICD_11_SNOMED_CT_COVID19_Disease"/>
  <title value="ConceptMap from ICD-11 to SNOMED CT for Disease or Agent Targeted"/>
  <status value="draft"/>
  <experimental value="true"/>
  <date value="2021-04-23"/>
  <publisher value="WHO"/>
  <contact>
    <name value="WHO"/>
    <telecom>
      <system value="url"/>
      <value value="http://who.int"/>
    </telecom>
  </contact>
  <description value="Rule-based mappings between ICD-11 and SNOMED CT for COVID-19 Disease or Agent Targeted"/>
  <jurisdiction>
    <coding>
      <system value="http://unstats.un.org/unsd/methods/m49/m49.htm"/>
      <code value="001"/>
    </coding>
  </jurisdiction>
  <sourceCanonical value="http://id.who.int/icd11/mms"/>
  <targetCanonical value="http://snomed.info/sct"/>
  <group>
    <source value="http://id.who.int/icd11/mms"/>
    <target value="http://snomed.info/sct"/>
    <element>
      <code value="RA01"/>
      <target>
        <code value="840539006"/>
        <equivalence value="equivalent"/>
      </target>
    </element>
  </group>
</ConceptMap>