{"resourceType":"CodeSystem","id":"SVC-Basic-Resource","text":{"status":"generated","div":"<div xmlns=\"http://www.w3.org/1999/xhtml\"><p>This code system https://who-int.github.io/svc/refs/heads/rc2/CodeSystem/SVC-Basic-Resource defines the following codes:</p><table class=\"codes\"><tr><td style=\"white-space:nowrap\"><b>Code</b></td><td><b>Display</b></td><td><b>Definition</b></td></tr><tr><td style=\"white-space:nowrap\">qrcode<a name=\"SVC-Basic-Resource-qrcode\"> </a></td><td>SVC QR Code</td><td>SVC QR Code resource.</td></tr></table></div>"},"url":"https://who-int.github.io/svc/refs/heads/rc2/CodeSystem/SVC-Basic-Resource","version":"0.2.0","name":"SVCBasicResourceCodeSystem","title":"CodeSystem for SVC Basic Resources.","status":"active","date":"2021-04-02T22:30:14+00:00","publisher":"World Health Organization (WHO)","contact":[{"telecom":[{"system":"url","value":"https://www.who.int"}]}],"content":"complete","count":1,"concept":[{"code":"qrcode","display":"SVC QR Code","definition":"SVC QR Code resource."}]}