{"resourceType":"ImplementationGuide","id":"fhir.who.svc-rc2","text":{"status":"extensions","div":"<div xmlns=\"http://www.w3.org/1999/xhtml\"><h2>SVC_RC2</h2><p>The official URL for this implementation guide is: </p><pre>http://fhir.org/guides/who/svc/ImplementationGuide/fhir.who.svc-rc2</pre><div><p>Smart Vaccination Certificate - RC2</p>\n</div></div>"},"url":"http://fhir.org/guides/who/svc/ImplementationGuide/fhir.who.svc-rc2","version":"0.2.0","name":"SVC_RC2","title":"WHO Smart Vaccination Certificate - RC2","status":"draft","experimental":false,"date":"2021-03-04","publisher":"World Health Organization (WHO)","contact":[{"telecom":[{"system":"url","value":"https://www.who.int"}]}],"description":"Smart Vaccination Certificate - RC2","packageId":"fhir.who.svc-rc2","license":"CC0-1.0","fhirVersion":["4.0.1"],"dependsOn":[{"id":"ips","uri":"http://hl7.org/fhir/uv/ips/ImplementationGuide/hl7.fhir.uv.ips","packageId":"hl7.fhir.uv.ips","version":"current"}],"definition":{"extension":[{"extension":[{"url":"code","valueString":"copyrightyear"},{"url":"value","valueString":"2021+"}],"url":"http://hl7.org/fhir/tools/StructureDefinition/ig-parameter"},{"extension":[{"url":"code","valueString":"releaselabel"},{"url":"value","valueString":"CI Build"}],"url":"http://hl7.org/fhir/tools/StructureDefinition/ig-parameter"},{"extension":[{"url":"code","valueString":"active-tables"},{"url":"value","valueString":"true"}],"url":"http://hl7.org/fhir/tools/StructureDefinition/ig-parameter"},{"extension":[{"url":"code","valueString":"special-url"},{"url":"value","valueString":"http://hl7.org/fhir/uv/ips/StructureDefinition/Patient-pre-uv-ips"}],"url":"http://hl7.org/fhir/tools/StructureDefinition/ig-parameter"},{"extension":[{"url":"code","valueString":"special-url"},{"url":"value","valueString":"http://hl7.org/fhir/uv/ips/StructureDefinition/Immunization-pre-uv-ips"}],"url":"http://hl7.org/fhir/tools/StructureDefinition/ig-parameter"},{"extension":[{"url":"code","valueString":"path-suppressed-warnings"},{"url":"value","valueString":"input/ignoreWarnings.txt"}],"url":"http://hl7.org/fhir/tools/StructureDefinition/ig-parameter"},{"extension":[{"url":"code","valueString":"path-binary"},{"url":"value","valueString":"input/cql"}],"url":"http://hl7.org/fhir/tools/StructureDefinition/ig-parameter"},{"extension":[{"url":"code","valueString":"autoload-resources"},{"url":"value","valueString":"true"}],"url":"http://hl7.org/fhir/tools/StructureDefinition/ig-parameter"},{"extension":[{"url":"code","valueString":"path-liquid"},{"url":"value","valueString":"template/liquid"}],"url":"http://hl7.org/fhir/tools/StructureDefinition/ig-parameter"},{"extension":[{"url":"code","valueString":"path-liquid"},{"url":"value","valueString":"input/liquid"}],"url":"http://hl7.org/fhir/tools/StructureDefinition/ig-parameter"},{"extension":[{"url":"code","valueString":"path-qa"},{"url":"value","valueString":"temp/qa"}],"url":"http://hl7.org/fhir/tools/StructureDefinition/ig-parameter"},{"extension":[{"url":"code","valueString":"path-temp"},{"url":"value","valueString":"temp/pages"}],"url":"http://hl7.org/fhir/tools/StructureDefinition/ig-parameter"},{"extension":[{"url":"code","valueString":"path-output"},{"url":"value","valueString":"output"}],"url":"http://hl7.org/fhir/tools/StructureDefinition/ig-parameter"},{"extension":[{"url":"code","valueString":"path-history"},{"url":"value","valueString":"http://fhir.org/guides/who/svc/history.html"}],"url":"http://hl7.org/fhir/tools/StructureDefinition/ig-parameter"},{"extension":[{"url":"code","valueString":"template-html"},{"url":"value","valueString":"template-page.html"}],"url":"http://hl7.org/fhir/tools/StructureDefinition/ig-parameter"},{"extension":[{"url":"code","valueString":"template-md"},{"url":"value","valueString":"template-page-md.html"}],"url":"http://hl7.org/fhir/tools/StructureDefinition/ig-parameter"},{"extension":[{"url":"code","valueString":"apply-contact"},{"url":"value","valueString":"true"}],"url":"http://hl7.org/fhir/tools/StructureDefinition/ig-parameter"},{"extension":[{"url":"code","valueString":"apply-context"},{"url":"value","valueString":"true"}],"url":"http://hl7.org/fhir/tools/StructureDefinition/ig-parameter"},{"extension":[{"url":"code","valueString":"apply-copyright"},{"url":"value","valueString":"true"}],"url":"http://hl7.org/fhir/tools/StructureDefinition/ig-parameter"},{"extension":[{"url":"code","valueString":"apply-jurisdiction"},{"url":"value","valueString":"true"}],"url":"http://hl7.org/fhir/tools/StructureDefinition/ig-parameter"},{"extension":[{"url":"code","valueString":"apply-license"},{"url":"value","valueString":"true"}],"url":"http://hl7.org/fhir/tools/StructureDefinition/ig-parameter"},{"extension":[{"url":"code","valueString":"apply-publisher"},{"url":"value","valueString":"true"}],"url":"http://hl7.org/fhir/tools/StructureDefinition/ig-parameter"},{"extension":[{"url":"code","valueString":"apply-version"},{"url":"value","valueString":"true"}],"url":"http://hl7.org/fhir/tools/StructureDefinition/ig-parameter"}],"grouping":[{"id":"_str_profile","name":"Structures: Resource Profiles","description":"These define constraints on FHIR resources for systems conforming to this implementation guide"},{"id":"_str_extension","name":"Structures: Extension Definitions","description":"These define constraints on FHIR data types for systems conforming to this implementation guide"},{"id":"_term_valueset","name":"Terminology: Value Sets","description":"These define sets of codes used by systems conforming to this implementation guide"},{"id":"_term_codesystem","name":"Terminology: Code Systems","description":"These define new code systems used by systems conforming to this implementation guide"},{"id":"_map_structuremap","name":"Terminology: Structure Maps","description":"These define transformations to convert between data structures used by systems conforming to this implementation guide"},{"id":"_other","name":"Other","description":"These are resources that are used within this implementation guide that do not fit into one of the other categories"}],"resource":[{"extension":[{"url":"http://hl7.org/fhir/StructureDefinition/implementationguide-page","valueUri":"StructureDefinition-Patient-pre-uv-ips.html"}],"reference":{"reference":"StructureDefinition/Patient-pre-uv-ips"},"name":"Patient (IPS)","description":"This profile represents the constraints applied to the Patient resource by the International Patient Summary (IPS) FHIR Implementation Guide and describes the minimum expectations for the Patient resource when used in the IPS composition or in one of the referred resources.","groupingId":"_str_profile"},{"extension":[{"url":"http://hl7.org/fhir/StructureDefinition/implementationguide-page","valueUri":"StructureDefinition-Immunization-pre-uv-ips.html"}],"reference":{"reference":"StructureDefinition/Immunization-pre-uv-ips"},"name":"Immunization (IPS)","description":"This profile represents the constraints applied to the Immunization resource by the International Patient Summary (IPS) FHIR Implementation Guide. A record of an immunization is represented in the patient summary as an instance of an Immunization resource constrained by this profile.\r\n\r\nIt describes the event of a patient being administered a vaccination or a record of a vaccination as reported by a patient, a clinician or another party.","groupingId":"_str_profile"},{"extension":[{"url":"http://hl7.org/fhir/StructureDefinition/implementationguide-page","valueUri":"StructureMap-svc-map-qr-uvci-bundle.html"}],"reference":{"reference":"StructureMap/svc-map-qr-uvci-bundle"},"groupingId":"_map_structuremap"},{"extension":[{"url":"http://hl7.org/fhir/StructureDefinition/implementationguide-page","valueUri":"StructureDefinition-svc-qr-uvci.html"}],"reference":{"reference":"StructureDefinition/svc-qr-uvci"},"groupingId":"_str_profile"},{"extension":[{"url":"http://hl7.org/fhir/StructureDefinition/implementationguide-page","valueUri":"ValueSet-who-svc-vaccines.html"}],"reference":{"reference":"ValueSet/who-svc-vaccines"},"name":"WHO Vaccine List","description":"The WHO Vaccine List from [ICD 11](https://icd.who.int/browse11) is used by:\n *  the [SVC Immunization](StructureDefinition-svc-immunization.html)","groupingId":"_term_valueset"},{"extension":[{"url":"http://hl7.org/fhir/StructureDefinition/implementationguide-page","valueUri":"CodeSystem-SVC-Basic-Resource.html"}],"reference":{"reference":"CodeSystem/SVC-Basic-Resource"},"name":"CodeSystem for SVC Basic Resources.","groupingId":"_term_codesystem"},{"extension":[{"url":"http://hl7.org/fhir/StructureDefinition/implementationguide-page","valueUri":"StructureDefinition-svc-bundle.html"}],"reference":{"reference":"StructureDefinition/svc-bundle"},"name":"SVC Bundle","description":"An [SVC Bundle](StructureDefinition-svc-bundle.html) is a document bundle containing the Smart Vaccination Certificate (SVC) content.","groupingId":"_str_profile"},{"extension":[{"url":"http://hl7.org/fhir/StructureDefinition/implementationguide-page","valueUri":"StructureDefinition-svc-patient.html"}],"reference":{"reference":"StructureDefinition/svc-patient"},"name":"SVC Patient","description":"Corresponds to the demographic information on the front page of the a paper Smart Vaccination Certificate (SVC)\n\nAn SVC_Patient should:\n* set the [identifier.assigner](StructureDefinition-svc-patient-definitions.html#Patient.identifier.assigner) to reference the [SVC Organization](StructureDefinition-svc-organization.html) resource associated to the PHA via the WHO Public Key Directory","groupingId":"_str_profile"},{"extension":[{"url":"http://hl7.org/fhir/StructureDefinition/implementationguide-page","valueUri":"ValueSet-who-svc-vaccines-covid-19.html"}],"reference":{"reference":"ValueSet/who-svc-vaccines-covid-19"},"name":"WHO Vaccine List (COVID-19)","description":"WHO Vaccine List (COVID-19) from [ICD 11](https://icd.who.int/browse11)","groupingId":"_term_valueset"},{"extension":[{"url":"http://hl7.org/fhir/StructureDefinition/implementationguide-page","valueUri":"Basic-svc-basic-qrcode-example.html"}],"reference":{"reference":"Basic/svc-basic-qrcode-example"},"groupingId":"_other"},{"extension":[{"url":"http://hl7.org/fhir/StructureDefinition/implementationguide-page","valueUri":"StructureDefinition-SVC-Basic-QRCode.html"}],"reference":{"reference":"StructureDefinition/SVC-Basic-QRCode"},"name":"SVC Basic based QR Code resource","description":"SVC Profile of Basic resource for QR Code.","groupingId":"_str_profile"},{"extension":[{"url":"http://hl7.org/fhir/StructureDefinition/implementationguide-page","valueUri":"StructureDefinition-svc-practitioner-role.html"}],"reference":{"reference":"StructureDefinition/svc-practitioner-role"},"name":"SVC Practitioner Role","description":"Association of an [SVC Practitioner](StructureDefinition-svc-practitioner-role.html) to a managing [SVC Organization](StructureDefinition-svc-orgaznization.html), indicating that an SVC Practitioner is authorized by the public health authority (PHA) to vaccinate an [SVC Patient](StructureDefinition-svc-patient.html).","groupingId":"_str_profile"},{"extension":[{"url":"http://hl7.org/fhir/StructureDefinition/implementationguide-page","valueUri":"ValueSet-who-svc-vaccinable-conditions.html"}],"reference":{"reference":"ValueSet/who-svc-vaccinable-conditions"},"name":"WHO List of Vaccinable Conditions","description":"The WHO Vaccinable Conditions List from [ICD 11](https://icd.who.int/browse11) is used by:\n *  the [SVC Immunization](StructureDefinition-svc-immunization.html)","groupingId":"_term_valueset"},{"extension":[{"url":"http://hl7.org/fhir/StructureDefinition/implementationguide-page","valueUri":"StructureDefinition-svc-organization.html"}],"reference":{"reference":"StructureDefinition/svc-organization"},"name":"SVC Organization","description":"Abstraction for an SVC Organization. There should be an SVC Organization associated to each public health authortiy (PHA) in the WHO Public Key Directory.","groupingId":"_str_profile"},{"extension":[{"url":"http://hl7.org/fhir/StructureDefinition/implementationguide-page","valueUri":"StructureDefinition-SVC-QRCode.html"}],"reference":{"reference":"StructureDefinition/SVC-QRCode"},"name":"SVC QRCode Extension","description":"SVC QRCode Extension","groupingId":"_str_extension"},{"extension":[{"url":"http://hl7.org/fhir/StructureDefinition/implementationguide-page","valueUri":"StructureDefinition-svc-composition.html"}],"reference":{"reference":"StructureDefinition/svc-composition"},"name":"SVC Composition","description":"Describes the logical structure for the health content contained in a SVC.  An [SVC Composition](StructureDefinition-svc-composition.html) should:\n * be accessible from a SVC Registry as located via the WHO Public Key Directory for the PHA referenced in the [author](StructureDefinition-svc-composition-definitions.html#Composition.agent).","groupingId":"_str_profile"},{"extension":[{"url":"http://hl7.org/fhir/StructureDefinition/implementationguide-page","valueUri":"StructureDefinition-svc-provenance.html"}],"reference":{"reference":"StructureDefinition/svc-provenance"},"name":"Provenance of SVC","description":"Used to assert the provenance of a public health authority (PHA) over either a Paper or a Digital Smart Vaccination Certificate (SVC).","groupingId":"_str_profile"},{"extension":[{"url":"http://hl7.org/fhir/StructureDefinition/implementationguide-page","valueUri":"StructureDefinition-svc-practitioner.html"}],"reference":{"reference":"StructureDefinition/svc-practitioner"},"name":"SVC Practitioner","description":"Container for an SVC Practitioner, which is a Practitioner authorized by the PHA to vaccinate an [SVC Patient](StructureDefinition-svc-patient.html).","groupingId":"_str_profile"},{"extension":[{"url":"http://hl7.org/fhir/StructureDefinition/implementationguide-page","valueUri":"ValueSet-SVC-Basic-Resource.html"}],"reference":{"reference":"ValueSet/SVC-Basic-Resource"},"name":"ValueSet for SVC Basic Resources.","groupingId":"_term_valueset"},{"extension":[{"url":"http://hl7.org/fhir/StructureDefinition/implementationguide-page","valueUri":"StructureDefinition-svc-immunization.html"}],"reference":{"reference":"StructureDefinition/svc-immunization"},"name":"SVC Immunization","description":"An SVC Immunization contains the content corresponding to a row in the Vaccination Events section of a Paper SVC. While this is not a further profile of the International Patient Summary (IPS) Immunization resouce, this is intended to map into an IPS Immunization resource.","groupingId":"_str_profile"}],"page":{"nameUrl":"toc.html","title":"Table of Contents","generation":"html","page":[{"nameUrl":"index.html","title":"Narrative","generation":"html","page":[{"nameUrl":"references.html","title":"References","generation":"html"}]},{"nameUrl":"requirements.html","title":"Business Requirements","generation":"html","page":[{"nameUrl":"concepts.html","title":"Concepts","generation":"html"},{"nameUrl":"functional.html","title":"Functional Requirements","generation":"html"},{"nameUrl":"personas.html","title":"Personas","generation":"html"},{"nameUrl":"workflows.html","title":"Workflows","generation":"html"},{"nameUrl":"usecases.html","title":"Use Cases","generation":"html"},{"nameUrl":"dictionary.html","title":"Data Dictionary","generation":"html"}]},{"nameUrl":"data_exchange.html","title":"Data Models and Exchange","generation":"html","page":[{"nameUrl":"dependencies.html","title":"Dependencies","generation":"html"},{"nameUrl":"actors.html","title":"Actors","generation":"html"},{"nameUrl":"transactions.html","title":"Transactions","generation":"html"},{"nameUrl":"expected_actions.html","title":"Expected Actions","generation":"html"},{"nameUrl":"content_profiles.html","title":"Content Profiles","generation":"html"}]},{"nameUrl":"deployment.html","title":"Deployment Guidance","generation":"html","page":[{"nameUrl":"security_privacy.html","title":"Security and Privacy Considerations","generation":"html"},{"nameUrl":"testing.html","title":"Testing","generation":"html"},{"nameUrl":"downloads.html","title":"Useful Downloads","generation":"html"}]},{"nameUrl":"artifacts.html","title":"Artifacts Summary","generation":"html","page":[{"nameUrl":"StructureDefinition-Patient-pre-uv-ips.html","title":"Patient (IPS)","generation":"generated"},{"nameUrl":"StructureDefinition-Immunization-pre-uv-ips.html","title":"Immunization (IPS)","generation":"generated"},{"nameUrl":"StructureDefinition-svc-qr-uvci.html","generation":"generated"},{"nameUrl":"StructureDefinition-svc-bundle.html","title":"SVC Bundle","generation":"generated"},{"nameUrl":"StructureDefinition-svc-patient.html","title":"SVC Patient","generation":"generated"},{"nameUrl":"StructureDefinition-SVC-Basic-QRCode.html","title":"SVC Basic based QR Code resource","generation":"generated"},{"nameUrl":"StructureDefinition-svc-practitioner-role.html","title":"SVC Practitioner Role","generation":"generated"},{"nameUrl":"StructureDefinition-svc-organization.html","title":"SVC Organization","generation":"generated"},{"nameUrl":"StructureDefinition-svc-composition.html","title":"SVC Composition","generation":"generated"},{"nameUrl":"StructureDefinition-svc-provenance.html","title":"Provenance of SVC","generation":"generated"},{"nameUrl":"StructureDefinition-svc-practitioner.html","title":"SVC Practitioner","generation":"generated"},{"nameUrl":"StructureDefinition-svc-immunization.html","title":"SVC Immunization","generation":"generated"},{"nameUrl":"StructureDefinition-SVC-QRCode.html","title":"SVC QRCode Extension","generation":"generated"},{"nameUrl":"ValueSet-who-svc-vaccines.html","title":"WHO Vaccine List","generation":"generated"},{"nameUrl":"ValueSet-who-svc-vaccines-covid-19.html","title":"WHO Vaccine List (COVID-19)","generation":"generated"},{"nameUrl":"ValueSet-who-svc-vaccinable-conditions.html","title":"WHO List of Vaccinable Conditions","generation":"generated"},{"nameUrl":"ValueSet-SVC-Basic-Resource.html","title":"ValueSet for SVC Basic Resources.","generation":"generated"},{"nameUrl":"CodeSystem-SVC-Basic-Resource.html","title":"CodeSystem for SVC Basic Resources.","generation":"generated"},{"nameUrl":"StructureMap-svc-map-qr-uvci-bundle.html","generation":"generated"},{"nameUrl":"Basic-svc-basic-qrcode-example.html","generation":"generated"}]}]},"parameter":[{"code":"path-pages","value":"input/pagecontent"},{"code":"path-resource","value":"input/ips-preadopted"},{"code":"path-resource","value":"input/resources/activitydefinition"},{"code":"path-resource","value":"input/resources/capabilitystatement"},{"code":"path-resource","value":"input/resources/library"},{"code":"path-resource","value":"input/resources/measure"},{"code":"path-resource","value":"input/resources/maps"},{"code":"path-resource","value":"input/resources/examples"},{"code":"path-resource","value":"input/resources/plandefinition"},{"code":"path-resource","value":"input/resources/questionnaire"},{"code":"path-resource","value":"input/vocabulary/codesystem"},{"code":"path-resource","value":"input/vocabulary/valueset"},{"code":"path-resource","value":"input/capabilities"},{"code":"path-resource","value":"input/examples"},{"code":"path-resource","value":"input/extensions"},{"code":"path-resource","value":"input/models"},{"code":"path-resource","value":"input/operations"},{"code":"path-resource","value":"input/profiles"},{"code":"path-resource","value":"input/resources"},{"code":"path-resource","value":"input/vocabulary"},{"code":"path-resource","value":"input/testing"},{"code":"path-resource","value":"input/history"},{"code":"path-resource","value":"fsh-generated/resources"},{"code":"path-pages","value":"template/config"},{"code":"path-pages","value":"input/images"},{"code":"path-tx-cache","value":"input-cache/txcache"}]}}