{"resourceType":"ValueSet","id":"SVC-Basic-Resource","text":{"status":"generated","div":"<div xmlns=\"http://www.w3.org/1999/xhtml\"><ul><li>Include all codes defined in <a href=\"CodeSystem-SVC-Basic-Resource.html\"><code>https://who-int.github.io/svc/refs/heads/rc2/CodeSystem/SVC-Basic-Resource</code></a></li></ul></div>"},"url":"https://who-int.github.io/svc/refs/heads/rc2/ValueSet/SVC-Basic-Resource","version":"0.2.0","name":"SVCBasicResourceValueSet","title":"ValueSet for SVC Basic Resources.","status":"active","date":"2021-04-07T17:31:55+00:00","publisher":"World Health Organization (WHO)","contact":[{"telecom":[{"system":"url","value":"https://www.who.int"}]}],"compose":{"include":[{"system":"https://who-int.github.io/svc/refs/heads/rc2/CodeSystem/SVC-Basic-Resource"}]}}