<?xml version="1.0" encoding="UTF-8"?><CodeSystem xmlns="http://hl7.org/fhir"><id value="SHC-Category-CodeSystem"/><text><status value="generated"/><div xmlns="http://www.w3.org/1999/xhtml"><p>This code system https://who-int.github.io/svc/refs/heads/rc2/CodeSystem/SHC-Category-CodeSystem defines the following codes:</p><table class="codes"><tr><td style="white-space:nowrap"><b>Code</b></td><td><b>Display</b></td></tr><tr><td style="white-space:nowrap">svc-covid19<a name="SHC-Category-CodeSystem-svc-covid19"> </a></td><td>Smart Vaccination Certificate - COVID19</td></tr></table></div></text><url value="https://who-int.github.io/svc/refs/heads/rc2/CodeSystem/SHC-Category-CodeSystem"/><version value="0.2.0"/><name value="SHC_Category_CodeSystem"/><title value="SHC QR Category Usage Codes"/><status value="active"/><date value="2021-05-18T15:09:58+00:00"/><publisher value="World Health Organization (WHO)"/><contact><telecom><system value="url"/><value value="https://www.who.int"/></telecom></contact><description value="Categorization of Smart Health Certificates"/><content value="complete"/><count value="1"/><concept><code value="svc-covid19"/><display value="Smart Vaccination Certificate - COVID19"/></concept></CodeSystem>