<?xml version="1.0" encoding="UTF-8"?><GraphDefinition xmlns="http://hl7.org/fhir"><id value="svc-graph"/><meta><profile value="https://who-int.github.io/svc/refs/heads/rc2/StructureDefinition/shf-graphdefinition"/></meta><url value="https://who-int.github.io/svc/GraphDefinition/svc-graph"/><version value="0.2.0"/><name value="GraphDefintion for retrieving a Smart Vaccination Certificate from the Smart Health Folder"/><status value="draft"/><experimental value="true"/><date value="2021-05-06"/><publisher value="World Health Organization (WHO)"/><contact><telecom><system value="url"/><value value="https://www.who.int"/></telecom></contact><description value="SHF Graph Definition for retrieving Smart Vaccination Certificates under a [Retrieve Smart Health Folder](transactions.html#retrieve-health-folder) transaction."/><start value="Composition"/><link><path value="SHF_Composition.section[Section_Health_Certificates].entry[SVC]"/><description value="SVC Composition Entry"/><target><type value="Immunization"/></target></link></GraphDefinition>