<?xml version="1.0" encoding="UTF-8"?><ValueSet xmlns="http://hl7.org/fhir"><id value="SHC-QR-Format-ValueSet"/><text><status value="generated"/><div xmlns="http://www.w3.org/1999/xhtml"><ul><li>Include all codes defined in <a href="CodeSystem-SHC-QR-Format-CodeSystem.html"><code>https://who-int.github.io/svc/refs/heads/rc2/CodeSystem/SHC-QR-Format-CodeSystem</code></a></li></ul></div></text><url value="https://who-int.github.io/svc/refs/heads/rc2/ValueSet/SHC-QR-Format-ValueSet"/><version value="0.2.0"/><name value="SHC_QR_Format_ValueSet"/><status value="active"/><date value="2021-05-19T17:38:37+00:00"/><publisher value="World Health Organization (WHO)"/><contact><telecom><system value="url"/><value value="https://www.who.int"/></telecom></contact><description value="Format of the representation of QR code"/><compose><include><system value="https://who-int.github.io/svc/refs/heads/rc2/CodeSystem/SHC-QR-Format-CodeSystem"/></include></compose></ValueSet>