<?xml version="1.0" encoding="UTF-8"?><ValueSet xmlns="http://hl7.org/fhir"><id value="SHC-SectionCode-ValueSet"/><text><status value="generated"/><div xmlns="http://www.w3.org/1999/xhtml"><ul><li>Include all codes defined in <a href="CodeSystem-SHC-SectionCode-CodeSystem.html"><code>https://who-int.github.io/svc/refs/heads/rc2/CodeSystem/SHC-SectionCode-CodeSystem</code></a></li></ul></div></text><url value="https://who-int.github.io/svc/refs/heads/rc2/ValueSet/SHC-SectionCode-ValueSet"/><version value="0.2.0"/><name value="SHC_SectionCode_ValueSet"/><status value="active"/><date value="2021-05-14T00:11:30+00:00"/><publisher value="World Health Organization (WHO)"/><contact><telecom><system value="url"/><value value="https://www.who.int"/></telecom></contact><description value="Content section codes for Smart Health Certificates (SHC)"/><compose><include><system value="https://who-int.github.io/svc/refs/heads/rc2/CodeSystem/SHC-SectionCode-CodeSystem"/></include></compose></ValueSet>