<?xml version="1.0" encoding="UTF-8"?>

<Immunization xmlns="http://hl7.org/fhir">
  <id value="DDCC-Immunization-Arabic"/>
  <meta>
    <profile value="http://worldhealthorganization.github.io/ddcc/StructureDefinition/DDCCImmunization"/>
  </meta>
  <text>
    <status value="extensions"/><div xmlns="http://www.w3.org/1999/xhtml"><p><b>Generated Narrative</b></p><p><b>DDCC Vaccine Brand for Immunization</b>: <span title="{http://worldhealthorganization.github.io/ddcc/CodeSystem/DDCC-Example-Test-CodeSystem TEST}">Test</span></p><p><b>DDCC Country Of Vaccination for Immunization</b>: SAU</p><p><b>DDCC Vaccine Market Authorization for Immunization</b>: <span title="{http://worldhealthorganization.github.io/ddcc/CodeSystem/DDCC-Example-Test-CodeSystem TEST}">Test</span></p><p><b>DDCC Vaccine Valid From</b>: 2021-05-30</p><p><b>status</b>: completed</p><p><b>vaccineCode</b>: <span title="Codes: {http://id.who.int/icd11/mms XM0CX4}">XM0CX4</span></p><p><b>patient</b>: <a href="Patient-DDCC-Patient-Arabic.html">Generated Summary: أولوس أجيريوس(OFFICIAL); birthDate: 2003-03-03</a></p><p><b>occurrence</b>: 2021-05-06</p><p><b>location</b>: <span>موقع التطعيم</span></p><p><b>lotNumber</b>: 123</p><p><b>expirationDate</b>: 2021-06-30</p><h3>Performers</h3><table class="grid"><tr><td>-</td><td><b>Actor</b></td></tr><tr><td>*</td><td><a href="Organization-DDCC-Organization-Arabic.html">Generated Summary: name: مستشفى حكومي</a></td></tr></table><h3>ProtocolApplieds</h3><table class="grid"><tr><td>-</td><td><b>Authority</b></td><td><b>TargetDisease</b></td><td><b>DoseNumber[x]</b></td><td><b>SeriesDoses[x]</b></td></tr><tr><td>*</td><td><a href="Organization-DDCC-Organization-Arabic.html">Generated Summary: name: مستشفى حكومي</a></td><td><span title="Codes: {http://id.who.int/icd11/mms RA01}">RA01</span></td><td>1</td><td>2</td></tr></table></div>
  </text>
  <extension url="http://worldhealthorganization.github.io/ddcc/StructureDefinition/DDCCVaccineBrand">
    <valueCoding>
      <system value="http://worldhealthorganization.github.io/ddcc/CodeSystem/DDCC-Example-Test-CodeSystem"/>
      <code value="TEST"/>
    </valueCoding>
  </extension>
  <extension url="http://worldhealthorganization.github.io/ddcc/StructureDefinition/DDCCCountryOfVaccination">
    <valueCode value="SAU"/>
  </extension>
  <extension url="http://worldhealthorganization.github.io/ddcc/StructureDefinition/DDCCVaccineMarketAuthorization">
    <valueCoding>
      <system value="http://worldhealthorganization.github.io/ddcc/CodeSystem/DDCC-Example-Test-CodeSystem"/>
      <code value="TEST"/>
    </valueCoding>
  </extension>
  <extension url="http://worldhealthorganization.github.io/ddcc/StructureDefinition/DDCCVaccineValidFrom">
    <valueDateTime value="2021-05-30"/>
  </extension>
  <status value="completed"/>
  <vaccineCode>
    <coding>
      <system value="http://id.who.int/icd11/mms"/>
      <code value="XM0CX4"/>
    </coding>
  </vaccineCode>
  <patient>
    <reference value="Patient/DDCC-Patient-Arabic"/>
  </patient>
  <occurrenceDateTime value="2021-05-06"/>
  <location>
    <display value="موقع التطعيم"/>
  </location>
  <lotNumber value="123"/>
  <expirationDate value="2021-06-30"/>
  <performer>
    <actor>
      <reference value="Organization/DDCC-Organization-Arabic"/>
    </actor>
  </performer>
  <protocolApplied>
    <authority>
      <reference value="Organization/DDCC-Organization-Arabic"/>
    </authority>
    <targetDisease>
      <coding>
        <system value="http://id.who.int/icd11/mms"/>
        <code value="RA01"/>
      </coding>
    </targetDisease>
    <doseNumberPositiveInt value="1"/>
    <seriesDosesPositiveInt value="2"/>
  </protocolApplied>
</Immunization>