<?xml version="1.0" encoding="UTF-8"?>

<Patient xmlns="http://hl7.org/fhir">
  <id value="DDCC-Patient-Arabic"/>
  <meta>
    <profile value="http://worldhealthorganization.github.io/ddcc/StructureDefinition/DDCCPatient"/>
  </meta>
  <text>
    <status value="generated"/><div xmlns="http://www.w3.org/1999/xhtml"><p><b>Generated Narrative</b></p><p><b>name</b>: أولوس أجيريوس(OFFICIAL)</p><p><b>birthDate</b>: 2003-03-03</p></div>
  </text>
  <name>
    <use value="official"/>
    <text value="&#x623;&#x648;&#x644;&#x648;&#x633; &#x623;&#x62C;&#x64A;&#x631;&#x64A;&#x648;&#x633;"/>
  </name>
  <birthDate value="2003-03-03"/>
</Patient>