<?xml version="1.0" encoding="UTF-8"?>

<ValueSet xmlns="http://hl7.org/fhir">
  <id value="DDCC-QR-Category-Usage-ValueSet"/>
  <text>
    <status value="generated"/><div xmlns="http://www.w3.org/1999/xhtml"><ul><li>Include all codes defined in <a href="CodeSystem-DDCC-QR-Category-Usage-CodeSystem.html"><code>http://worldhealthorganization.github.io/ddcc/CodeSystem/DDCC-QR-Category-Usage-CodeSystem</code></a></li></ul></div>
  </text>
  <url value="http://worldhealthorganization.github.io/ddcc/ValueSet/DDCC-QR-Category-Usage-ValueSet"/>
  <version value="0.2.1"/>
  <name value="DDCC_QR_Category_Usage_ValueSet"/>
  <title value="DDCC QR Category Usage Codes"/>
  <status value="active"/>
  <date value="2021-08-09T19:17:14+00:00"/>
  <publisher value="World Health Organization (WHO)"/>
  <contact>
    <telecom>
      <system value="url"/>
      <value value="https://www.who.int"/>
    </telecom>
  </contact>
  <description value="Categorization of QR codes by their business usage"/>
  <compose>
    <include>
      <system value="http://worldhealthorganization.github.io/ddcc/CodeSystem/DDCC-QR-Category-Usage-CodeSystem"/>
    </include>
  </compose>
</ValueSet>