<?xml version="1.0" encoding="UTF-8"?><StructureDefinition xmlns="http://hl7.org/fhir"><id value="svc-qr-bundle"/><text><status value="extensions"/><div xmlns="http://www.w3.org/1999/xhtml"><table border="0" cellpadding="0" cellspacing="0" style="border: 0px #F0F0F0 solid; font-size: 11px; font-family: verdana; vertical-align: top;"><tr style="border: 1px #F0F0F0 solid; font-size: 11px; font-family: verdana; vertical-align: top"><th style="vertical-align: top; text-align : left; background-color: white; border: 0px #F0F0F0 solid; padding:0px 4px 0px 4px" class="hierarchy"><a href="http://hl7.org/fhir/R4/formats.html#table" title="The logical name of the element">Name</a></th><th style="vertical-align: top; text-align : left; background-color: white; border: 0px #F0F0F0 solid; padding:0px 4px 0px 4px" class="hierarchy"><a href="http://hl7.org/fhir/R4/formats.html#table" title="Information about the use of the element">Flags</a></th><th style="vertical-align: top; text-align : left; background-color: white; border: 0px #F0F0F0 solid; padding:0px 4px 0px 4px" class="hierarchy"><a href="http://hl7.org/fhir/R4/formats.html#table" title="Minimum and Maximum # of times the the element can appear in the instance">Card.</a></th><th style="width: 100px" class="hierarchy"><a href="http://hl7.org/fhir/R4/formats.html#table" title="Reference to the type of the element">Type</a></th><th style="vertical-align: top; text-align : left; background-color: white; border: 0px #F0F0F0 solid; padding:0px 4px 0px 4px" class="hierarchy"><a href="http://hl7.org/fhir/R4/formats.html#table" title="Additional information about the element">Description &amp; Constraints</a><span style="float: right"><a href="http://hl7.org/fhir/R4/formats.html#table" title="Legend for this format"><img src="http://hl7.org/fhir/R4/help16.png" alt="doco" style="background-color: inherit"/></a></span></th></tr><tr style="border: 0px #F0F0F0 solid; padding:0px; vertical-align: top; background-color: white"><td style="vertical-align: top; text-align : left; background-color: white; border: 0px #F0F0F0 solid; padding:0px 4px 0px 4px; white-space: nowrap; background-image: url(tbl_bck1.png)" class="hierarchy"><img src="tbl_spacer.png" alt="." style="background-color: inherit" class="hierarchy"/><img src="icon_element.gif" alt="." style="background-color: white; background-color: inherit" title="Element" class="hierarchy"/> <a href="StructureDefinition-svc-qr-bundle-definitions.html#SVC_QR_UVCI" title="SVC_QR_UVCI">SVC_QR_UVCI</a><a name="SVC_QR_UVCI"> </a></td><td style="vertical-align: top; text-align : left; background-color: white; border: 0px #F0F0F0 solid; padding:0px 4px 0px 4px" class="hierarchy"/><td style="vertical-align: top; text-align : left; background-color: white; border: 0px #F0F0F0 solid; padding:0px 4px 0px 4px" class="hierarchy">0..*</td><td style="vertical-align: top; text-align : left; background-color: white; border: 0px #F0F0F0 solid; padding:0px 4px 0px 4px" class="hierarchy"><a href="http://hl7.org/fhir/R4/datatypes.html#Element">Element</a></td><td style="vertical-align: top; text-align : left; background-color: white; border: 0px #F0F0F0 solid; padding:0px 4px 0px 4px" class="hierarchy"><span style="opacity: 0.5">Base for all elements</span><br/></td></tr>
<tr style="border: 0px #F0F0F0 solid; padding:0px; vertical-align: top; background-color: #F7F7F7"><td style="vertical-align: top; text-align : left; background-color: #F7F7F7; border: 0px #F0F0F0 solid; padding:0px 4px 0px 4px; white-space: nowrap; background-image: url(tbl_bck01.png)" class="hierarchy"><img src="tbl_spacer.png" alt="." style="background-color: inherit" class="hierarchy"/><img src="tbl_vjoin_end.png" alt="." style="background-color: inherit" class="hierarchy"/><img src="icon_datatype.gif" alt="." style="background-color: #F7F7F7; background-color: inherit" title="Data Type" class="hierarchy"/> <a href="StructureDefinition-svc-qr-bundle-definitions.html#SVC_QR_UVCI.elements" title="Elements of the [SVC Bundle](StructureDefinition-svc-bundle.html) which are QR-Encoded">elements</a><a name="SVC_QR_UVCI.elements"> </a></td><td style="vertical-align: top; text-align : left; background-color: #F7F7F7; border: 0px #F0F0F0 solid; padding:0px 4px 0px 4px" class="hierarchy"/><td style="vertical-align: top; text-align : left; background-color: #F7F7F7; border: 0px #F0F0F0 solid; padding:0px 4px 0px 4px" class="hierarchy">0..1</td><td style="vertical-align: top; text-align : left; background-color: #F7F7F7; border: 0px #F0F0F0 solid; padding:0px 4px 0px 4px" class="hierarchy"><a href="http://hl7.org/fhir/R4/datatypes.html#BackboneElement">BackboneElement</a></td><td style="vertical-align: top; text-align : left; background-color: #F7F7F7; border: 0px #F0F0F0 solid; padding:0px 4px 0px 4px" class="hierarchy">QR Encoded Elements of SVC UVCI</td></tr>
<tr style="border: 0px #F0F0F0 solid; padding:0px; vertical-align: top; background-color: white"><td style="vertical-align: top; text-align : left; background-color: white; border: 0px #F0F0F0 solid; padding:0px 4px 0px 4px; white-space: nowrap; background-image: url(tbl_bck010.png)" class="hierarchy"><img src="tbl_spacer.png" alt="." style="background-color: inherit" class="hierarchy"/><img src="tbl_blank.png" alt="." style="background-color: inherit" class="hierarchy"/><img src="tbl_vjoin.png" alt="." style="background-color: inherit" class="hierarchy"/><img src="icon_primitive.png" alt="." style="background-color: white; background-color: inherit" title="Primitive Data Type" class="hierarchy"/> <a href="StructureDefinition-svc-qr-bundle-definitions.html#SVC_QR_UVCI.elements.name" title="Name of SVC holder">name</a><a name="SVC_QR_UVCI.elements.name"> </a></td><td style="vertical-align: top; text-align : left; background-color: white; border: 0px #F0F0F0 solid; padding:0px 4px 0px 4px" class="hierarchy"/><td style="vertical-align: top; text-align : left; background-color: white; border: 0px #F0F0F0 solid; padding:0px 4px 0px 4px" class="hierarchy">0..1</td><td style="vertical-align: top; text-align : left; background-color: white; border: 0px #F0F0F0 solid; padding:0px 4px 0px 4px" class="hierarchy"><a href="http://hl7.org/fhir/R4/datatypes.html#string">string</a></td><td style="vertical-align: top; text-align : left; background-color: white; border: 0px #F0F0F0 solid; padding:0px 4px 0px 4px" class="hierarchy">Name</td></tr>
<tr style="border: 0px #F0F0F0 solid; padding:0px; vertical-align: top; background-color: #F7F7F7"><td style="vertical-align: top; text-align : left; background-color: #F7F7F7; border: 0px #F0F0F0 solid; padding:0px 4px 0px 4px; white-space: nowrap; background-image: url(tbl_bck010.png)" class="hierarchy"><img src="tbl_spacer.png" alt="." style="background-color: inherit" class="hierarchy"/><img src="tbl_blank.png" alt="." style="background-color: inherit" class="hierarchy"/><img src="tbl_vjoin.png" alt="." style="background-color: inherit" class="hierarchy"/><img src="icon_primitive.png" alt="." style="background-color: #F7F7F7; background-color: inherit" title="Primitive Data Type" class="hierarchy"/> <a href="StructureDefinition-svc-qr-bundle-definitions.html#SVC_QR_UVCI.elements.birthDate" title="Date of birth of SVC holder">birthDate</a><a name="SVC_QR_UVCI.elements.birthDate"> </a></td><td style="vertical-align: top; text-align : left; background-color: #F7F7F7; border: 0px #F0F0F0 solid; padding:0px 4px 0px 4px" class="hierarchy"/><td style="vertical-align: top; text-align : left; background-color: #F7F7F7; border: 0px #F0F0F0 solid; padding:0px 4px 0px 4px" class="hierarchy">0..1</td><td style="vertical-align: top; text-align : left; background-color: #F7F7F7; border: 0px #F0F0F0 solid; padding:0px 4px 0px 4px" class="hierarchy"><a href="http://hl7.org/fhir/R4/datatypes.html#date">date</a></td><td style="vertical-align: top; text-align : left; background-color: #F7F7F7; border: 0px #F0F0F0 solid; padding:0px 4px 0px 4px" class="hierarchy">Date of Birth</td></tr>
<tr style="border: 0px #F0F0F0 solid; padding:0px; vertical-align: top; background-color: white"><td style="vertical-align: top; text-align : left; background-color: white; border: 0px #F0F0F0 solid; padding:0px 4px 0px 4px; white-space: nowrap; background-image: url(tbl_bck010.png)" class="hierarchy"><img src="tbl_spacer.png" alt="." style="background-color: inherit" class="hierarchy"/><img src="tbl_blank.png" alt="." style="background-color: inherit" class="hierarchy"/><img src="tbl_vjoin.png" alt="." style="background-color: inherit" class="hierarchy"/><img src="icon_primitive.png" alt="." style="background-color: white; background-color: inherit" title="Primitive Data Type" class="hierarchy"/> <a href="StructureDefinition-svc-qr-bundle-definitions.html#SVC_QR_UVCI.elements.patientid" title="Identifier of the [SVC Patient](StructureDefinition-svc-patient.html) that represents the Paper SVC Card">patientid</a><a name="SVC_QR_UVCI.elements.patientid"> </a></td><td style="vertical-align: top; text-align : left; background-color: white; border: 0px #F0F0F0 solid; padding:0px 4px 0px 4px" class="hierarchy"/><td style="vertical-align: top; text-align : left; background-color: white; border: 0px #F0F0F0 solid; padding:0px 4px 0px 4px" class="hierarchy">0..1</td><td style="vertical-align: top; text-align : left; background-color: white; border: 0px #F0F0F0 solid; padding:0px 4px 0px 4px" class="hierarchy"><a href="http://hl7.org/fhir/R4/datatypes.html#string">string</a></td><td style="vertical-align: top; text-align : left; background-color: white; border: 0px #F0F0F0 solid; padding:0px 4px 0px 4px" class="hierarchy">Paper SVC Patient Identifier</td></tr>
<tr style="border: 0px #F0F0F0 solid; padding:0px; vertical-align: top; background-color: #F7F7F7"><td style="vertical-align: top; text-align : left; background-color: #F7F7F7; border: 0px #F0F0F0 solid; padding:0px 4px 0px 4px; white-space: nowrap; background-image: url(tbl_bck010.png)" class="hierarchy"><img src="tbl_spacer.png" alt="." style="background-color: inherit" class="hierarchy"/><img src="tbl_blank.png" alt="." style="background-color: inherit" class="hierarchy"/><img src="tbl_vjoin.png" alt="." style="background-color: inherit" class="hierarchy"/><img src="icon_primitive.png" alt="." style="background-color: #F7F7F7; background-color: inherit" title="Primitive Data Type" class="hierarchy"/> <a href="StructureDefinition-svc-qr-bundle-definitions.html#SVC_QR_UVCI.elements.paperid" title="Identifier of the [SVC Composition](StructureDefinition-svc-composition.html) that represents the Paper SVC Card">paperid</a><a name="SVC_QR_UVCI.elements.paperid"> </a></td><td style="vertical-align: top; text-align : left; background-color: #F7F7F7; border: 0px #F0F0F0 solid; padding:0px 4px 0px 4px" class="hierarchy"/><td style="vertical-align: top; text-align : left; background-color: #F7F7F7; border: 0px #F0F0F0 solid; padding:0px 4px 0px 4px" class="hierarchy">0..1</td><td style="vertical-align: top; text-align : left; background-color: #F7F7F7; border: 0px #F0F0F0 solid; padding:0px 4px 0px 4px" class="hierarchy"><a href="http://hl7.org/fhir/R4/datatypes.html#string">string</a></td><td style="vertical-align: top; text-align : left; background-color: #F7F7F7; border: 0px #F0F0F0 solid; padding:0px 4px 0px 4px" class="hierarchy">Paper SVC Composition Identifier</td></tr>
<tr style="border: 0px #F0F0F0 solid; padding:0px; vertical-align: top; background-color: white"><td style="vertical-align: top; text-align : left; background-color: white; border: 0px #F0F0F0 solid; padding:0px 4px 0px 4px; white-space: nowrap; background-image: url(tbl_bck010.png)" class="hierarchy"><img src="tbl_spacer.png" alt="." style="background-color: inherit" class="hierarchy"/><img src="tbl_blank.png" alt="." style="background-color: inherit" class="hierarchy"/><img src="tbl_vjoin.png" alt="." style="background-color: inherit" class="hierarchy"/><img src="icon_primitive.png" alt="." style="background-color: white; background-color: inherit" title="Primitive Data Type" class="hierarchy"/> <a href="StructureDefinition-svc-qr-bundle-definitions.html#SVC_QR_UVCI.elements.digitalid" title="Identifier of the [SVC Composition](StructureDefinition-svc-composition.html) that represents the Digital SVC Card">digitalid</a><a name="SVC_QR_UVCI.elements.digitalid"> </a></td><td style="vertical-align: top; text-align : left; background-color: white; border: 0px #F0F0F0 solid; padding:0px 4px 0px 4px" class="hierarchy"/><td style="vertical-align: top; text-align : left; background-color: white; border: 0px #F0F0F0 solid; padding:0px 4px 0px 4px" class="hierarchy">0..1</td><td style="vertical-align: top; text-align : left; background-color: white; border: 0px #F0F0F0 solid; padding:0px 4px 0px 4px" class="hierarchy"><a href="http://hl7.org/fhir/R4/datatypes.html#string">string</a></td><td style="vertical-align: top; text-align : left; background-color: white; border: 0px #F0F0F0 solid; padding:0px 4px 0px 4px" class="hierarchy">Digital SVC Composition Identifier</td></tr>
<tr style="border: 0px #F0F0F0 solid; padding:0px; vertical-align: top; background-color: #F7F7F7"><td style="vertical-align: top; text-align : left; background-color: #F7F7F7; border: 0px #F0F0F0 solid; padding:0px 4px 0px 4px; white-space: nowrap; background-image: url(tbl_bck000.png)" class="hierarchy"><img src="tbl_spacer.png" alt="." style="background-color: inherit" class="hierarchy"/><img src="tbl_blank.png" alt="." style="background-color: inherit" class="hierarchy"/><img src="tbl_vjoin_end.png" alt="." style="background-color: inherit" class="hierarchy"/><img src="icon_primitive.png" alt="." style="background-color: #F7F7F7; background-color: inherit" title="Primitive Data Type" class="hierarchy"/> <a href="StructureDefinition-svc-qr-bundle-definitions.html#SVC_QR_UVCI.elements.signature" title="Signature of the [SVC Bundle](StructureDefinition-svc-bundle.html) using a PHA&#39;s DSC">signature</a><a name="SVC_QR_UVCI.elements.signature"> </a></td><td style="vertical-align: top; text-align : left; background-color: #F7F7F7; border: 0px #F0F0F0 solid; padding:0px 4px 0px 4px" class="hierarchy"/><td style="vertical-align: top; text-align : left; background-color: #F7F7F7; border: 0px #F0F0F0 solid; padding:0px 4px 0px 4px" class="hierarchy">0..1</td><td style="vertical-align: top; text-align : left; background-color: #F7F7F7; border: 0px #F0F0F0 solid; padding:0px 4px 0px 4px" class="hierarchy"><a href="http://hl7.org/fhir/R4/datatypes.html#string">string</a></td><td style="vertical-align: top; text-align : left; background-color: #F7F7F7; border: 0px #F0F0F0 solid; padding:0px 4px 0px 4px" class="hierarchy">SVC Signature </td></tr>
<tr><td colspan="5" class="hierarchy"><br/><a href="http://hl7.org/fhir/R4/formats.html#table" title="Legend for this format"><img src="http://hl7.org/fhir/R4/help16.png" alt="doco" style="background-color: inherit"/> Documentation for this format</a></td></tr></table></div></text><url value="http://who-int.github.io/svc/StructureDefinition/SVC_QR_UVCI"/><version value="0.2.0"/><name value="svc-qr-uvci"/><status value="draft"/><date value="2021-03-27T22:22:52+00:00"/><publisher value="World Health Organization (WHO)"/><contact><telecom><system value="url"/><value value="https://www.who.int"/></telecom></contact><fhirVersion value="4.0.1"/><mapping><identity value="rim"/><uri value="http://hl7.org/v3"/><name value="RIM Mapping"/></mapping><kind value="logical"/><abstract value="false"/><type value="SVC_QR_UVCI"/><baseDefinition value="http://hl7.org/fhir/StructureDefinition/Element"/><derivation value="specialization"/><snapshot><element id="SVC_QR_UVCI"><path value="SVC_QR_UVCI"/><short value="Base for all elements"/><definition value="SVC_QR_UVCI"/><min value="0"/><max value="*"/><base><path value="Element"/><min value="0"/><max value="*"/></base><condition value="ele-1"/><constraint><key value="ele-1"/><severity value="error"/><human value="All FHIR elements must have a @value or children"/><expression value="hasValue() or (children().count() &gt; id.count())"/><xpath value="@value|f:*|h:div"/><source value="http://hl7.org/fhir/StructureDefinition/Element"/></constraint><isModifier value="false"/><mapping><identity value="rim"/><map value="n/a"/></mapping></element><element id="SVC_QR_UVCI.id"><path value="SVC_QR_UVCI.id"/><representation value="xmlAttr"/><short value="Unique id for inter-element referencing"/><definition value="Unique id for the element within a resource (for internal references). This may be any string value that does not contain spaces."/><min value="0"/><max value="1"/><base><path value="Element.id"/><min value="0"/><max value="1"/></base><type><extension url="http://hl7.org/fhir/StructureDefinition/structuredefinition-fhir-type"><valueUrl value="string"/></extension><code value="http://hl7.org/fhirpath/System.String"/></type><isModifier value="false"/><isSummary value="false"/><mapping><identity value="rim"/><map value="n/a"/></mapping></element><element id="SVC_QR_UVCI.extension"><path value="SVC_QR_UVCI.extension"/><slicing><discriminator><type value="value"/><path value="url"/></discriminator><description value="Extensions are always sliced by (at least) url"/><rules value="open"/></slicing><short value="Additional content defined by implementations"/><definition value="May be used to represent additional information that is not part of the basic definition of the element. To make the use of extensions safe and manageable, there is a strict set of governance  applied to the definition and use of extensions. Though any implementer can define an extension, there is a set of requirements that SHALL be met as part of the definition of the extension."/><comment value="There can be no stigma associated with the use of extensions by any application, project, or standard - regardless of the institution or jurisdiction that uses or defines the extensions.  The use of extensions is what allows the FHIR specification to retain a core level of simplicity for everyone."/><alias value="extensions"/><alias value="user content"/><min value="0"/><max value="*"/><base><path value="Element.extension"/><min value="0"/><max value="*"/></base><type><code value="Extension"/></type><constraint><key value="ele-1"/><severity value="error"/><human value="All FHIR elements must have a @value or children"/><expression value="hasValue() or (children().count() &gt; id.count())"/><xpath value="@value|f:*|h:div"/><source value="http://hl7.org/fhir/StructureDefinition/Element"/></constraint><constraint><key value="ext-1"/><severity value="error"/><human value="Must have either extensions or value[x], not both"/><expression value="extension.exists() != value.exists()"/><xpath value="exists(f:extension)!=exists(f:*[starts-with(local-name(.), &quot;value&quot;)])"/><source value="http://hl7.org/fhir/StructureDefinition/Extension"/></constraint><isModifier value="false"/><isSummary value="false"/><mapping><identity value="rim"/><map value="n/a"/></mapping></element><element id="SVC_QR_UVCI.elements"><path value="SVC_QR_UVCI.elements"/><short value="QR Encoded Elements of SVC UVCI"/><definition value="Elements of the [SVC Bundle](http://hl7.org/fhir/R4/StructureDefinition-svc-bundle.html) which are QR-Encoded"/><min value="0"/><max value="1"/><base><path value="SVC_QR_UVCI.elements"/><min value="0"/><max value="1"/></base><type><code value="BackboneElement"/></type></element><element id="SVC_QR_UVCI.elements.name"><path value="SVC_QR_UVCI.elements.name"/><short value="Name"/><definition value="Name of SVC holder"/><min value="0"/><max value="1"/><base><path value="SVC_QR_UVCI.elements.name"/><min value="0"/><max value="1"/></base><type><code value="string"/></type></element><element id="SVC_QR_UVCI.elements.birthDate"><path value="SVC_QR_UVCI.elements.birthDate"/><short value="Date of Birth"/><definition value="Date of birth of SVC holder"/><min value="0"/><max value="1"/><base><path value="SVC_QR_UVCI.elements.birthDate"/><min value="0"/><max value="1"/></base><type><code value="date"/></type></element><element id="SVC_QR_UVCI.elements.patientid"><path value="SVC_QR_UVCI.elements.patientid"/><short value="Paper SVC Patient Identifier"/><definition value="Identifier of the [SVC Patient](http://hl7.org/fhir/R4/StructureDefinition-svc-patient.html) that represents the Paper SVC Card"/><min value="0"/><max value="1"/><base><path value="SVC_QR_UVCI.elements.patientid"/><min value="0"/><max value="1"/></base><type><code value="string"/></type></element><element id="SVC_QR_UVCI.elements.paperid"><path value="SVC_QR_UVCI.elements.paperid"/><short value="Paper SVC Composition Identifier"/><definition value="Identifier of the [SVC Composition](http://hl7.org/fhir/R4/StructureDefinition-svc-composition.html) that represents the Paper SVC Card"/><min value="0"/><max value="1"/><base><path value="SVC_QR_UVCI.elements.paperid"/><min value="0"/><max value="1"/></base><type><code value="string"/></type></element><element id="SVC_QR_UVCI.elements.digitalid"><path value="SVC_QR_UVCI.elements.digitalid"/><short value="Digital SVC Composition Identifier"/><definition value="Identifier of the [SVC Composition](http://hl7.org/fhir/R4/StructureDefinition-svc-composition.html) that represents the Digital SVC Card"/><min value="0"/><max value="1"/><base><path value="SVC_QR_UVCI.elements.digitalid"/><min value="0"/><max value="1"/></base><type><code value="string"/></type></element><element id="SVC_QR_UVCI.elements.signature"><path value="SVC_QR_UVCI.elements.signature"/><short value="SVC Signature "/><definition value="Signature of the [SVC Bundle](http://hl7.org/fhir/R4/StructureDefinition-svc-bundle.html) using a PHA&#39;s DSC"/><min value="0"/><max value="1"/><base><path value="SVC_QR_UVCI.elements.signature"/><min value="0"/><max value="1"/></base><type><code value="string"/></type></element></snapshot><differential><element id="SVC_QR_UVCI"><path value="SVC_QR_UVCI"/><definition value="SVC_QR_UVCI"/><min value="0"/><max value="*"/></element><element id="SVC_QR_UVCI.elements"><path value="SVC_QR_UVCI.elements"/><short value="QR Encoded Elements of SVC UVCI"/><definition value="Elements of the [SVC Bundle](StructureDefinition-svc-bundle.html) which are QR-Encoded"/><min value="0"/><max value="1"/><type><code value="BackboneElement"/></type></element><element id="SVC_QR_UVCI.elements.name"><path value="SVC_QR_UVCI.elements.name"/><short value="Name"/><definition value="Name of SVC holder"/><min value="0"/><max value="1"/><type><code value="string"/></type></element><element id="SVC_QR_UVCI.elements.birthDate"><path value="SVC_QR_UVCI.elements.birthDate"/><short value="Date of Birth"/><definition value="Date of birth of SVC holder"/><min value="0"/><max value="1"/><type><code value="date"/></type></element><element id="SVC_QR_UVCI.elements.patientid"><path value="SVC_QR_UVCI.elements.patientid"/><short value="Paper SVC Patient Identifier"/><definition value="Identifier of the [SVC Patient](StructureDefinition-svc-patient.html) that represents the Paper SVC Card"/><min value="0"/><max value="1"/><type><code value="string"/></type></element><element id="SVC_QR_UVCI.elements.paperid"><path value="SVC_QR_UVCI.elements.paperid"/><short value="Paper SVC Composition Identifier"/><definition value="Identifier of the [SVC Composition](StructureDefinition-svc-composition.html) that represents the Paper SVC Card"/><min value="0"/><max value="1"/><type><code value="string"/></type></element><element id="SVC_QR_UVCI.elements.digitalid"><path value="SVC_QR_UVCI.elements.digitalid"/><short value="Digital SVC Composition Identifier"/><definition value="Identifier of the [SVC Composition](StructureDefinition-svc-composition.html) that represents the Digital SVC Card"/><min value="0"/><max value="1"/><type><code value="string"/></type></element><element id="SVC_QR_UVCI.elements.signature"><path value="SVC_QR_UVCI.elements.signature"/><short value="SVC Signature "/><definition value="Signature of the [SVC Bundle](StructureDefinition-svc-bundle.html) using a PHA&#39;s DSC"/><min value="0"/><max value="1"/><type><code value="string"/></type></element></differential></StructureDefinition>