
<div xmlns="http://www.w3.org/1999/xhtml" xmlns:xsi="http://www.w3.org/2001/XMLSchema-instance" xsi:schemaLocation="http://hl7.org/fhir ../../input-cache/schemas/R5/fhir-single.xsd">

  <h3 id="logical-models">Logical Models</h3>

  <div>
    <ul>
      <li><a href="StructureDefinition-DDCCCoreDataSetCoC.html">Continuity of Care Core Data Set</a></li>
      <li><a href="StructureDefinition-DDCCCoreDataSetPoV.html">Proof of Vaccination Core Data Set</a></li>
    </ul>
  </div>

  <h3 id="logical-models">Core Data Set</h3>
	<p>The published version of the DDCC:VS Core data dictionary is available in Web Annex A at [link forthcoming].</p>

</div>
