{
  "resourceType": "Immunization",
  "id": "DDCC-Immunization-French",
  "meta": {
    "profile": [
      "http://worldhealthorganization.github.io/ddcc/StructureDefinition/DDCCImmunization"
    ]
  },
  "text": {
    "status": "extensions",
    "div": "<div xmlns=\"http://www.w3.org/1999/xhtml\"><p><b>Generated Narrative</b></p><p><b>DDCC Vaccine Brand for Immunization</b>: <span title=\"{http://worldhealthorganization.github.io/ddcc/CodeSystem/DDCC-Example-Test-CodeSystem TEST}\">Test</span></p><p><b>DDCC Country Of Vaccination for Immunization</b>: FRA</p><p><b>DDCC Vaccine Market Authorization for Immunization</b>: <span title=\"{http://worldhealthorganization.github.io/ddcc/CodeSystem/DDCC-Example-Test-CodeSystem TEST}\">Test</span></p><p><b>DDCC Vaccine Valid From</b>: 2021-05-30</p><p><b>status</b>: completed</p><p><b>vaccineCode</b>: <span title=\"Codes: {http://id.who.int/icd11/mms XM0CX4}\">Vaccin COVID-19, vecteur viral répliquant</span></p><p><b>patient</b>: <a href=\"Patient-DDCC-Patient-French.html\">Generated Summary: Aulus Agerius(OFFICIAL); birthDate: 2003-03-03</a></p><p><b>occurrence</b>: 2021-05-06</p><p><b>location</b>: <span>Site de vaccination</span></p><p><b>lotNumber</b>: 123</p><p><b>expirationDate</b>: 2021-06-30</p><h3>Performers</h3><table class=\"grid\"><tr><td>-</td><td><b>Actor</b></td></tr><tr><td>*</td><td><a href=\"Organization-DDCC-Organization-French.html\">Generated Summary: name: Hôpital du gouvernement</a></td></tr></table><h3>ProtocolApplieds</h3><table class=\"grid\"><tr><td>-</td><td><b>Authority</b></td><td><b>TargetDisease</b></td><td><b>DoseNumber[x]</b></td><td><b>SeriesDoses[x]</b></td></tr><tr><td>*</td><td><a href=\"Organization-DDCC-Organization-French.html\">Generated Summary: name: Hôpital du gouvernement</a></td><td><span title=\"Codes: {http://id.who.int/icd11/mms RA01}\">COVID-19</span></td><td>1</td><td>2</td></tr></table></div>"
  },
  "extension": [
    {
      "url": "http://worldhealthorganization.github.io/ddcc/StructureDefinition/DDCCVaccineBrand",
      "valueCoding": {
        "system": "http://worldhealthorganization.github.io/ddcc/CodeSystem/DDCC-Example-Test-CodeSystem",
        "code": "TEST"
      }
    },
    {
      "url": "http://worldhealthorganization.github.io/ddcc/StructureDefinition/DDCCCountryOfVaccination",
      "valueCode": "FRA"
    },
    {
      "url": "http://worldhealthorganization.github.io/ddcc/StructureDefinition/DDCCVaccineMarketAuthorization",
      "valueCoding": {
        "system": "http://worldhealthorganization.github.io/ddcc/CodeSystem/DDCC-Example-Test-CodeSystem",
        "code": "TEST"
      }
    },
    {
      "url": "http://worldhealthorganization.github.io/ddcc/StructureDefinition/DDCCVaccineValidFrom",
      "valueDateTime": "2021-05-30"
    }
  ],
  "status": "completed",
  "vaccineCode": {
    "coding": [
      {
        "system": "http://id.who.int/icd11/mms",
        "code": "XM0CX4",
        "display": "Vaccin COVID-19, vecteur viral répliquant"
      }
    ]
  },
  "patient": {
    "reference": "Patient/DDCC-Patient-French"
  },
  "occurrenceDateTime": "2021-05-06",
  "location": {
    "display": "Site de vaccination"
  },
  "lotNumber": "123",
  "expirationDate": "2021-06-30",
  "performer": [
    {
      "actor": {
        "reference": "Organization/DDCC-Organization-French"
      }
    }
  ],
  "protocolApplied": [
    {
      "authority": {
        "reference": "Organization/DDCC-Organization-French"
      },
      "targetDisease": [
        {
          "coding": [
            {
              "system": "http://id.who.int/icd11/mms",
              "code": "RA01",
              "display": "COVID-19"
            }
          ]
        }
      ],
      "doseNumberPositiveInt": 1,
      "seriesDosesPositiveInt": 2
    }
  ]
}