<?xml version="1.0" encoding="UTF-8"?>

<ImmunizationRecommendation xmlns="http://hl7.org/fhir">
  <id value="DDCC-ImmunizationRecommendation-Arabic"/>
  <meta>
    <profile value="http://worldhealthorganization.github.io/ddcc/StructureDefinition/DDCCImmunizationRecommendation"/>
  </meta>
  <text>
    <status value="generated"/><div xmlns="http://www.w3.org/1999/xhtml"><p><b>Generated Narrative</b></p><p><b>patient</b>: <a href="Patient-DDCC-Patient-Arabic.html">Generated Summary: أولوس أجيريوس(OFFICIAL); birthDate: 2003-03-03</a></p><p><b>date</b>: 2021-05-06</p><blockquote><p><b>recommendation</b></p><p><b>vaccineCode</b>: <span title="Codes: {http://id.who.int/icd11/mms XM0CX4}">XM0CX4</span></p><p><b>forecastStatus</b>: <span title="Codes: {http://terminology.hl7.org/CodeSystem/immunization-recommendation-status due}">Due</span></p><h3>DateCriterions</h3><table class="grid"><tr><td>-</td><td><b>Code</b></td><td><b>Value</b></td></tr><tr><td>*</td><td><span title="Codes: {http://loinc.org 30980-7}">Date vaccine due</span></td><td>2021-05-20</td></tr></table><p><b>supportingImmunization</b>: <a href="Immunization-DDCC-Immunization-Arabic.html">Generated Summary: status: completed; <span title="Codes: {http://id.who.int/icd11/mms XM0CX4}">XM0CX4</span>; occurrence: 2021-05-06; lotNumber: 123; expirationDate: 2021-06-30</a></p></blockquote></div>
  </text>
  <patient>
    <reference value="Patient/DDCC-Patient-Arabic"/>
  </patient>
  <date value="2021-05-06"/>
  <recommendation>
    <vaccineCode>
      <coding>
        <system value="http://id.who.int/icd11/mms"/>
        <code value="XM0CX4"/>
      </coding>
    </vaccineCode>
    <forecastStatus>
      <coding>
        <system value="http://terminology.hl7.org/CodeSystem/immunization-recommendation-status"/>
        <code value="due"/>
      </coding>
    </forecastStatus>
    <dateCriterion>
      <code>
        <coding>
          <system value="http://loinc.org"/>
          <code value="30980-7"/>
        </coding>
      </code>
      <value value="2021-05-20"/>
    </dateCriterion>
    <supportingImmunization>
      <reference value="Immunization/DDCC-Immunization-Arabic"/>
    </supportingImmunization>
  </recommendation>
</ImmunizationRecommendation>