<?xml version="1.0" encoding="UTF-8"?>

<Patient xmlns="http://hl7.org/fhir">
  <id value="DDCC-Patient-English"/>
  <meta>
    <profile value="http://worldhealthorganization.github.io/ddcc/StructureDefinition/DDCCPatient"/>
  </meta>
  <text>
    <status value="generated"/><div xmlns="http://www.w3.org/1999/xhtml"><p><b>Generated Narrative</b></p><p><b>name</b>: Aulus Agerius(OFFICIAL)</p><p><b>birthDate</b>: 2003-03-03</p></div>
  </text>
  <name>
    <use value="official"/>
    <text value="Aulus Agerius"/>
  </name>
  <birthDate value="2003-03-03"/>
</Patient>