<?xml version="1.0" encoding="UTF-8"?>

<ValueSet xmlns="http://hl7.org/fhir">
  <id value="who-ddcc-vaccines-covid-19"/>
  <text>
    <status value="generated"/><div xmlns="http://www.w3.org/1999/xhtml"><ul><li>Include these codes as defined in <code>http://id.who.int/icd11/mms</code><table class="none"><tr><td style="white-space:nowrap"><b>Code</b></td><td><b>Display</b></td></tr><tr><td>XM68M6</td><td>COVID-19 vaccine</td></tr><tr><td>XM1NL1</td><td>COVID-19 vaccine, inactivated virus</td></tr><tr><td>XM5DF6</td><td>COVID-19 vaccine, live attenuated virus</td></tr><tr><td>XM9QW8</td><td>COVID-19 vaccine, non-replicating viral vector</td></tr><tr><td>XM0CX4</td><td>COVID-19 vaccine, replicating viral vector</td></tr><tr><td>XM5JC5</td><td>COVID-19 vaccine, virus protein subunit</td></tr><tr><td>XM1J92</td><td>COVID-19 vaccine, virus like particle (VLP)</td></tr><tr><td>XM6AT1</td><td>COVID-19 vaccine, DNA based</td></tr><tr><td>XM0GQ8</td><td>COVID-19 vaccine, RNA based</td></tr></table></li></ul></div>
  </text>
  <url value="http://worldhealthorganization.github.io/ddcc/ValueSet/who-ddcc-vaccines-covid-19"/>
  <version value="0.2.1"/>
  <name value="WHO_DDCC_Vaccines_COVID_19"/>
  <title value="WHO Vaccine List (COVID-19)"/>
  <status value="draft"/>
  <date value="2021-08-27T04:53:02+00:00"/>
  <publisher value="World Health Organization (WHO)"/>
  <contact>
    <telecom>
      <system value="url"/>
      <value value="https://www.who.int"/>
    </telecom>
  </contact>
  <description value="WHO Vaccine List (COVID-19) from [ICD 11](https://icd.who.int/browse11)"/>
  <compose>
    <include>
      <system value="http://id.who.int/icd11/mms"/>
      <concept>
        <code value="XM68M6"/>
        <display value="COVID-19 vaccine"/>
      </concept>
      <concept>
        <code value="XM1NL1"/>
        <display value="COVID-19 vaccine, inactivated virus"/>
      </concept>
      <concept>
        <code value="XM5DF6"/>
        <display value="COVID-19 vaccine, live attenuated virus"/>
      </concept>
      <concept>
        <code value="XM9QW8"/>
        <display value="COVID-19 vaccine, non-replicating viral vector"/>
      </concept>
      <concept>
        <code value="XM0CX4"/>
        <display value="COVID-19 vaccine, replicating viral vector"/>
      </concept>
      <concept>
        <code value="XM5JC5"/>
        <display value="COVID-19 vaccine, virus protein subunit"/>
      </concept>
      <concept>
        <code value="XM1J92"/>
        <display value="COVID-19 vaccine, virus like particle (VLP)"/>
      </concept>
      <concept>
        <code value="XM6AT1"/>
        <display value="COVID-19 vaccine, DNA based"/>
      </concept>
      <concept>
        <code value="XM0GQ8"/>
        <display value="COVID-19 vaccine, RNA based"/>
      </concept>
    </include>
  </compose>
</ValueSet>