<?xml version="1.0" encoding="UTF-8"?>

<ValueSet xmlns="http://hl7.org/fhir">
  <id value="who-ddcc-disease-targeted-covid-19"/>
  <text>
    <status value="generated"/><div xmlns="http://www.w3.org/1999/xhtml"><ul><li>Include these codes as defined in <code>http://id.who.int/icd11/mms</code><table class="none"><tr><td style="white-space:nowrap"><b>Code</b></td><td><b>Display</b></td></tr><tr><td>RA01</td><td>COVID-19</td></tr></table></li></ul></div>
  </text>
  <url value="http://worldhealthorganization.github.io/ddcc/ValueSet/who-ddcc-disease-targeted-covid-19"/>
  <version value="0.2.1"/>
  <name value="WHO_DDCC_Disease_Targeted_COVID_19"/>
  <title value="WHO Disease or Agent Targeted (COVID-19)"/>
  <status value="draft"/>
  <date value="2021-08-09T17:45:09+00:00"/>
  <publisher value="World Health Organization (WHO)"/>
  <contact>
    <telecom>
      <system value="url"/>
      <value value="https://www.who.int"/>
    </telecom>
  </contact>
  <description value="WHO Disease or Agent Targeted List (COVID-19) from [ICD 11](https://icd.who.int/browse11)"/>
  <compose>
    <include>
      <system value="http://id.who.int/icd11/mms"/>
      <concept>
        <code value="RA01"/>
        <display value="COVID-19"/>
      </concept>
    </include>
  </compose>
</ValueSet>