<div xmlns="http://www.w3.org/1999/xhtml" xmlns:xsi="http://www.w3.org/2001/XMLSchema-instance" xsi:schemaLocation="http://hl7.org/fhir ../../input-cache/schemas/R5/fhir-single.xsd">

  <p style="background-color: #ffefef; border:1px solid maroon; padding: 5px;max-width: 790px;">
    For the latest published definitions, refer to the Digital Documentation of COVID-19 Certificates guidance.
  </p>
  
  <h3>Digitize Immunization Event (Paper)</h3><a name="record_imm"> </a>
    {% include digi_imm_paper.svg %}

  <h3>Digitize Immunization Event (Online)</h3><a name="record_imm"> </a>
    {% include digi_imm_online.svg %}

  <h3>Request Digital DDCC</h3><a name="request_digital_DDCC"> </a>
    {% include request_digital.svg %}
  
</div>
