{
  "resourceType": "CodeSystem",
  "id": "DDCC-QR-Format-CodeSystem",
  "text": {
    "status": "generated",
    "div": "<div xmlns=\"http://www.w3.org/1999/xhtml\"><p>This code system https://who-int.github.io/svc/refs/heads/rc2/CodeSystem/DDCC-QR-Format-CodeSystem defines the following codes:</p><table class=\"codes\"><tr><td style=\"white-space:nowrap\"><b>Code</b></td><td><b>Display</b></td></tr><tr><td style=\"white-space:nowrap\">image<a name=\"DDCC-QR-Format-CodeSystem-image\"> </a></td><td>Image</td></tr><tr><td style=\"white-space:nowrap\">serialized<a name=\"DDCC-QR-Format-CodeSystem-serialized\"> </a></td><td>Serialized QR Content</td></tr></table></div>"
  },
  "url": "https://who-int.github.io/svc/refs/heads/rc2/CodeSystem/DDCC-QR-Format-CodeSystem",
  "version": "0.2.1",
  "name": "DDCC_QR_Format_CodeSystem",
  "title": "DDCC QR Format Codes",
  "status": "active",
  "date": "2021-06-11T14:32:12+00:00",
  "publisher": "World Health Organization (WHO)",
  "contact": [
    {
      "telecom": [
        {
          "system": "url",
          "value": "https://www.who.int"
        }
      ]
    }
  ],
  "description": "Possible formats available for QR data.",
  "content": "complete",
  "count": 2,
  "concept": [
    {
      "code": "image",
      "display": "Image"
    },
    {
      "code": "serialized",
      "display": "Serialized QR Content"
    }
  ]
}