{"resourceType":"CapabilityStatement","id":"WHO.SHC.Generator","text":{"status":"generated","div":"<div xmlns=\"http://www.w3.org/1999/xhtml\">\n      <p>Capability Statement for a SHC Generator</p>\n         \n    </div>"},"url":"https://who-int.github.io/svc/refs/headers/rc2/CapabilityStatement/WHO.SHC.Generator","version":"0.2.0","name":"WHO.SHC.Generator","title":"WHO SHC Generator","status":"draft","experimental":true,"date":"2021-05-06","publisher":"World Health Organization (WHO)","contact":[{"telecom":[{"system":"url","value":"https://www.who.int"}]}],"description":"CapabilityStatement for WHO SHC Generator actor.","kind":"requirements","fhirVersion":"4.0.1","format":["application/fhir+xml","application/fhir+json"],"rest":[{"mode":"server","documentation":"SHC Generator Server Actor","resource":[{"type":"QuestionnaireResponse","supportedProfile":["https://who-int.github.io/svc/refs/heads/rc2/StructureDefinition/shc-questionnaireresponse","https://who-int.github.io/svc/refs/heads/rc2/StructureDefinition/svc-questionnaireresponse"],"documentation":".","interaction":[{"code":"create","documentation":"SHC Generator Interaction for accepting a Submit Health Event"}]}],"interaction":[{"code":"transaction"}]},{"mode":"client","documentation":"SHC Generator Client Actor","interaction":[{"code":"transaction","documentation":"For submitting the Register Health Certificate transaction."}]}]}