{"resourceType":"CodeSystem","id":"SHC-QR-Category-Usage-CodeSystem","text":{"status":"generated","div":"<div xmlns=\"http://www.w3.org/1999/xhtml\"><p>This code system https://who-int.github.io/svc/refs/heads/rc2/CodeSystem/SHC-QR-Category-Usage-CodeSystem defines the following codes:</p><table class=\"codes\"><tr><td style=\"white-space:nowrap\"><b>Code</b></td><td><b>Display</b></td></tr><tr><td style=\"white-space:nowrap\">who<a name=\"SHC-QR-Category-Usage-CodeSystem-who\"> </a></td><td>WHO SVC</td></tr><tr><td style=\"white-space:nowrap\">dgc<a name=\"SHC-QR-Category-Usage-CodeSystem-dgc\"> </a></td><td>EU DGC</td></tr><tr><td style=\"white-space:nowrap\">icao<a name=\"SHC-QR-Category-Usage-CodeSystem-icao\"> </a></td><td>ICAO</td></tr><tr><td style=\"white-space:nowrap\">au<a name=\"SHC-QR-Category-Usage-CodeSystem-au\"> </a></td><td>AU</td></tr></table></div>"},"url":"https://who-int.github.io/svc/refs/heads/rc2/CodeSystem/SHC-QR-Category-Usage-CodeSystem","version":"0.2.0","name":"SHC_QR_Category_Usage_CodeSystem","title":"SHC QR Category Usage Codes","status":"active","date":"2021-05-14T00:11:30+00:00","publisher":"World Health Organization (WHO)","contact":[{"telecom":[{"system":"url","value":"https://www.who.int"}]}],"description":"Possible formats available for QR usage.","content":"complete","count":4,"concept":[{"code":"who","display":"WHO SVC"},{"code":"dgc","display":"EU DGC"},{"code":"icao","display":"ICAO"},{"code":"au","display":"AU"}]}