{"resourceType":"CodeSystem","id":"SHC-QR-Format-CodeSystem","text":{"status":"generated","div":"<div xmlns=\"http://www.w3.org/1999/xhtml\"><p>This code system https://who-int.github.io/svc/refs/heads/rc2/CodeSystem/SHC-QR-Format-CodeSystem defines the following codes:</p><table class=\"codes\"><tr><td style=\"white-space:nowrap\"><b>Code</b></td><td><b>Display</b></td></tr><tr><td style=\"white-space:nowrap\">image<a name=\"SHC-QR-Format-CodeSystem-image\"> </a></td><td>Image</td></tr><tr><td style=\"white-space:nowrap\">serialized<a name=\"SHC-QR-Format-CodeSystem-serialized\"> </a></td><td>Serialized QR Content</td></tr></table></div>"},"url":"https://who-int.github.io/svc/refs/heads/rc2/CodeSystem/SHC-QR-Format-CodeSystem","version":"0.2.0","name":"SHC_QR_Format_CodeSystem","title":"SHC QR Format Codes","status":"active","date":"2021-05-13T02:07:21+00:00","publisher":"World Health Organization (WHO)","contact":[{"telecom":[{"system":"url","value":"https://www.who.int"}]}],"description":"Possible formats available for QR data.","content":"complete","count":2,"concept":[{"code":"image","display":"Image"},{"code":"serialized","display":"Serialized QR Content"}]}