{"resourceType":"CodeSystem","id":"SHC-SectionCode-CodeSystem","text":{"status":"generated","div":"<div xmlns=\"http://www.w3.org/1999/xhtml\"><p>This code system https://who-int.github.io/svc/refs/heads/rc2/CodeSystem/SHC-SectionCode-CodeSystem defines the following codes:</p><table class=\"codes\"><tr><td style=\"white-space:nowrap\"><b>Code</b></td><td><b>Display</b></td></tr><tr><td style=\"white-space:nowrap\">qrdoc<a name=\"SHC-SectionCode-CodeSystem-qrdoc\"> </a></td><td>QR Code Document</td></tr><tr><td style=\"white-space:nowrap\">uri<a name=\"SHC-SectionCode-CodeSystem-uri\"> </a></td><td>Smart Health Certificate URI</td></tr></table></div>"},"url":"https://who-int.github.io/svc/refs/heads/rc2/CodeSystem/SHC-SectionCode-CodeSystem","version":"0.2.0","name":"SHC_SectionCode_CodeSystem","title":"SHC QR SectionCode Usage Codes","status":"active","date":"2021-05-18T12:40:36+00:00","publisher":"World Health Organization (WHO)","contact":[{"telecom":[{"system":"url","value":"https://www.who.int"}]}],"description":"Section Codes for Smart Health Certificates","content":"complete","count":2,"concept":[{"code":"qrdoc","display":"QR Code Document"},{"code":"uri","display":"Smart Health Certificate URI"}]}