{"resourceType":"ImplementationGuide","id":"fhir.who.svc-rc2","text":{"status":"extensions","div":"<div xmlns=\"http://www.w3.org/1999/xhtml\"><h2>SVC_RC2</h2><p>The official URL for this implementation guide is: </p><pre>http://fhir.org/guides/who/svc/ImplementationGuide/fhir.who.svc-rc2</pre><div><p>Smart Vaccination Certificate - RC2</p>\n</div></div>"},"url":"http://fhir.org/guides/who/svc/ImplementationGuide/fhir.who.svc-rc2","version":"0.2.0","name":"SVC_RC2","title":"WHO Smart Vaccination Certificate - RC2","status":"draft","experimental":false,"date":"2021-03-04","publisher":"World Health Organization (WHO)","contact":[{"telecom":[{"system":"url","value":"https://www.who.int"}]}],"description":"Smart Vaccination Certificate - RC2","packageId":"fhir.who.svc-rc2","license":"CC0-1.0","fhirVersion":["4.0.1"],"dependsOn":[{"id":"ips","uri":"http://hl7.org/fhir/uv/ips/ImplementationGuide/hl7.fhir.uv.ips","packageId":"hl7.fhir.uv.ips","version":"current"},{"id":"sdc","uri":"http://hl7.org/fhir/uv/sdc/ImplementationGuide/hl7.fhir.uv.sdc","packageId":"hl7.fhir.uv.sdc","version":"current"}],"definition":{"extension":[{"extension":[{"url":"code","valueString":"copyrightyear"},{"url":"value","valueString":"2021+"}],"url":"http://hl7.org/fhir/tools/StructureDefinition/ig-parameter"},{"extension":[{"url":"code","valueString":"releaselabel"},{"url":"value","valueString":"CI Build"}],"url":"http://hl7.org/fhir/tools/StructureDefinition/ig-parameter"},{"extension":[{"url":"code","valueString":"example-table"},{"url":"value","valueString":"true"}],"url":"http://hl7.org/fhir/tools/StructureDefinition/ig-parameter"},{"extension":[{"url":"code","valueString":"generate"},{"url":"value","valueString":"examples"}],"url":"http://hl7.org/fhir/tools/StructureDefinition/ig-parameter"},{"extension":[{"url":"code","valueString":"generate"},{"url":"value","valueString":"example-narratives"}],"url":"http://hl7.org/fhir/tools/StructureDefinition/ig-parameter"},{"extension":[{"url":"code","valueString":"example-list"},{"url":"value","valueString":"true"}],"url":"http://hl7.org/fhir/tools/StructureDefinition/ig-parameter"},{"extension":[{"url":"code","valueString":"example-table-all"},{"url":"value","valueString":"true"}],"url":"http://hl7.org/fhir/tools/StructureDefinition/ig-parameter"},{"extension":[{"url":"code","valueString":"example-list-all"},{"url":"value","valueString":"true"}],"url":"http://hl7.org/fhir/tools/StructureDefinition/ig-parameter"},{"extension":[{"url":"code","valueString":"summary"},{"url":"value","valueString":"true"}],"url":"http://hl7.org/fhir/tools/StructureDefinition/ig-parameter"},{"extension":[{"url":"code","valueString":"summary-tables"},{"url":"value","valueString":"true"}],"url":"http://hl7.org/fhir/tools/StructureDefinition/ig-parameter"},{"extension":[{"url":"code","valueString":"content"},{"url":"value","valueString":"true"}],"url":"http://hl7.org/fhir/tools/StructureDefinition/ig-parameter"},{"extension":[{"url":"code","valueString":"profiles"},{"url":"value","valueString":"true"}],"url":"http://hl7.org/fhir/tools/StructureDefinition/ig-parameter"},{"extension":[{"url":"code","valueString":"script"},{"url":"value","valueString":"true"}],"url":"http://hl7.org/fhir/tools/StructureDefinition/ig-parameter"},{"extension":[{"url":"code","valueString":"do-transforms"},{"url":"value","valueString":"true"}],"url":"http://hl7.org/fhir/tools/StructureDefinition/ig-parameter"},{"extension":[{"url":"code","valueString":"special-url"},{"url":"value","valueString":"http://hl7.org/fhir/uv/ips/StructureDefinition/Patient-pre-uv-ips"}],"url":"http://hl7.org/fhir/tools/StructureDefinition/ig-parameter"},{"extension":[{"url":"code","valueString":"special-url"},{"url":"value","valueString":"http://hl7.org/fhir/uv/ips/StructureDefinition/Immunization-pre-uv-ips"}],"url":"http://hl7.org/fhir/tools/StructureDefinition/ig-parameter"},{"extension":[{"url":"code","valueString":"path-suppressed-warnings"},{"url":"value","valueString":"input/ignoreWarnings.txt"}],"url":"http://hl7.org/fhir/tools/StructureDefinition/ig-parameter"},{"extension":[{"url":"code","valueString":"path-binary"},{"url":"value","valueString":"input/cql"}],"url":"http://hl7.org/fhir/tools/StructureDefinition/ig-parameter"},{"extension":[{"url":"code","valueString":"autoload-resources"},{"url":"value","valueString":"true"}],"url":"http://hl7.org/fhir/tools/StructureDefinition/ig-parameter"},{"extension":[{"url":"code","valueString":"path-liquid"},{"url":"value","valueString":"template/liquid"}],"url":"http://hl7.org/fhir/tools/StructureDefinition/ig-parameter"},{"extension":[{"url":"code","valueString":"path-liquid"},{"url":"value","valueString":"input/liquid"}],"url":"http://hl7.org/fhir/tools/StructureDefinition/ig-parameter"},{"extension":[{"url":"code","valueString":"path-qa"},{"url":"value","valueString":"temp/qa"}],"url":"http://hl7.org/fhir/tools/StructureDefinition/ig-parameter"},{"extension":[{"url":"code","valueString":"path-temp"},{"url":"value","valueString":"temp/pages"}],"url":"http://hl7.org/fhir/tools/StructureDefinition/ig-parameter"},{"extension":[{"url":"code","valueString":"path-output"},{"url":"value","valueString":"output"}],"url":"http://hl7.org/fhir/tools/StructureDefinition/ig-parameter"},{"extension":[{"url":"code","valueString":"path-history"},{"url":"value","valueString":"http://fhir.org/guides/who/svc/history.html"}],"url":"http://hl7.org/fhir/tools/StructureDefinition/ig-parameter"},{"extension":[{"url":"code","valueString":"template-html"},{"url":"value","valueString":"template-page.html"}],"url":"http://hl7.org/fhir/tools/StructureDefinition/ig-parameter"},{"extension":[{"url":"code","valueString":"template-md"},{"url":"value","valueString":"template-page-md.html"}],"url":"http://hl7.org/fhir/tools/StructureDefinition/ig-parameter"},{"extension":[{"url":"code","valueString":"apply-contact"},{"url":"value","valueString":"true"}],"url":"http://hl7.org/fhir/tools/StructureDefinition/ig-parameter"},{"extension":[{"url":"code","valueString":"apply-context"},{"url":"value","valueString":"true"}],"url":"http://hl7.org/fhir/tools/StructureDefinition/ig-parameter"},{"extension":[{"url":"code","valueString":"apply-copyright"},{"url":"value","valueString":"true"}],"url":"http://hl7.org/fhir/tools/StructureDefinition/ig-parameter"},{"extension":[{"url":"code","valueString":"apply-jurisdiction"},{"url":"value","valueString":"true"}],"url":"http://hl7.org/fhir/tools/StructureDefinition/ig-parameter"},{"extension":[{"url":"code","valueString":"apply-license"},{"url":"value","valueString":"true"}],"url":"http://hl7.org/fhir/tools/StructureDefinition/ig-parameter"},{"extension":[{"url":"code","valueString":"apply-publisher"},{"url":"value","valueString":"true"}],"url":"http://hl7.org/fhir/tools/StructureDefinition/ig-parameter"},{"extension":[{"url":"code","valueString":"apply-version"},{"url":"value","valueString":"true"}],"url":"http://hl7.org/fhir/tools/StructureDefinition/ig-parameter"},{"extension":[{"url":"code","valueString":"active-tables"},{"url":"value","valueString":"true"}],"url":"http://hl7.org/fhir/tools/StructureDefinition/ig-parameter"}],"grouping":[{"id":"_dyn_capabilitystatement","name":"Behavior: Capability Statements","description":"The following artifacts define the specific capabilities that different types of systems are expected to have in order to comply with this implementation guide.  Systems conforming to this implementation guide are expected to declare conformance to one or more of the following capability statements."},{"id":"_dyn_operationdefinition","name":"Behavior: Operation Definitions","description":"These are custom operations that can be supported by and/or invoked by systems conforming to this implementation guide"},{"id":"_str_graphdefinition","name":"Structures: Graph Definitions","description":"These define collections of interrelated resources that are useful to pass around as a group"},{"id":"_str_logicalmodel","name":"Structures: Logical Models","description":"These define data models that represent the domain covered by this implementation guide in more business-friendly terms than the underlying FHIR resources."},{"id":"_str_questionnaire","name":"Structures: Questionnaires","description":"These define forms used by systems conforming to this implementation guide to capture or expose data to end users"},{"id":"_str_abstractprofile","name":"Structures: Abstract Profiles","description":"These are profiles on resources or data types that describe patterns used by other profiles, but cannot be instantiated directly.  I.e. instances can conform to profiles *based* on these abstract profiles, but do not declare conformance to the abstract profiles themselves."},{"id":"_str_profile","name":"Structures: Resource Profiles","description":"These define constraints on FHIR resources for systems conforming to this implementation guide"},{"id":"_str_extension","name":"Structures: Extension Definitions","description":"These define constraints on FHIR data types for systems conforming to this implementation guide"},{"id":"_term_valueset","name":"Terminology: Value Sets","description":"These define sets of codes used by systems conforming to this implementation guide"},{"id":"_term_codesystem","name":"Terminology: Code Systems","description":"These define new code systems used by systems conforming to this implementation guide"},{"id":"_map_structuremap","name":"Terminology: Structure Maps","description":"These define transformations to convert between data structures used by systems conforming to this implementation guide"},{"id":"_map_conceptmap","name":"Terminology: Concept Maps","description":"These define transformations to convert between codes by systems conforming with this implementation guide"},{"id":"_other","name":"Other","description":"These are resources that are used within this implementation guide that do not fit into one of the other categories"}],"resource":[{"extension":[{"url":"http://hl7.org/fhir/StructureDefinition/implementationguide-page","valueUri":"StructureDefinition-Patient-pre-uv-ips.html"}],"reference":{"reference":"StructureDefinition/Patient-pre-uv-ips"},"name":"Patient (IPS)","description":"This profile represents the constraints applied to the Patient resource by the International Patient Summary (IPS) FHIR Implementation Guide and describes the minimum expectations for the Patient resource when used in the IPS composition or in one of the referred resources.","groupingId":"_str_profile"},{"extension":[{"url":"http://hl7.org/fhir/StructureDefinition/implementationguide-page","valueUri":"StructureDefinition-Immunization-pre-uv-ips.html"}],"reference":{"reference":"StructureDefinition/Immunization-pre-uv-ips"},"name":"Immunization (IPS)","description":"This profile represents the constraints applied to the Immunization resource by the International Patient Summary (IPS) FHIR Implementation Guide. A record of an immunization is represented in the patient summary as an instance of an Immunization resource constrained by this profile.\r\n\r\nIt describes the event of a patient being administered a vaccination or a record of a vaccination as reported by a patient, a clinician or another party.","groupingId":"_str_profile"},{"extension":[{"url":"http://hl7.org/fhir/StructureDefinition/implementationguide-page","valueUri":"StructureMap-svc-map-qr-bundle.html"}],"reference":{"reference":"StructureMap/svc-map-qr-bundle"},"groupingId":"_map_structuremap"},{"extension":[{"url":"http://hl7.org/fhir/StructureDefinition/implementationguide-page","valueUri":"CapabilityStatement-WHO.SHC.RegistryService.html"}],"reference":{"reference":"CapabilityStatement/WHO.SHC.RegistryService"},"name":"WHO SHC Registry Service","description":"CapabilityStatement for WHO SHC Registry Service actor.","groupingId":"_dyn_capabilitystatement"},{"extension":[{"url":"http://hl7.org/fhir/StructureDefinition/implementationguide-page","valueUri":"CapabilityStatement-WHO.SHC.Generator.html"}],"reference":{"reference":"CapabilityStatement/WHO.SHC.Generator"},"name":"WHO SHC Generator","description":"CapabilityStatement for WHO SHC Generator actor.","groupingId":"_dyn_capabilitystatement"},{"extension":[{"url":"http://hl7.org/fhir/StructureDefinition/implementationguide-page","valueUri":"Basic-svc-basic-qrcode-example.html"}],"reference":{"reference":"Basic/svc-basic-qrcode-example"},"groupingId":"_other"},{"extension":[{"url":"http://hl7.org/fhir/StructureDefinition/implementationguide-page","valueUri":"Organization-SHC-Organization-Arabic.html"}],"reference":{"reference":"Organization/SHC-Organization-Arabic"},"groupingId":"_other"},{"extension":[{"url":"http://hl7.org/fhir/StructureDefinition/implementationguide-page","valueUri":"QuestionnaireResponse-SVC-QR-QuestionnaireResponse-Example.html"}],"reference":{"reference":"QuestionnaireResponse/SVC-QR-QuestionnaireResponse-Example"},"groupingId":"_other"},{"extension":[{"url":"http://hl7.org/fhir/StructureDefinition/implementationguide-page","valueUri":"StructureDefinition-shc-bundle.html"}],"reference":{"reference":"StructureDefinition/shc-bundle"},"name":"SHC Bundle","description":"An [SHC Bundle](StructureDefinition-shc-bundle.html) is a document bundle containing the Smart Health Certificate (SHCs).","groupingId":"_str_abstractprofile"},{"extension":[{"url":"http://hl7.org/fhir/StructureDefinition/implementationguide-page","valueUri":"StructureDefinition-svc-questionnaireresponse.html"}],"reference":{"reference":"StructureDefinition/svc-questionnaireresponse"},"name":"SVC Questionnaire Response","description":"Describes the logical structure for a questionnaire response associacted to a [SVC Questionaire](StructureDefinition-svc-questionnaire.html).","groupingId":"_str_profile"},{"extension":[{"url":"http://hl7.org/fhir/StructureDefinition/implementationguide-page","valueUri":"Parameters-SVC-TX-SHE-Parameters-1.html"}],"reference":{"reference":"Parameters/SVC-TX-SHE-Parameters-1"},"groupingId":"_other"},{"extension":[{"url":"http://hl7.org/fhir/StructureDefinition/implementationguide-page","valueUri":"ValueSet-who-svc-vaccines.html"}],"reference":{"reference":"ValueSet/who-svc-vaccines"},"name":"WHO Vaccine List","description":"The WHO Vaccine List from [ICD 11](https://icd.who.int/browse11) is used by:\n *  the [SVC Immunization](StructureDefinition-svc-immunization.html)","groupingId":"_term_valueset"},{"extension":[{"url":"http://hl7.org/fhir/StructureDefinition/implementationguide-page","valueUri":"StructureDefinition-shc-binary-qr.html"}],"reference":{"reference":"StructureDefinition/shc-binary-qr"},"name":"SHC Binary return for QR","groupingId":"_str_abstractprofile"},{"extension":[{"url":"http://hl7.org/fhir/StructureDefinition/implementationguide-page","valueUri":"Organization-SHC-Organization-French.html"}],"reference":{"reference":"Organization/SHC-Organization-French"},"groupingId":"_other"},{"extension":[{"url":"http://hl7.org/fhir/StructureDefinition/implementationguide-page","valueUri":"Immunization-SVC-Immunizaton-Spanish.html"}],"reference":{"reference":"Immunization/SVC-Immunizaton-Spanish"},"groupingId":"_other"},{"extension":[{"url":"http://hl7.org/fhir/StructureDefinition/implementationguide-page","valueUri":"ConceptMap-who-svc-map-icd11-sct-disease-targeted.html"}],"reference":{"reference":"ConceptMap/who-svc-map-icd11-sct-disease-targeted"},"description":"Rule-based mappings between ICD-11 and SNOMED CT for COVID-19 Disease or Agent Targeted","groupingId":"_map_conceptmap"},{"extension":[{"url":"http://hl7.org/fhir/StructureDefinition/implementationguide-page","valueUri":"Immunization-SVC-Immunizaton-Arabic.html"}],"reference":{"reference":"Immunization/SVC-Immunizaton-Arabic"},"groupingId":"_other"},{"extension":[{"url":"http://hl7.org/fhir/StructureDefinition/implementationguide-page","valueUri":"StructureDefinition-shc-practitioner.html"}],"reference":{"reference":"StructureDefinition/shc-practitioner"},"name":"SHC Practitioner","description":"Container for an SHC Practitioner, which is a Practitioner authorized by the PHA to vaccinate an [SHC Patient](StructureDefinition-shc-patient.html).","groupingId":"_str_profile"},{"extension":[{"url":"http://hl7.org/fhir/StructureDefinition/implementationguide-page","valueUri":"StructureDefinition-shc-patient.html"}],"reference":{"reference":"StructureDefinition/shc-patient"},"name":"SHC Patient","description":"An SHC_Patient should:\n* if the [identifier.assigner](StructureDefinition-shc-patient-definitions.html#Patient.identifier] is set then the value of [identifier.assigner](StructureDefinition-shc-patient-definitions.html#Patient.identifier.assigner) should be set to reference the [SHC Organization](StructureDefinition-shc-organization.html) resource associated to the PHA via the [WHO Public Key Directory](actors.html#who-pkd)\n* obeys who-shc-patient-1","groupingId":"_str_profile"},{"extension":[{"url":"http://hl7.org/fhir/StructureDefinition/implementationguide-page","valueUri":"Immunization-SVC-Immunizaton-English.html"}],"reference":{"reference":"Immunization/SVC-Immunizaton-English"},"groupingId":"_other"},{"extension":[{"url":"http://hl7.org/fhir/StructureDefinition/implementationguide-page","valueUri":"OperationDefinition-SHC-QuestionnaireReponse-generateHealthCertificate.html"}],"reference":{"reference":"OperationDefinition/SHC-QuestionnaireReponse-generateHealthCertificate"},"description":"Generate one or more signed QR Codes based on a [SHC QuestionnaireResponse](StructureDefinition-shc-questionnaireresponse.html)","groupingId":"_dyn_operationdefinition"},{"extension":[{"url":"http://hl7.org/fhir/StructureDefinition/implementationguide-page","valueUri":"StructureDefinition-SVC-Core-Data-Set.html"}],"reference":{"reference":"StructureDefinition/SVC-Core-Data-Set"},"description":"SVC Core Data elements.","groupingId":"_str_logicalmodel"},{"extension":[{"url":"http://hl7.org/fhir/StructureDefinition/implementationguide-page","valueUri":"StructureDefinition-shc-submit-health-event-response.html"}],"reference":{"reference":"StructureDefinition/shc-submit-health-event-response"},"name":"SHC Submit Health Event Response","description":"An [SHC Submit Health Event Response](StructureDefinition-shc-submit-health-event-respose.html) is a transaction reponse bundle containing the operation outcomes for the submission of one or more health certificates under the [Submit Health Event](transactions.html#submit-health-event) transaction.","groupingId":"_str_profile"},{"extension":[{"url":"http://hl7.org/fhir/StructureDefinition/implementationguide-page","valueUri":"StructureDefinition-shc-questionnaire.html"}],"reference":{"reference":"StructureDefinition/shc-questionnaire"},"name":"SHC Questionniare","description":"Describes the logical structure for a questionnaire associacted to a Smart Health Certificate which includes a Structure Map to generate the relevant SHC from a given [SHC QuestionnaireResponse](StructureDefintion-shc-questionnaire-response.html) which responds to the SHC Questionnaire.","groupingId":"_str_abstractprofile"},{"extension":[{"url":"http://hl7.org/fhir/StructureDefinition/implementationguide-page","valueUri":"ValueSet-SHC-QR-Category-Usage-ValueSet.html"}],"reference":{"reference":"ValueSet/SHC-QR-Category-Usage-ValueSet"},"description":"Categorization of QR codes by their business usage","groupingId":"_term_valueset"},{"extension":[{"url":"http://hl7.org/fhir/StructureDefinition/implementationguide-page","valueUri":"Patient-SHC-Patient-Example-Russian.html"}],"reference":{"reference":"Patient/SHC-Patient-Example-Russian"},"groupingId":"_other"},{"extension":[{"url":"http://hl7.org/fhir/StructureDefinition/implementationguide-page","valueUri":"StructureDefinition-shc-submit-health-event-request.html"}],"reference":{"reference":"StructureDefinition/shc-submit-health-event-request"},"name":"SHC Submit Health Event Request","description":"An [SHC Submit Health Event Request](StructureDefinition-shc-submit-health-event-request.html) is a transaction bundle containing the content of health events which are being submitted under the [Submit Health Event](transactions.html#submit-health-event) transaction.","groupingId":"_str_profile"},{"extension":[{"url":"http://hl7.org/fhir/StructureDefinition/implementationguide-page","valueUri":"ValueSet-SHC-SectionCode-ValueSet.html"}],"reference":{"reference":"ValueSet/SHC-SectionCode-ValueSet"},"description":"Content section codes for Smart Health Certificates (SHC)","groupingId":"_term_valueset"},{"extension":[{"url":"http://hl7.org/fhir/StructureDefinition/implementationguide-page","valueUri":"StructureDefinition-shc-organization.html"}],"reference":{"reference":"StructureDefinition/shc-organization"},"name":"SHC Organization","description":"Abstraction for an SHC Organization. There should be an SHC Organization associated to each public health authortiy (PHA) in the [WHO Public Key Directory](actors.html#who-pkd)","groupingId":"_str_profile"},{"extension":[{"url":"http://hl7.org/fhir/StructureDefinition/implementationguide-page","valueUri":"ValueSet-who-svc-vaccines-covid-19.html"}],"reference":{"reference":"ValueSet/who-svc-vaccines-covid-19"},"name":"WHO Vaccine List (COVID-19)","description":"WHO Vaccine List (COVID-19) from [ICD 11](https://icd.who.int/browse11)","groupingId":"_term_valueset"},{"extension":[{"url":"http://hl7.org/fhir/StructureDefinition/implementationguide-page","valueUri":"Immunization-SVC-Immunizaton-French.html"}],"reference":{"reference":"Immunization/SVC-Immunizaton-French"},"groupingId":"_other"},{"extension":[{"url":"http://hl7.org/fhir/StructureDefinition/implementationguide-page","valueUri":"Patient-SHC-Patient-Example-French.html"}],"reference":{"reference":"Patient/SHC-Patient-Example-French"},"groupingId":"_other"},{"extension":[{"url":"http://hl7.org/fhir/StructureDefinition/implementationguide-page","valueUri":"Organization-SHC-Organization-English.html"}],"reference":{"reference":"Organization/SHC-Organization-English"},"groupingId":"_other"},{"extension":[{"url":"http://hl7.org/fhir/StructureDefinition/implementationguide-page","valueUri":"Immunization-SVC-Immunizaton-Russian.html"}],"reference":{"reference":"Immunization/SVC-Immunizaton-Russian"},"groupingId":"_other"},{"extension":[{"url":"http://hl7.org/fhir/StructureDefinition/implementationguide-page","valueUri":"ConceptMap-who-svc-map-icd11-sct-vaccines.html"}],"reference":{"reference":"ConceptMap/who-svc-map-icd11-sct-vaccines"},"description":"Rule-based mappings between ICD-11 and SNOMED CT for COVID-19 Vaccines","groupingId":"_map_conceptmap"},{"extension":[{"url":"http://hl7.org/fhir/StructureDefinition/implementationguide-page","valueUri":"CodeSystem-SHC-Category-CodeSystem.html"}],"reference":{"reference":"CodeSystem/SHC-Category-CodeSystem"},"name":"SHC QR Category Usage Codes","description":"Categorization of Smart Health Certificates","groupingId":"_term_codesystem"},{"extension":[{"url":"http://hl7.org/fhir/StructureDefinition/implementationguide-page","valueUri":"ValueSet-SHC-QR-Format-ValueSet.html"}],"reference":{"reference":"ValueSet/SHC-QR-Format-ValueSet"},"description":"Format of the representation of QR code","groupingId":"_term_valueset"},{"reference":{"reference":"Bundle/SVC-TX-SHE-bundle-example-1"}},{"extension":[{"url":"http://hl7.org/fhir/StructureDefinition/implementationguide-page","valueUri":"StructureDefinition-shc-provenance.html"}],"reference":{"reference":"StructureDefinition/shc-provenance"},"name":"Provenance of SHC","description":"Used to assert the provenance of a public health authority (PHA) over either a Paper or a Digital Smart Vaccination Certificate (SHC).","groupingId":"_str_profile"},{"extension":[{"url":"http://hl7.org/fhir/StructureDefinition/implementationguide-page","valueUri":"StructureDefinition-SVC-QRCode.html"}],"reference":{"reference":"StructureDefinition/SVC-QRCode"},"name":"SVC QRCode Extension","description":"SVC QRCode Extension","groupingId":"_str_extension"},{"extension":[{"url":"http://hl7.org/fhir/StructureDefinition/implementationguide-page","valueUri":"CodeSystem-SHC-SectionCode-CodeSystem.html"}],"reference":{"reference":"CodeSystem/SHC-SectionCode-CodeSystem"},"name":"SHC QR SectionCode Usage Codes","description":"Section Codes for Smart Health Certificates","groupingId":"_term_codesystem"},{"extension":[{"url":"http://hl7.org/fhir/StructureDefinition/implementationguide-page","valueUri":"Questionnaire-SVC-Questionnaire.html"}],"reference":{"reference":"Questionnaire/SVC-Questionnaire"},"name":"SVC Questionnaire ","description":"SVC QR Code Questionnaire for an Immunization event.","groupingId":"_str_questionnaire"},{"extension":[{"url":"http://hl7.org/fhir/StructureDefinition/implementationguide-page","valueUri":"StructureDefinition-shc-practitioner-role.html"}],"reference":{"reference":"StructureDefinition/shc-practitioner-role"},"name":"SHC Practitioner Role","description":"Association of an [SHC Practitioner](StructureDefinition-shc-practitioner-role.html) to a managing [SHC Organization](StructureDefinition-shc-orgaznization.html), indicating that an SHC Practitioner is authorized by the public health authority (PHA) to vaccinate an [SHC Patient](StructureDefinition-shc-patient.html).","groupingId":"_str_profile"},{"extension":[{"url":"http://hl7.org/fhir/StructureDefinition/implementationguide-page","valueUri":"GraphDefinition-svc-graph.html"}],"reference":{"reference":"GraphDefinition/svc-graph"},"description":"SHF Graph Definition for retrieving Smart Vaccination Certificates under a [Retrieve Smart Health Folder](transactions.html#retrieve-health-folder) transaction.","groupingId":"_str_graphdefinition"},{"extension":[{"url":"http://hl7.org/fhir/StructureDefinition/implementationguide-page","valueUri":"StructureDefinition-shf-graphdefinition.html"}],"reference":{"reference":"StructureDefinition/shf-graphdefinition"},"name":"SHF Graph Defintion","description":"Abstract Graph Definition for Smart Health Folder to describe information retrieved under a [Retrieve Smart Health Folder](transactions.html#retrieve-health-folder) transaction.","groupingId":"_str_abstractprofile"},{"extension":[{"url":"http://hl7.org/fhir/StructureDefinition/implementationguide-page","valueUri":"Patient-SHC-Patient-English.html"}],"reference":{"reference":"Patient/SHC-Patient-English"},"groupingId":"_other"},{"extension":[{"url":"http://hl7.org/fhir/StructureDefinition/implementationguide-page","valueUri":"StructureDefinition-shf-composition.html"}],"reference":{"reference":"StructureDefinition/shf-composition"},"name":"SHF Composition","description":"Describes the logical structure for the Smart Health Folder which contains the Smart Health Certificates (SHCs).  An [SHF Composition](StructureDefinition-shf-composition.html) should:\n * be accessible from a [SHC Registry Service](StructureDefintion-shc-registry.html)  as located via the [WHO Public Key Directory](actors.html#who-pkd) for the PHA referenced in the [author](StructureDefinition-shf-composition-definitions.html#Composition.agent).","groupingId":"_str_profile"},{"extension":[{"url":"http://hl7.org/fhir/StructureDefinition/implementationguide-page","valueUri":"StructureDefinition-svc-immunization.html"}],"reference":{"reference":"StructureDefinition/svc-immunization"},"name":"SVC Immunization","description":"An SVC Immunization contains the content corresponding to a row in the Vaccination Events section of a Paper SVC. While this is not a further profile of the International Patient Summary (IPS) Immunization resouce, this is intended to map into an IPS Immunization resource.","groupingId":"_str_profile"},{"extension":[{"url":"http://hl7.org/fhir/StructureDefinition/implementationguide-page","valueUri":"Organization-SHC-Organization-Russian.html"}],"reference":{"reference":"Organization/SHC-Organization-Russian"},"groupingId":"_other"},{"extension":[{"url":"http://hl7.org/fhir/StructureDefinition/implementationguide-page","valueUri":"Organization-SHC-Organization-Spanish.html"}],"reference":{"reference":"Organization/SHC-Organization-Spanish"},"groupingId":"_other"},{"extension":[{"url":"http://hl7.org/fhir/StructureDefinition/implementationguide-page","valueUri":"Immunization-SVC-Immunizaton-Chinese.html"}],"reference":{"reference":"Immunization/SVC-Immunizaton-Chinese"},"groupingId":"_other"},{"extension":[{"url":"http://hl7.org/fhir/StructureDefinition/implementationguide-page","valueUri":"ValueSet-SHC-Category-ValueSet.html"}],"reference":{"reference":"ValueSet/SHC-Category-ValueSet"},"description":"Content categorization of Smart Health Certificates (SHC)","groupingId":"_term_valueset"},{"extension":[{"url":"http://hl7.org/fhir/StructureDefinition/implementationguide-page","valueUri":"StructureDefinition-svc-bundle.html"}],"reference":{"reference":"StructureDefinition/svc-bundle"},"name":"SVC Bundle","description":"An [SVC Bundle](StructureDefinition-svc-bundle.html) is a document bundle containing the Smart Vaccination Certificate (SVC) content.","groupingId":"_str_profile"},{"extension":[{"url":"http://hl7.org/fhir/StructureDefinition/implementationguide-page","valueUri":"Patient-SHC-Patient-Example-Chinese.html"}],"reference":{"reference":"Patient/SHC-Patient-Example-Chinese"},"groupingId":"_other"},{"extension":[{"url":"http://hl7.org/fhir/StructureDefinition/implementationguide-page","valueUri":"StructureDefinition-SVC-Basic-QRCode.html"}],"reference":{"reference":"StructureDefinition/SVC-Basic-QRCode"},"name":"SVC Basic QR Code resource","description":"SVC Profile of Basic resource for QR Code.","groupingId":"_str_profile"},{"extension":[{"url":"http://hl7.org/fhir/StructureDefinition/implementationguide-page","valueUri":"ValueSet-who-svc-vaccinable-conditions.html"}],"reference":{"reference":"ValueSet/who-svc-vaccinable-conditions"},"name":"WHO List of Vaccinable Conditions","description":"The WHO Vaccinable Conditions List from [ICD 11](https://icd.who.int/browse11) is used by:\n *  the [SVC Immunization](StructureDefinition-svc-immunization.html)","groupingId":"_term_valueset"},{"extension":[{"url":"http://hl7.org/fhir/StructureDefinition/implementationguide-page","valueUri":"ValueSet-who-svc-disease-targeted-covid-19.html"}],"reference":{"reference":"ValueSet/who-svc-disease-targeted-covid-19"},"name":"WHO Disease or Agent Targeted (COVID-19)","description":"WHO Disease or Agent Targeted List (COVID-19) from [ICD 11](https://icd.who.int/browse11)","groupingId":"_term_valueset"},{"extension":[{"url":"http://hl7.org/fhir/StructureDefinition/implementationguide-page","valueUri":"CodeSystem-SHC-QR-Format-CodeSystem.html"}],"reference":{"reference":"CodeSystem/SHC-QR-Format-CodeSystem"},"name":"SHC QR Format Codes","description":"Possible formats available for QR data.","groupingId":"_term_codesystem"},{"extension":[{"url":"http://hl7.org/fhir/StructureDefinition/implementationguide-page","valueUri":"StructureDefinition-shc-binary-qrcontent.html"}],"reference":{"reference":"StructureDefinition/shc-binary-qrcontent"},"name":"SHC Binary for QR Content","description":"PNG representation of the QR code returned under the [Register Health Certificate](transactions.html#register-health-certificate-message-semantics-response)","groupingId":"_str_profile"},{"extension":[{"url":"http://hl7.org/fhir/StructureDefinition/implementationguide-page","valueUri":"Organization-SHC-Organization-Chinese.html"}],"reference":{"reference":"Organization/SHC-Organization-Chinese"},"groupingId":"_other"},{"extension":[{"url":"http://hl7.org/fhir/StructureDefinition/implementationguide-page","valueUri":"StructureDefinition-shc-binary-qrpng.html"}],"reference":{"reference":"StructureDefinition/shc-binary-qrpng"},"name":"SHC Binary for QR (PNG representation)","description":"PNG representation of the QR code returned under the [Register Health Certificate](transactions.html#register-health-certificate-message-semantics-response)","groupingId":"_str_profile"},{"extension":[{"url":"http://hl7.org/fhir/StructureDefinition/implementationguide-page","valueUri":"StructureDefinition-shc-documentreference-qr.html"}],"reference":{"reference":"StructureDefinition/shc-documentreference-qr"},"name":"SHC DocumentReference return for QR","groupingId":"_str_profile"},{"extension":[{"url":"http://hl7.org/fhir/StructureDefinition/implementationguide-page","valueUri":"CodeSystem-SHC-QR-Category-Usage-CodeSystem.html"}],"reference":{"reference":"CodeSystem/SHC-QR-Category-Usage-CodeSystem"},"name":"SHC QR Category Usage Codes","description":"Possible formats available for QR usage.","groupingId":"_term_codesystem"},{"extension":[{"url":"http://hl7.org/fhir/StructureDefinition/implementationguide-page","valueUri":"StructureDefinition-shc-questionnaireresponse.html"}],"reference":{"reference":"StructureDefinition/shc-questionnaireresponse"},"name":"SHC Questionnaire Response","description":"Describes the logical structure for a questionnaire response associacted to a [SHC Questionaire](StructureDefinition-shc-questionnaire.html).","groupingId":"_str_abstractprofile"},{"extension":[{"url":"http://hl7.org/fhir/StructureDefinition/implementationguide-page","valueUri":"StructureDefinition-svc-composition.html"}],"reference":{"reference":"StructureDefinition/svc-composition"},"name":"SVC Composition","description":"Describes the logical structure for the health content contained in a Smart Vaccination Certificate (SVC).","groupingId":"_str_profile"},{"extension":[{"url":"http://hl7.org/fhir/StructureDefinition/implementationguide-page","valueUri":"Patient-SHC-Patient-Arabic.html"}],"reference":{"reference":"Patient/SHC-Patient-Arabic"},"groupingId":"_other"},{"extension":[{"url":"http://hl7.org/fhir/StructureDefinition/implementationguide-page","valueUri":"Patient-SHC-Patient-Example-Spanish.html"}],"reference":{"reference":"Patient/SHC-Patient-Example-Spanish"},"groupingId":"_other"},{"extension":[{"url":"http://hl7.org/fhir/StructureDefinition/implementationguide-page","valueUri":"StructureDefinition-shc-composition.html"}],"reference":{"reference":"StructureDefinition/shc-composition"},"name":"SHC Composition","description":"Describes the logical structure for a Smart Health Certificate.","groupingId":"_str_abstractprofile"}],"page":{"nameUrl":"toc.html","title":"Table of Contents","generation":"html","page":[{"nameUrl":"index.html","title":"Narrative","generation":"html","page":[{"nameUrl":"references.html","title":"References","generation":"html"}]},{"nameUrl":"requirements.html","title":"Business Requirements","generation":"html","page":[{"nameUrl":"concepts.html","title":"Concepts","generation":"html"},{"nameUrl":"functional.html","title":"Functional Requirements","generation":"html"},{"nameUrl":"personas.html","title":"Personas","generation":"html"},{"nameUrl":"workflows.html","title":"Workflows","generation":"html"},{"nameUrl":"usecases.html","title":"Use Cases","generation":"html"},{"nameUrl":"dictionary.html","title":"Data Dictionary","generation":"html"}]},{"nameUrl":"data_exchange.html","title":"Data Models and Exchange","generation":"html","page":[{"nameUrl":"dependencies.html","title":"Dependencies","generation":"html"},{"nameUrl":"actors.html","title":"Actors","generation":"html"},{"nameUrl":"transactions.html","title":"Transactions","generation":"html"},{"nameUrl":"expected_actions.html","title":"Expected Actions","generation":"html"},{"nameUrl":"content_profiles.html","title":"Content Profiles","generation":"html"}]},{"nameUrl":"deployment.html","title":"Deployment Guidance","generation":"html","page":[{"nameUrl":"security_privacy.html","title":"Security and Privacy Considerations","generation":"html"},{"nameUrl":"testing.html","title":"Testing","generation":"html"},{"nameUrl":"downloads.html","title":"Useful Downloads","generation":"html"}]},{"nameUrl":"artifacts.html","title":"Artifacts Summary","generation":"html","page":[{"nameUrl":"CapabilityStatement-WHO.SHC.RegistryService.html","title":"WHO SHC Registry Service","generation":"generated"},{"nameUrl":"CapabilityStatement-WHO.SHC.Generator.html","title":"WHO SHC Generator","generation":"generated"},{"nameUrl":"OperationDefinition-SHC-QuestionnaireReponse-generateHealthCertificate.html","generation":"generated"},{"nameUrl":"GraphDefinition-svc-graph.html","generation":"generated"},{"nameUrl":"StructureDefinition-SVC-Core-Data-Set.html","generation":"generated"},{"nameUrl":"Questionnaire-SVC-Questionnaire.html","title":"SVC Questionnaire ","generation":"generated"},{"nameUrl":"StructureDefinition-shc-bundle.html","title":"SHC Bundle","generation":"generated"},{"nameUrl":"StructureDefinition-shc-binary-qr.html","title":"SHC Binary return for QR","generation":"generated"},{"nameUrl":"StructureDefinition-shc-questionnaire.html","title":"SHC Questionniare","generation":"generated"},{"nameUrl":"StructureDefinition-shf-graphdefinition.html","title":"SHF Graph Defintion","generation":"generated"},{"nameUrl":"StructureDefinition-shc-questionnaireresponse.html","title":"SHC Questionnaire Response","generation":"generated"},{"nameUrl":"StructureDefinition-shc-composition.html","title":"SHC Composition","generation":"generated"},{"nameUrl":"StructureDefinition-Patient-pre-uv-ips.html","title":"Patient (IPS)","generation":"generated"},{"nameUrl":"StructureDefinition-Immunization-pre-uv-ips.html","title":"Immunization (IPS)","generation":"generated"},{"nameUrl":"StructureDefinition-svc-questionnaireresponse.html","title":"SVC Questionnaire Response","generation":"generated"},{"nameUrl":"StructureDefinition-shc-practitioner.html","title":"SHC Practitioner","generation":"generated"},{"nameUrl":"StructureDefinition-shc-patient.html","title":"SHC Patient","generation":"generated"},{"nameUrl":"StructureDefinition-shc-submit-health-event-response.html","title":"SHC Submit Health Event Response","generation":"generated"},{"nameUrl":"StructureDefinition-shc-submit-health-event-request.html","title":"SHC Submit Health Event Request","generation":"generated"},{"nameUrl":"StructureDefinition-shc-organization.html","title":"SHC Organization","generation":"generated"},{"nameUrl":"StructureDefinition-shc-provenance.html","title":"Provenance of SHC","generation":"generated"},{"nameUrl":"StructureDefinition-shc-practitioner-role.html","title":"SHC Practitioner Role","generation":"generated"},{"nameUrl":"StructureDefinition-shf-composition.html","title":"SHF Composition","generation":"generated"},{"nameUrl":"StructureDefinition-svc-immunization.html","title":"SVC Immunization","generation":"generated"},{"nameUrl":"StructureDefinition-svc-bundle.html","title":"SVC Bundle","generation":"generated"},{"nameUrl":"StructureDefinition-SVC-Basic-QRCode.html","title":"SVC Basic QR Code resource","generation":"generated"},{"nameUrl":"StructureDefinition-shc-binary-qrcontent.html","title":"SHC Binary for QR Content","generation":"generated"},{"nameUrl":"StructureDefinition-shc-binary-qrpng.html","title":"SHC Binary for QR (PNG representation)","generation":"generated"},{"nameUrl":"StructureDefinition-shc-documentreference-qr.html","title":"SHC DocumentReference return for QR","generation":"generated"},{"nameUrl":"StructureDefinition-svc-composition.html","title":"SVC Composition","generation":"generated"},{"nameUrl":"StructureDefinition-SVC-QRCode.html","title":"SVC QRCode Extension","generation":"generated"},{"nameUrl":"ValueSet-who-svc-vaccines.html","title":"WHO Vaccine List","generation":"generated"},{"nameUrl":"ValueSet-SHC-QR-Category-Usage-ValueSet.html","generation":"generated"},{"nameUrl":"ValueSet-SHC-SectionCode-ValueSet.html","generation":"generated"},{"nameUrl":"ValueSet-who-svc-vaccines-covid-19.html","title":"WHO Vaccine List (COVID-19)","generation":"generated"},{"nameUrl":"ValueSet-SHC-QR-Format-ValueSet.html","generation":"generated"},{"nameUrl":"ValueSet-SHC-Category-ValueSet.html","generation":"generated"},{"nameUrl":"ValueSet-who-svc-vaccinable-conditions.html","title":"WHO List of Vaccinable Conditions","generation":"generated"},{"nameUrl":"ValueSet-who-svc-disease-targeted-covid-19.html","title":"WHO Disease or Agent Targeted (COVID-19)","generation":"generated"},{"nameUrl":"CodeSystem-SHC-Category-CodeSystem.html","title":"SHC QR Category Usage Codes","generation":"generated"},{"nameUrl":"CodeSystem-SHC-SectionCode-CodeSystem.html","title":"SHC QR SectionCode Usage Codes","generation":"generated"},{"nameUrl":"CodeSystem-SHC-QR-Format-CodeSystem.html","title":"SHC QR Format Codes","generation":"generated"},{"nameUrl":"CodeSystem-SHC-QR-Category-Usage-CodeSystem.html","title":"SHC QR Category Usage Codes","generation":"generated"},{"nameUrl":"StructureMap-svc-map-qr-bundle.html","generation":"generated"},{"nameUrl":"ConceptMap-who-svc-map-icd11-sct-disease-targeted.html","generation":"generated"},{"nameUrl":"ConceptMap-who-svc-map-icd11-sct-vaccines.html","generation":"generated"},{"nameUrl":"Basic-svc-basic-qrcode-example.html","generation":"generated"},{"nameUrl":"Organization-SHC-Organization-Arabic.html","generation":"generated"},{"nameUrl":"QuestionnaireResponse-SVC-QR-QuestionnaireResponse-Example.html","generation":"generated"},{"nameUrl":"Parameters-SVC-TX-SHE-Parameters-1.html","generation":"generated"},{"nameUrl":"Organization-SHC-Organization-French.html","generation":"generated"},{"nameUrl":"Immunization-SVC-Immunizaton-Spanish.html","generation":"generated"},{"nameUrl":"Immunization-SVC-Immunizaton-Arabic.html","generation":"generated"},{"nameUrl":"Immunization-SVC-Immunizaton-English.html","generation":"generated"},{"nameUrl":"Patient-SHC-Patient-Example-Russian.html","generation":"generated"},{"nameUrl":"Immunization-SVC-Immunizaton-French.html","generation":"generated"},{"nameUrl":"Patient-SHC-Patient-Example-French.html","generation":"generated"},{"nameUrl":"Organization-SHC-Organization-English.html","generation":"generated"},{"nameUrl":"Immunization-SVC-Immunizaton-Russian.html","generation":"generated"},{"nameUrl":"Patient-SHC-Patient-English.html","generation":"generated"},{"nameUrl":"Organization-SHC-Organization-Russian.html","generation":"generated"},{"nameUrl":"Organization-SHC-Organization-Spanish.html","generation":"generated"},{"nameUrl":"Immunization-SVC-Immunizaton-Chinese.html","generation":"generated"},{"nameUrl":"Patient-SHC-Patient-Example-Chinese.html","generation":"generated"},{"nameUrl":"Organization-SHC-Organization-Chinese.html","generation":"generated"},{"nameUrl":"Patient-SHC-Patient-Arabic.html","generation":"generated"},{"nameUrl":"Patient-SHC-Patient-Example-Spanish.html","generation":"generated"}]}]},"parameter":[{"code":"path-pages","value":"input/pagecontent"},{"code":"path-resource","value":"input/ips-preadopted"},{"code":"path-resource","value":"input/resources/activitydefinition"},{"code":"path-resource","value":"input/resources/capabilitystatement"},{"code":"path-resource","value":"input/resources/library"},{"code":"path-resource","value":"input/resources/measure"},{"code":"path-resource","value":"input/resources/maps"},{"code":"path-resource","value":"input/resources/examples"},{"code":"path-resource","value":"input/resources/plandefinition"},{"code":"path-resource","value":"input/resources/questionnaire"},{"code":"path-resource","value":"input/vocabulary/codesystem"},{"code":"path-resource","value":"input/vocabulary/valueset"},{"code":"path-resource","value":"input/capabilities"},{"code":"path-resource","value":"input/examples"},{"code":"path-resource","value":"input/extensions"},{"code":"path-resource","value":"input/models"},{"code":"path-resource","value":"input/operations"},{"code":"path-resource","value":"input/profiles"},{"code":"path-resource","value":"input/resources"},{"code":"path-resource","value":"input/vocabulary"},{"code":"path-resource","value":"input/testing"},{"code":"path-resource","value":"input/history"},{"code":"path-resource","value":"fsh-generated/resources"},{"code":"path-pages","value":"template/config"},{"code":"path-pages","value":"input/images"},{"code":"path-tx-cache","value":"input-cache/txcache"}]}}