{"resourceType":"ValueSet","id":"SHC-SectionCode-ValueSet","text":{"status":"generated","div":"<div xmlns=\"http://www.w3.org/1999/xhtml\"><ul><li>Include all codes defined in <a href=\"CodeSystem-SHC-SectionCode-CodeSystem.html\"><code>https://who-int.github.io/svc/refs/heads/rc2/CodeSystem/SHC-SectionCode-CodeSystem</code></a></li></ul></div>"},"url":"https://who-int.github.io/svc/refs/heads/rc2/ValueSet/SHC-SectionCode-ValueSet","version":"0.2.0","name":"SHC_SectionCode_ValueSet","status":"active","date":"2021-05-19T17:38:37+00:00","publisher":"World Health Organization (WHO)","contact":[{"telecom":[{"system":"url","value":"https://www.who.int"}]}],"description":"Content section codes for Smart Health Certificates (SHC)","compose":{"include":[{"system":"https://who-int.github.io/svc/refs/heads/rc2/CodeSystem/SHC-SectionCode-CodeSystem"}]}}