{"resourceType":"ValueSet","id":"SHC-QR-Category-Usage-ValueSet","text":{"status":"generated","div":"<div xmlns=\"http://www.w3.org/1999/xhtml\"><ul><li>Include all codes defined in <a href=\"CodeSystem-SHC-QR-Category-Usage-CodeSystem.html\"><code>https://who-int.github.io/svc/refs/heads/rc2/CodeSystem/SHC-QR-Category-Usage-CodeSystem</code></a></li></ul></div>"},"url":"https://who-int.github.io/svc/refs/heads/rc2/ValueSet/SHC-QR-Category-Usage-ValueSet","version":"0.2.0","name":"SHC_QR_Category_Usage_ValueSet","status":"active","date":"2021-05-14T00:11:30+00:00","publisher":"World Health Organization (WHO)","contact":[{"telecom":[{"system":"url","value":"https://www.who.int"}]}],"description":"Categorization of QR codes by their business usage","compose":{"include":[{"system":"https://who-int.github.io/svc/refs/heads/rc2/CodeSystem/SHC-QR-Category-Usage-CodeSystem"}]}}