{"resourceType":"ValueSet","id":"who-svc-vaccines","text":{"status":"generated","div":"<div xmlns=\"http://www.w3.org/1999/xhtml\"><ul><li>Include these codes as defined in <code>http://id.who.int/icd11/mms</code><table class=\"none\"><tr><td style=\"white-space:nowrap\"><b>Code</b></td><td><b>Display</b></td></tr><tr><td>XM68M6</td><td>COVID-19 vaccine</td></tr><tr><td>XM1NL1</td><td>COVID-19 vaccine, inactivated virus</td></tr><tr><td>XM5DF6</td><td>COVID-19 vaccine, live attenuated virus</td></tr><tr><td>XM9QW8</td><td>COVID-19 vaccine, non-replicating viral vector</td></tr><tr><td>XM0CX4</td><td>COVID-19 vaccine, replicating viral vector</td></tr><tr><td>XM5JC5</td><td>COVID-19 vaccine, virus protein subunit</td></tr><tr><td>XM1J92</td><td>COVID-19 vaccine, virus like particle (VLP)</td></tr><tr><td>XM6AT1</td><td>COVID-19 vaccine, DNA based</td></tr><tr><td>XM0GQ8</td><td>COVID-19 vaccine, RNA based</td></tr><tr><td>XM3KV2</td><td>Bacterial vaccines</td></tr><tr><td>XM29K4</td><td>Cholera vaccines</td></tr><tr><td>XM11V3</td><td>Haemophilus influenzae B vaccines</td></tr><tr><td>XM2WV4</td><td>Meningococcal vaccines</td></tr><tr><td>XM18Y8</td><td>Meningococcal conjugate (Strain C) vaccine</td></tr><tr><td>XM2280</td><td>Menningovax (-AC) (-C)</td></tr><tr><td>XM43M9</td><td>Pertussis vaccines</td></tr><tr><td>XM9EM7</td><td>Pneumococcal vaccines</td></tr><tr><td>XM9G97</td><td>Pneumococcal conjugate (13-valent) vaccine</td></tr><tr><td>XM2249</td><td>Pneumococcal polysaccharide 23-valent vaccine</td></tr><tr><td>XM5L44</td><td>Tetanus vaccines</td></tr><tr><td>XM29H5</td><td>Tetanus toxoid</td></tr><tr><td>XM1G86</td><td>Tetanus toxoid, combinations with diphtheria toxoid</td></tr><tr><td>XM8BU8</td><td>Typhoid vaccines</td></tr><tr><td>XM86V7</td><td>Diphtheria toxoid</td></tr><tr><td>XM8AW3</td><td>Diphtheria vaccine</td></tr><tr><td>XM8142</td><td>BCG vaccine</td></tr><tr><td>XM8ZX8</td><td>Plague vaccine</td></tr><tr><td>XM9SW5</td><td>Vaccine bacterial with other bacterial component</td></tr><tr><td>XM9UB1</td><td>Typhoid-paratyphoid vaccine</td></tr><tr><td>XM3VD2</td><td>Vaccine TAB</td></tr><tr><td>XM95H3</td><td>Paratyphoid vaccine</td></tr><tr><td>XM2ZE3</td><td>Vaccine bacterial with pertussis component</td></tr><tr><td>XM91J8</td><td>Vaccine rickettsial</td></tr><tr><td>XM3JJ2</td><td>Typhus vaccine</td></tr><tr><td>XM4F19</td><td>Vaccine rickettsial with bacterial component</td></tr><tr><td>XM0E84</td><td>Rocky Mountain spotted fever vaccine</td></tr><tr><td>XM5926</td><td>Vaccine bacterial mixed, not elsewhere classified</td></tr><tr><td>XM61M7</td><td>Viral vaccines</td></tr><tr><td>XM0RC1</td><td>Encephalitis vaccines</td></tr><tr><td>XM1LR5</td><td>Influenza vaccines</td></tr><tr><td>XM8858</td><td>Influenza vaccine, inactivated, whole virus</td></tr><tr><td>XM5V65</td><td>Influenza vaccine, live attenuated</td></tr><tr><td>XM8MP3</td><td>Influenza vaccine, inactivated, split virus or surface antigen</td></tr><tr><td>XM9E17</td><td>Influenza vaccine, virus like particle</td></tr><tr><td>XM6LL6</td><td>Hepatitis vaccine</td></tr><tr><td>XM9V38</td><td>Hepatitis B vaccine</td></tr><tr><td>XM2A14</td><td>Hepatitis A vaccine, inactivated whole virus</td></tr><tr><td>XM28X5</td><td>Measles vaccines</td></tr><tr><td>XM8L15</td><td>Measles, live attenuated</td></tr><tr><td>XM2KH7</td><td>Diplovax</td></tr><tr><td>XM0N50</td><td>Poliomyelitis vaccines</td></tr><tr><td>XM4KG4</td><td>Orimune</td></tr><tr><td>XM1Y59</td><td>Vaccine sabin oral</td></tr><tr><td>XM1CE0</td><td>Rotavirus diarrhoea vaccines</td></tr><tr><td>XM7PP1</td><td>Rubella vaccine</td></tr><tr><td>XM9PS9</td><td>Meruvax</td></tr><tr><td>XM8DG3</td><td>Varicella zoster vaccines</td></tr><tr><td>XM9QP0</td><td>Human Papillomarvirus vaccine</td></tr><tr><td>XM0GW0</td><td>Herpes zoster (Shingles) vaccine</td></tr><tr><td>XM1131</td><td>Mumps vaccine</td></tr><tr><td>XM2340</td><td>Mumpsvax</td></tr><tr><td>XM95R0</td><td>Smallpox vaccine</td></tr><tr><td>XM6T09</td><td>Rabies vaccine</td></tr><tr><td>XM02Y0</td><td>Vaccine respiratory syncytial virus</td></tr><tr><td>XM69P6</td><td>Synagis</td></tr><tr><td>XM0N24</td><td>Yellow fever vaccine</td></tr><tr><td>XM4W25</td><td>Combination vaccines</td></tr><tr><td>XM21E6</td><td>Diptheria, Tetanus, acellular Pertussis, Inactivated Polio Virus, Haemophilus Influenzae type B</td></tr><tr><td>XM84S1</td><td>Diptheria, Hepatitis B,Tetanus, acellular Pertussis, Inactivated Polio Virus, Haemophilus Influenzae type B</td></tr><tr><td>XM9JP8</td><td>Diptheria, Tetanus, acellular Pertussis, Inactivated Polio Virus</td></tr><tr><td>XM44M4</td><td>Tetanus, diphtheria, acellular Pertussis, Inactivated Polio Virus</td></tr><tr><td>XM31Q8</td><td>Tetanus, diptheria, acellular pertussis</td></tr><tr><td>XM1PB8</td><td>Triple vaccine DPT</td></tr><tr><td>XM9ZL9</td><td>Pertussis vaccine (with diphtheria toxoid) (with tetanus toxoid)</td></tr><tr><td>XM9YH9</td><td>Diphtheria toxoid with tetanus toxoid with pertussis component</td></tr><tr><td>XM32Q5</td><td>Tetanus and diphtheria</td></tr><tr><td>XM4039</td><td>Vaccine diphtheria with tetanus</td></tr><tr><td>XM8XH5</td><td>Tetanus toxoid or vaccine toxoid with diphtheria toxoid</td></tr><tr><td>XM8TF3</td><td>Measles, mumps rubella</td></tr><tr><td>XM46V1</td><td>Diphtheria vaccine combination including pertussis</td></tr><tr><td>XM39K8</td><td>Diphtheria vaccine combination without pertussis</td></tr><tr><td>XM8YP9</td><td>Diphtheria vaccine combination</td></tr><tr><td>XM3JG2</td><td>Toxoid combined</td></tr><tr><td>XM25U9</td><td>Vaccine pertussis with other component</td></tr><tr><td>XM2CV8</td><td>Vaccine pertussis with diphtheria</td></tr><tr><td>XM7C66</td><td>Bacterial and viral vaccines, combined</td></tr><tr><td>XM5KN5</td><td>Vaccine bacterial with viral-rickettsial component</td></tr></table></li></ul></div>"},"url":"https://who-int.github.io/svc/refs/heads/rc2/ValueSet/who-svc-vaccines","version":"0.2.0","name":"WHO_SVC_Vaccines","title":"WHO Vaccine List","status":"draft","date":"2021-05-06T17:13:16+00:00","publisher":"World Health Organization (WHO)","contact":[{"telecom":[{"system":"url","value":"https://www.who.int"}]}],"description":"The WHO Vaccine List from [ICD 11](https://icd.who.int/browse11) is used by:\n *  the [SVC Immunization](StructureDefinition-svc-immunization.html) \n","compose":{"include":[{"system":"http://id.who.int/icd11/mms","concept":[{"code":"XM68M6","display":"COVID-19 vaccine"},{"code":"XM1NL1","display":"COVID-19 vaccine, inactivated virus"},{"code":"XM5DF6","display":"COVID-19 vaccine, live attenuated virus"},{"code":"XM9QW8","display":"COVID-19 vaccine, non-replicating viral vector"},{"code":"XM0CX4","display":"COVID-19 vaccine, replicating viral vector"},{"code":"XM5JC5","display":"COVID-19 vaccine, virus protein subunit"},{"code":"XM1J92","display":"COVID-19 vaccine, virus like particle (VLP)"},{"code":"XM6AT1","display":"COVID-19 vaccine, DNA based"},{"code":"XM0GQ8","display":"COVID-19 vaccine, RNA based"},{"code":"XM3KV2","display":"Bacterial vaccines"},{"code":"XM29K4","display":"Cholera vaccines"},{"code":"XM11V3","display":"Haemophilus influenzae B vaccines"},{"code":"XM2WV4","display":"Meningococcal vaccines"},{"code":"XM18Y8","display":"Meningococcal conjugate (Strain C) vaccine"},{"code":"XM2280","display":"Menningovax (-AC) (-C)"},{"code":"XM43M9","display":"Pertussis vaccines"},{"code":"XM9EM7","display":"Pneumococcal vaccines"},{"code":"XM9G97","display":"Pneumococcal conjugate (13-valent) vaccine"},{"code":"XM2249","display":"Pneumococcal polysaccharide 23-valent vaccine"},{"code":"XM5L44","display":"Tetanus vaccines"},{"code":"XM29H5","display":"Tetanus toxoid"},{"code":"XM1G86","display":"Tetanus toxoid, combinations with diphtheria toxoid"},{"code":"XM8BU8","display":"Typhoid vaccines"},{"code":"XM86V7","display":"Diphtheria toxoid"},{"code":"XM8AW3","display":"Diphtheria vaccine"},{"code":"XM8142","display":"BCG vaccine"},{"code":"XM8ZX8","display":"Plague vaccine"},{"code":"XM9SW5","display":"Vaccine bacterial with other bacterial component"},{"code":"XM9UB1","display":"Typhoid-paratyphoid vaccine"},{"code":"XM3VD2","display":"Vaccine TAB"},{"code":"XM95H3","display":"Paratyphoid vaccine"},{"code":"XM2ZE3","display":"Vaccine bacterial with pertussis component"},{"code":"XM91J8","display":"Vaccine rickettsial"},{"code":"XM3JJ2","display":"Typhus vaccine"},{"code":"XM4F19","display":"Vaccine rickettsial with bacterial component"},{"code":"XM0E84","display":"Rocky Mountain spotted fever vaccine"},{"code":"XM5926","display":"Vaccine bacterial mixed, not elsewhere classified"},{"code":"XM61M7","display":"Viral vaccines"},{"code":"XM0RC1","display":"Encephalitis vaccines"},{"code":"XM1LR5","display":"Influenza vaccines"},{"code":"XM8858","display":"Influenza vaccine, inactivated, whole virus"},{"code":"XM5V65","display":"Influenza vaccine, live attenuated"},{"code":"XM8MP3","display":"Influenza vaccine, inactivated, split virus or surface antigen"},{"code":"XM9E17","display":"Influenza vaccine, virus like particle"},{"code":"XM6LL6","display":"Hepatitis vaccine"},{"code":"XM9V38","display":"Hepatitis B vaccine"},{"code":"XM2A14","display":"Hepatitis A vaccine, inactivated whole virus"},{"code":"XM28X5","display":"Measles vaccines"},{"code":"XM8L15","display":"Measles, live attenuated"},{"code":"XM2KH7","display":"Diplovax"},{"code":"XM0N50","display":"Poliomyelitis vaccines"},{"code":"XM4KG4","display":"Orimune"},{"code":"XM1Y59","display":"Vaccine sabin oral"},{"code":"XM1CE0","display":"Rotavirus diarrhoea vaccines"},{"code":"XM7PP1","display":"Rubella vaccine"},{"code":"XM9PS9","display":"Meruvax"},{"code":"XM8DG3","display":"Varicella zoster vaccines"},{"code":"XM9QP0","display":"Human Papillomarvirus vaccine"},{"code":"XM0GW0","display":"Herpes zoster (Shingles) vaccine"},{"code":"XM1131","display":"Mumps vaccine"},{"code":"XM2340","display":"Mumpsvax"},{"code":"XM95R0","display":"Smallpox vaccine"},{"code":"XM6T09","display":"Rabies vaccine"},{"code":"XM02Y0","display":"Vaccine respiratory syncytial virus"},{"code":"XM69P6","display":"Synagis"},{"code":"XM0N24","display":"Yellow fever vaccine"},{"code":"XM4W25","display":"Combination vaccines"},{"code":"XM21E6","display":"Diptheria, Tetanus, acellular Pertussis, Inactivated Polio Virus, Haemophilus Influenzae type B"},{"code":"XM84S1","display":"Diptheria, Hepatitis B,Tetanus, acellular Pertussis, Inactivated Polio Virus, Haemophilus Influenzae type B"},{"code":"XM9JP8","display":"Diptheria, Tetanus, acellular Pertussis, Inactivated Polio Virus"},{"code":"XM44M4","display":"Tetanus, diphtheria, acellular Pertussis, Inactivated Polio Virus"},{"code":"XM31Q8","display":"Tetanus, diptheria, acellular pertussis"},{"code":"XM1PB8","display":"Triple vaccine DPT"},{"code":"XM9ZL9","display":"Pertussis vaccine (with diphtheria toxoid) (with tetanus toxoid)"},{"code":"XM9YH9","display":"Diphtheria toxoid with tetanus toxoid with pertussis component"},{"code":"XM32Q5","display":"Tetanus and diphtheria"},{"code":"XM4039","display":"Vaccine diphtheria with tetanus"},{"code":"XM8XH5","display":"Tetanus toxoid or vaccine toxoid with diphtheria toxoid"},{"code":"XM8TF3","display":"Measles, mumps rubella"},{"code":"XM46V1","display":"Diphtheria vaccine combination including pertussis"},{"code":"XM39K8","display":"Diphtheria vaccine combination without pertussis"},{"code":"XM8YP9","display":"Diphtheria vaccine combination"},{"code":"XM3JG2","display":"Toxoid combined"},{"code":"XM25U9","display":"Vaccine pertussis with other component"},{"code":"XM2CV8","display":"Vaccine pertussis with diphtheria"},{"code":"XM7C66","display":"Bacterial and viral vaccines, combined"},{"code":"XM5KN5","display":"Vaccine bacterial with viral-rickettsial component"}]}]}}