<?xml version="1.0" encoding="UTF-8"?>

<Bundle xmlns="http://hl7.org/fhir">
  <id value="56ab51de-2b87-4b16-b149-e0df3486e909"/>
  <meta>
    <lastUpdated value="2021-05-14T00:11:30.497+00:00"/>
  </meta>
  <type value="collection"/>
  <entry>
    <fullUrl value="https://who-int.github.io/svc/refs/heads/rc2/ValueSet/SHC-QR-Category-Usage-ValueSet"/>
    <resource>
      <ValueSet>
        <id value="SHC-QR-Category-Usage-ValueSet"/>
        <text>
          <status value="generated"/>
          <div xmlns="http://www.w3.org/1999/xhtml">
            <p>This value set contains 4 concepts</p>
            <p style="border: black 1px dotted; background-color: #EEEEEE; padding: 8px; margin-bottom: 8px">Expansion based on 
              <a href="CodeSystem-SHC-QR-Category-Usage-CodeSystem.html">SHC QR Category Usage Codes v0.2.0 (CodeSystem)</a>
            </p>
            <p>All codes from system 
              <a href="CodeSystem-SHC-QR-Category-Usage-CodeSystem.html">
                <code>https://who-int.github.io/svc/refs/heads/rc2/CodeSystem/SHC-QR-Category-Usage-CodeSystem</code>
              </a>
            </p>
            <table class="codes">
              <tr>
                <td style="white-space:nowrap">
                  <b>Code</b>
                </td>
                <td>
                  <b>Display</b>
                </td>
                <td>
                  <b>Definition</b>
                </td>
              </tr>
              <tr>
                <td style="white-space:nowrap">
                  <a name="https---who-int.github.io-svc-refs-heads-rc2-CodeSystem-SHC-QR-Category-Usage-CodeSystem-who"> </a>
                  <a href="CodeSystem-SHC-QR-Category-Usage-CodeSystem.html#SHC-QR-Category-Usage-CodeSystem-who">who</a>
                </td>
                <td>WHO SVC</td>
                <td/>
              </tr>
              <tr>
                <td style="white-space:nowrap">
                  <a name="https---who-int.github.io-svc-refs-heads-rc2-CodeSystem-SHC-QR-Category-Usage-CodeSystem-dgc"> </a>
                  <a href="CodeSystem-SHC-QR-Category-Usage-CodeSystem.html#SHC-QR-Category-Usage-CodeSystem-dgc">dgc</a>
                </td>
                <td>EU DGC</td>
                <td/>
              </tr>
              <tr>
                <td style="white-space:nowrap">
                  <a name="https---who-int.github.io-svc-refs-heads-rc2-CodeSystem-SHC-QR-Category-Usage-CodeSystem-icao"> </a>
                  <a href="CodeSystem-SHC-QR-Category-Usage-CodeSystem.html#SHC-QR-Category-Usage-CodeSystem-icao">icao</a>
                </td>
                <td>ICAO</td>
                <td/>
              </tr>
              <tr>
                <td style="white-space:nowrap">
                  <a name="https---who-int.github.io-svc-refs-heads-rc2-CodeSystem-SHC-QR-Category-Usage-CodeSystem-au"> </a>
                  <a href="CodeSystem-SHC-QR-Category-Usage-CodeSystem.html#SHC-QR-Category-Usage-CodeSystem-au">au</a>
                </td>
                <td>AU</td>
                <td/>
              </tr>
            </table>
          </div>
        </text>
        <url value="https://who-int.github.io/svc/refs/heads/rc2/ValueSet/SHC-QR-Category-Usage-ValueSet"/>
        <version value="0.2.0"/>
        <name value="SHC_QR_Category_Usage_ValueSet"/>
        <status value="active"/>
        <date value="2021-05-14T00:11:30+00:00"/>
        <publisher value="World Health Organization (WHO)"/>
        <contact>
          <telecom>
            <system value="url"/>
            <value value="https://www.who.int"/>
          </telecom>
        </contact>
        <description value="Categorization of QR codes by their business usage"/>
        <expansion>
          <identifier value="urn:uuid:17983c92-02e0-4a9f-9434-606052ed9c0b"/>
          <timestamp value="2021-05-14T00:11:57+00:00"/>
          <total value="4"/>
          <parameter>
            <name value="excludeNested"/>
            <valueBoolean value="false"/>
          </parameter>
          <parameter>
            <name value="version"/>
            <valueUri value="https://who-int.github.io/svc/refs/heads/rc2/CodeSystem/SHC-QR-Category-Usage-CodeSystem|0.2.0"/>
          </parameter>
          <contains>
            <system value="https://who-int.github.io/svc/refs/heads/rc2/CodeSystem/SHC-QR-Category-Usage-CodeSystem"/>
            <code value="who"/>
            <display value="WHO SVC"/>
          </contains>
          <contains>
            <system value="https://who-int.github.io/svc/refs/heads/rc2/CodeSystem/SHC-QR-Category-Usage-CodeSystem"/>
            <code value="dgc"/>
            <display value="EU DGC"/>
          </contains>
          <contains>
            <system value="https://who-int.github.io/svc/refs/heads/rc2/CodeSystem/SHC-QR-Category-Usage-CodeSystem"/>
            <code value="icao"/>
            <display value="ICAO"/>
          </contains>
          <contains>
            <system value="https://who-int.github.io/svc/refs/heads/rc2/CodeSystem/SHC-QR-Category-Usage-CodeSystem"/>
            <code value="au"/>
            <display value="AU"/>
          </contains>
        </expansion>
      </ValueSet>
    </resource>
  </entry>
  <entry>
    <fullUrl value="https://who-int.github.io/svc/refs/heads/rc2/ValueSet/SHC-SectionCode-ValueSet"/>
    <resource>
      <ValueSet>
        <id value="SHC-SectionCode-ValueSet"/>
        <text>
          <status value="generated"/>
          <div xmlns="http://www.w3.org/1999/xhtml">
            <p>This value set contains 1 concepts</p>
            <p style="border: black 1px dotted; background-color: #EEEEEE; padding: 8px; margin-bottom: 8px">Expansion based on 
              <a href="CodeSystem-SHC-SectionCode-CodeSystem.html">SHC QR SectionCode Usage Codes v0.2.0 (CodeSystem)</a>
            </p>
            <p>All codes from system 
              <a href="CodeSystem-SHC-SectionCode-CodeSystem.html">
                <code>https://who-int.github.io/svc/refs/heads/rc2/CodeSystem/SHC-SectionCode-CodeSystem</code>
              </a>
            </p>
            <table class="codes">
              <tr>
                <td style="white-space:nowrap">
                  <b>Code</b>
                </td>
                <td>
                  <b>Display</b>
                </td>
                <td>
                  <b>Definition</b>
                </td>
              </tr>
              <tr>
                <td style="white-space:nowrap">
                  <a name="https---who-int.github.io-svc-refs-heads-rc2-CodeSystem-SHC-SectionCode-CodeSystem-qrdoc"> </a>
                  <a href="CodeSystem-SHC-SectionCode-CodeSystem.html#SHC-SectionCode-CodeSystem-qrdoc">qrdoc</a>
                </td>
                <td>QR Code Document</td>
                <td/>
              </tr>
            </table>
          </div>
        </text>
        <url value="https://who-int.github.io/svc/refs/heads/rc2/ValueSet/SHC-SectionCode-ValueSet"/>
        <version value="0.2.0"/>
        <name value="SHC_SectionCode_ValueSet"/>
        <status value="active"/>
        <date value="2021-05-14T00:11:30+00:00"/>
        <publisher value="World Health Organization (WHO)"/>
        <contact>
          <telecom>
            <system value="url"/>
            <value value="https://www.who.int"/>
          </telecom>
        </contact>
        <description value="Content section codes for Smart Health Certificates (SHC)"/>
        <expansion>
          <identifier value="urn:uuid:630b10a5-b98e-4b33-8776-f2c8ead3bd84"/>
          <timestamp value="2021-05-14T00:11:58+00:00"/>
          <total value="1"/>
          <parameter>
            <name value="excludeNested"/>
            <valueBoolean value="false"/>
          </parameter>
          <parameter>
            <name value="version"/>
            <valueUri value="https://who-int.github.io/svc/refs/heads/rc2/CodeSystem/SHC-SectionCode-CodeSystem|0.2.0"/>
          </parameter>
          <contains>
            <system value="https://who-int.github.io/svc/refs/heads/rc2/CodeSystem/SHC-SectionCode-CodeSystem"/>
            <code value="qrdoc"/>
            <display value="QR Code Document"/>
          </contains>
        </expansion>
      </ValueSet>
    </resource>
  </entry>
  <entry>
    <fullUrl value="https://who-int.github.io/svc/refs/heads/rc2/ValueSet/SHC-QR-Format-ValueSet"/>
    <resource>
      <ValueSet>
        <id value="SHC-QR-Format-ValueSet"/>
        <text>
          <status value="generated"/>
          <div xmlns="http://www.w3.org/1999/xhtml">
            <p>This value set contains 2 concepts</p>
            <p style="border: black 1px dotted; background-color: #EEEEEE; padding: 8px; margin-bottom: 8px">Expansion based on 
              <a href="CodeSystem-SHC-QR-Format-CodeSystem.html">SHC QR Format Codes v0.2.0 (CodeSystem)</a>
            </p>
            <p>All codes from system 
              <a href="CodeSystem-SHC-QR-Format-CodeSystem.html">
                <code>https://who-int.github.io/svc/refs/heads/rc2/CodeSystem/SHC-QR-Format-CodeSystem</code>
              </a>
            </p>
            <table class="codes">
              <tr>
                <td style="white-space:nowrap">
                  <b>Code</b>
                </td>
                <td>
                  <b>Display</b>
                </td>
                <td>
                  <b>Definition</b>
                </td>
              </tr>
              <tr>
                <td style="white-space:nowrap">
                  <a name="https---who-int.github.io-svc-refs-heads-rc2-CodeSystem-SHC-QR-Format-CodeSystem-image"> </a>
                  <a href="CodeSystem-SHC-QR-Format-CodeSystem.html#SHC-QR-Format-CodeSystem-image">image</a>
                </td>
                <td>Image</td>
                <td/>
              </tr>
              <tr>
                <td style="white-space:nowrap">
                  <a name="https---who-int.github.io-svc-refs-heads-rc2-CodeSystem-SHC-QR-Format-CodeSystem-serialized"> </a>
                  <a href="CodeSystem-SHC-QR-Format-CodeSystem.html#SHC-QR-Format-CodeSystem-serialized">serialized</a>
                </td>
                <td>Serialized QR Content</td>
                <td/>
              </tr>
            </table>
          </div>
        </text>
        <url value="https://who-int.github.io/svc/refs/heads/rc2/ValueSet/SHC-QR-Format-ValueSet"/>
        <version value="0.2.0"/>
        <name value="SHC_QR_Format_ValueSet"/>
        <status value="active"/>
        <date value="2021-05-14T00:11:30+00:00"/>
        <publisher value="World Health Organization (WHO)"/>
        <contact>
          <telecom>
            <system value="url"/>
            <value value="https://www.who.int"/>
          </telecom>
        </contact>
        <description value="Format of the representation of QR code"/>
        <expansion>
          <identifier value="urn:uuid:fa0b07c7-9da8-42ad-b43b-4c6b2d241f72"/>
          <timestamp value="2021-05-14T00:12:00+00:00"/>
          <total value="2"/>
          <parameter>
            <name value="excludeNested"/>
            <valueBoolean value="false"/>
          </parameter>
          <parameter>
            <name value="version"/>
            <valueUri value="https://who-int.github.io/svc/refs/heads/rc2/CodeSystem/SHC-QR-Format-CodeSystem|0.2.0"/>
          </parameter>
          <contains>
            <system value="https://who-int.github.io/svc/refs/heads/rc2/CodeSystem/SHC-QR-Format-CodeSystem"/>
            <code value="image"/>
            <display value="Image"/>
          </contains>
          <contains>
            <system value="https://who-int.github.io/svc/refs/heads/rc2/CodeSystem/SHC-QR-Format-CodeSystem"/>
            <code value="serialized"/>
            <display value="Serialized QR Content"/>
          </contains>
        </expansion>
      </ValueSet>
    </resource>
  </entry>
  <entry>
    <fullUrl value="https://who-int.github.io/svc/refs/heads/rc2/ValueSet/SHC-Category-ValueSet"/>
    <resource>
      <ValueSet>
        <id value="SHC-Category-ValueSet"/>
        <text>
          <status value="generated"/>
          <div xmlns="http://www.w3.org/1999/xhtml">
            <p>This value set contains 1 concepts</p>
            <p style="border: black 1px dotted; background-color: #EEEEEE; padding: 8px; margin-bottom: 8px">Expansion based on 
              <a href="CodeSystem-SHC-Category-CodeSystem.html">SHC QR Category Usage Codes v0.2.0 (CodeSystem)</a>
            </p>
            <p>All codes from system 
              <a href="CodeSystem-SHC-Category-CodeSystem.html">
                <code>https://who-int.github.io/svc/refs/heads/rc2/CodeSystem/SHC-Category-CodeSystem</code>
              </a>
            </p>
            <table class="codes">
              <tr>
                <td style="white-space:nowrap">
                  <b>Code</b>
                </td>
                <td>
                  <b>Display</b>
                </td>
                <td>
                  <b>Definition</b>
                </td>
              </tr>
              <tr>
                <td style="white-space:nowrap">
                  <a name="https---who-int.github.io-svc-refs-heads-rc2-CodeSystem-SHC-Category-CodeSystem-svc-covid19"> </a>
                  <a href="CodeSystem-SHC-Category-CodeSystem.html#SHC-Category-CodeSystem-svc-covid19">svc-covid19</a>
                </td>
                <td>Smart Vaccination Certificate - COVID19</td>
                <td/>
              </tr>
            </table>
          </div>
        </text>
        <url value="https://who-int.github.io/svc/refs/heads/rc2/ValueSet/SHC-Category-ValueSet"/>
        <version value="0.2.0"/>
        <name value="SHC_Category_ValueSet"/>
        <status value="active"/>
        <date value="2021-05-14T00:11:30+00:00"/>
        <publisher value="World Health Organization (WHO)"/>
        <contact>
          <telecom>
            <system value="url"/>
            <value value="https://www.who.int"/>
          </telecom>
        </contact>
        <description value="Content categorization of Smart Health Certificates (SHC)"/>
        <expansion>
          <identifier value="urn:uuid:2c42f3cf-473e-4457-a202-f95202310377"/>
          <timestamp value="2021-05-14T00:12:02+00:00"/>
          <total value="1"/>
          <parameter>
            <name value="excludeNested"/>
            <valueBoolean value="false"/>
          </parameter>
          <parameter>
            <name value="version"/>
            <valueUri value="https://who-int.github.io/svc/refs/heads/rc2/CodeSystem/SHC-Category-CodeSystem|0.2.0"/>
          </parameter>
          <contains>
            <system value="https://who-int.github.io/svc/refs/heads/rc2/CodeSystem/SHC-Category-CodeSystem"/>
            <code value="svc-covid19"/>
            <display value="Smart Vaccination Certificate - COVID19"/>
          </contains>
        </expansion>
      </ValueSet>
    </resource>
  </entry>
</Bundle>