<?xml version="1.0" encoding="UTF-8"?>

<ImplementationGuide xmlns="http://hl7.org/fhir">
  <id value="fhir.who.svc-rc2"/>
  <text>
    <status value="extensions"/><div xmlns="http://www.w3.org/1999/xhtml"><h2>SVC_RC2</h2><p>The official URL for this implementation guide is: </p><pre>http://fhir.org/guides/who/svc/ImplementationGuide/fhir.who.svc-rc2</pre><div><p>Smart Vaccination Certificate - RC2</p>
</div></div>
  </text>
  <url value="http://fhir.org/guides/who/svc/ImplementationGuide/fhir.who.svc-rc2"/>
  <version value="0.2.0"/>
  <name value="SVC_RC2"/>
  <title value="WHO Smart Vaccination Certificate - RC2"/>
  <status value="draft"/>
  <experimental value="false"/>
  <date value="2021-03-04"/>
  <publisher value="World Health Organization (WHO)"/>
  <contact>
    <telecom>
      <system value="url"/>
      <value value="https://www.who.int"/>
    </telecom>
  </contact>
  <description value="Smart Vaccination Certificate - RC2"/>
  <packageId value="fhir.who.svc-rc2"/>
  <license value="CC0-1.0"/>
  <fhirVersion value="4.0.1"/>
  <dependsOn id="ips">
    <uri value="http://hl7.org/fhir/uv/ips/ImplementationGuide/hl7.fhir.uv.ips"/>
    <packageId value="hl7.fhir.uv.ips"/>
    <version value="current"/>
  </dependsOn>
  <dependsOn id="sdc">
    <uri value="http://hl7.org/fhir/uv/sdc/ImplementationGuide/hl7.fhir.uv.sdc"/>
    <packageId value="hl7.fhir.uv.sdc"/>
    <version value="current"/>
  </dependsOn>
  <definition>
    <extension url="http://hl7.org/fhir/tools/StructureDefinition/ig-parameter">
      <extension url="code">
        <valueString value="copyrightyear"/>
      </extension>
      <extension url="value">
        <valueString value="2021+"/>
      </extension>
    </extension>
    <extension url="http://hl7.org/fhir/tools/StructureDefinition/ig-parameter">
      <extension url="code">
        <valueString value="releaselabel"/>
      </extension>
      <extension url="value">
        <valueString value="CI Build"/>
      </extension>
    </extension>
    <extension url="http://hl7.org/fhir/tools/StructureDefinition/ig-parameter">
      <extension url="code">
        <valueString value="example-table"/>
      </extension>
      <extension url="value">
        <valueString value="true"/>
      </extension>
    </extension>
    <extension url="http://hl7.org/fhir/tools/StructureDefinition/ig-parameter">
      <extension url="code">
        <valueString value="generate"/>
      </extension>
      <extension url="value">
        <valueString value="examples"/>
      </extension>
    </extension>
    <extension url="http://hl7.org/fhir/tools/StructureDefinition/ig-parameter">
      <extension url="code">
        <valueString value="generate"/>
      </extension>
      <extension url="value">
        <valueString value="example-narratives"/>
      </extension>
    </extension>
    <extension url="http://hl7.org/fhir/tools/StructureDefinition/ig-parameter">
      <extension url="code">
        <valueString value="example-list"/>
      </extension>
      <extension url="value">
        <valueString value="true"/>
      </extension>
    </extension>
    <extension url="http://hl7.org/fhir/tools/StructureDefinition/ig-parameter">
      <extension url="code">
        <valueString value="example-table-all"/>
      </extension>
      <extension url="value">
        <valueString value="true"/>
      </extension>
    </extension>
    <extension url="http://hl7.org/fhir/tools/StructureDefinition/ig-parameter">
      <extension url="code">
        <valueString value="example-list-all"/>
      </extension>
      <extension url="value">
        <valueString value="true"/>
      </extension>
    </extension>
    <extension url="http://hl7.org/fhir/tools/StructureDefinition/ig-parameter">
      <extension url="code">
        <valueString value="summary"/>
      </extension>
      <extension url="value">
        <valueString value="true"/>
      </extension>
    </extension>
    <extension url="http://hl7.org/fhir/tools/StructureDefinition/ig-parameter">
      <extension url="code">
        <valueString value="summary-tables"/>
      </extension>
      <extension url="value">
        <valueString value="true"/>
      </extension>
    </extension>
    <extension url="http://hl7.org/fhir/tools/StructureDefinition/ig-parameter">
      <extension url="code">
        <valueString value="content"/>
      </extension>
      <extension url="value">
        <valueString value="true"/>
      </extension>
    </extension>
    <extension url="http://hl7.org/fhir/tools/StructureDefinition/ig-parameter">
      <extension url="code">
        <valueString value="profiles"/>
      </extension>
      <extension url="value">
        <valueString value="true"/>
      </extension>
    </extension>
    <extension url="http://hl7.org/fhir/tools/StructureDefinition/ig-parameter">
      <extension url="code">
        <valueString value="script"/>
      </extension>
      <extension url="value">
        <valueString value="true"/>
      </extension>
    </extension>
    <extension url="http://hl7.org/fhir/tools/StructureDefinition/ig-parameter">
      <extension url="code">
        <valueString value="do-transforms"/>
      </extension>
      <extension url="value">
        <valueString value="true"/>
      </extension>
    </extension>
    <extension url="http://hl7.org/fhir/tools/StructureDefinition/ig-parameter">
      <extension url="code">
        <valueString value="special-url"/>
      </extension>
      <extension url="value">
        <valueString value="http://hl7.org/fhir/uv/ips/StructureDefinition/Patient-pre-uv-ips"/>
      </extension>
    </extension>
    <extension url="http://hl7.org/fhir/tools/StructureDefinition/ig-parameter">
      <extension url="code">
        <valueString value="special-url"/>
      </extension>
      <extension url="value">
        <valueString value="http://hl7.org/fhir/uv/ips/StructureDefinition/Immunization-pre-uv-ips"/>
      </extension>
    </extension>
    <extension url="http://hl7.org/fhir/tools/StructureDefinition/ig-parameter">
      <extension url="code">
        <valueString value="path-suppressed-warnings"/>
      </extension>
      <extension url="value">
        <valueString value="input/ignoreWarnings.txt"/>
      </extension>
    </extension>
    <extension url="http://hl7.org/fhir/tools/StructureDefinition/ig-parameter">
      <extension url="code">
        <valueString value="path-binary"/>
      </extension>
      <extension url="value">
        <valueString value="input/cql"/>
      </extension>
    </extension>
    <extension url="http://hl7.org/fhir/tools/StructureDefinition/ig-parameter">
      <extension url="code">
        <valueString value="autoload-resources"/>
      </extension>
      <extension url="value">
        <valueString value="true"/>
      </extension>
    </extension>
    <extension url="http://hl7.org/fhir/tools/StructureDefinition/ig-parameter">
      <extension url="code">
        <valueString value="path-liquid"/>
      </extension>
      <extension url="value">
        <valueString value="template/liquid"/>
      </extension>
    </extension>
    <extension url="http://hl7.org/fhir/tools/StructureDefinition/ig-parameter">
      <extension url="code">
        <valueString value="path-liquid"/>
      </extension>
      <extension url="value">
        <valueString value="input/liquid"/>
      </extension>
    </extension>
    <extension url="http://hl7.org/fhir/tools/StructureDefinition/ig-parameter">
      <extension url="code">
        <valueString value="path-qa"/>
      </extension>
      <extension url="value">
        <valueString value="temp/qa"/>
      </extension>
    </extension>
    <extension url="http://hl7.org/fhir/tools/StructureDefinition/ig-parameter">
      <extension url="code">
        <valueString value="path-temp"/>
      </extension>
      <extension url="value">
        <valueString value="temp/pages"/>
      </extension>
    </extension>
    <extension url="http://hl7.org/fhir/tools/StructureDefinition/ig-parameter">
      <extension url="code">
        <valueString value="path-output"/>
      </extension>
      <extension url="value">
        <valueString value="output"/>
      </extension>
    </extension>
    <extension url="http://hl7.org/fhir/tools/StructureDefinition/ig-parameter">
      <extension url="code">
        <valueString value="path-history"/>
      </extension>
      <extension url="value">
        <valueString value="http://fhir.org/guides/who/svc/history.html"/>
      </extension>
    </extension>
    <extension url="http://hl7.org/fhir/tools/StructureDefinition/ig-parameter">
      <extension url="code">
        <valueString value="template-html"/>
      </extension>
      <extension url="value">
        <valueString value="template-page.html"/>
      </extension>
    </extension>
    <extension url="http://hl7.org/fhir/tools/StructureDefinition/ig-parameter">
      <extension url="code">
        <valueString value="template-md"/>
      </extension>
      <extension url="value">
        <valueString value="template-page-md.html"/>
      </extension>
    </extension>
    <extension url="http://hl7.org/fhir/tools/StructureDefinition/ig-parameter">
      <extension url="code">
        <valueString value="apply-contact"/>
      </extension>
      <extension url="value">
        <valueString value="true"/>
      </extension>
    </extension>
    <extension url="http://hl7.org/fhir/tools/StructureDefinition/ig-parameter">
      <extension url="code">
        <valueString value="apply-context"/>
      </extension>
      <extension url="value">
        <valueString value="true"/>
      </extension>
    </extension>
    <extension url="http://hl7.org/fhir/tools/StructureDefinition/ig-parameter">
      <extension url="code">
        <valueString value="apply-copyright"/>
      </extension>
      <extension url="value">
        <valueString value="true"/>
      </extension>
    </extension>
    <extension url="http://hl7.org/fhir/tools/StructureDefinition/ig-parameter">
      <extension url="code">
        <valueString value="apply-jurisdiction"/>
      </extension>
      <extension url="value">
        <valueString value="true"/>
      </extension>
    </extension>
    <extension url="http://hl7.org/fhir/tools/StructureDefinition/ig-parameter">
      <extension url="code">
        <valueString value="apply-license"/>
      </extension>
      <extension url="value">
        <valueString value="true"/>
      </extension>
    </extension>
    <extension url="http://hl7.org/fhir/tools/StructureDefinition/ig-parameter">
      <extension url="code">
        <valueString value="apply-publisher"/>
      </extension>
      <extension url="value">
        <valueString value="true"/>
      </extension>
    </extension>
    <extension url="http://hl7.org/fhir/tools/StructureDefinition/ig-parameter">
      <extension url="code">
        <valueString value="apply-version"/>
      </extension>
      <extension url="value">
        <valueString value="true"/>
      </extension>
    </extension>
    <extension url="http://hl7.org/fhir/tools/StructureDefinition/ig-parameter">
      <extension url="code">
        <valueString value="active-tables"/>
      </extension>
      <extension url="value">
        <valueString value="true"/>
      </extension>
    </extension>
    <resource>
      <extension url="http://hl7.org/fhir/tools/StructureDefinition/resource-information">
        <valueString value="StructureDefinition:resource"/>
      </extension>
      <reference>
        <reference value="StructureDefinition/Patient-pre-uv-ips"/>
      </reference>
      <name value="Patient (IPS)"/>
      <description value="This profile represents the constraints applied to the Patient resource by the International Patient Summary (IPS) FHIR Implementation Guide and describes the minimum expectations for the Patient resource when used in the IPS composition or in one of the referred resources."/>
    </resource>
    <resource>
      <extension url="http://hl7.org/fhir/tools/StructureDefinition/resource-information">
        <valueString value="StructureDefinition:resource"/>
      </extension>
      <reference>
        <reference value="StructureDefinition/Immunization-pre-uv-ips"/>
      </reference>
      <name value="Immunization (IPS)"/>
      <description value="This profile represents the constraints applied to the Immunization resource by the International Patient Summary (IPS) FHIR Implementation Guide. A record of an immunization is represented in the patient summary as an instance of an Immunization resource constrained by this profile.&#xD;&#xA;&#xD;&#xA;It describes the event of a patient being administered a vaccination or a record of a vaccination as reported by a patient, a clinician or another party."/>
    </resource>
    <resource>
      <extension url="http://hl7.org/fhir/tools/StructureDefinition/resource-information">
        <valueString value="StructureMap"/>
      </extension>
      <reference>
        <reference value="StructureMap/svc-map-qr-bundle"/>
      </reference>
    </resource>
    <resource>
      <extension url="http://hl7.org/fhir/tools/StructureDefinition/resource-information">
        <valueString value="CapabilityStatement"/>
      </extension>
      <reference>
        <reference value="CapabilityStatement/WHO.SHC.RegistryService"/>
      </reference>
      <name value="WHO SHC Registry Service"/>
      <description value="CapabilityStatement for WHO SHC Registry Service actor."/>
    </resource>
    <resource>
      <extension url="http://hl7.org/fhir/tools/StructureDefinition/resource-information">
        <valueString value="CapabilityStatement"/>
      </extension>
      <reference>
        <reference value="CapabilityStatement/WHO.SHC.Generator"/>
      </reference>
      <name value="WHO SHC Generator"/>
      <description value="CapabilityStatement for WHO SHC Generator actor."/>
    </resource>
    <resource>
      <extension url="http://hl7.org/fhir/tools/StructureDefinition/resource-information">
        <valueString value="Basic"/>
      </extension>
      <reference>
        <reference value="Basic/svc-basic-qrcode-example"/>
      </reference>
    </resource>
    <resource>
      <extension url="http://hl7.org/fhir/tools/StructureDefinition/resource-information">
        <valueString value="QuestionnaireResponse"/>
      </extension>
      <reference>
        <reference value="QuestionnaireResponse/SVC-QR-QuestionnaireResponse-Example"/>
      </reference>
    </resource>
    <resource>
      <extension url="http://hl7.org/fhir/tools/StructureDefinition/resource-information">
        <valueString value="StructureDefinition:resource:abstract"/>
      </extension>
      <reference>
        <reference value="StructureDefinition/shc-bundle"/>
      </reference>
      <name value="SHC Bundle"/>
      <description value="An [SHC Bundle](StructureDefinition-shc-bundle.html) is a document bundle containing the Smart Health Certificate (SHCs)."/>
    </resource>
    <resource>
      <extension url="http://hl7.org/fhir/tools/StructureDefinition/resource-information">
        <valueString value="StructureDefinition:resource"/>
      </extension>
      <reference>
        <reference value="StructureDefinition/svc-questionnaireresponse"/>
      </reference>
      <name value="SVC Questionnaire Response"/>
      <description value="Describes the logical structure for a questionnaire response associacted to a [SVC Questionaire](StructureDefinition-svc-questionnaire.html)."/>
    </resource>
    <resource>
      <extension url="http://hl7.org/fhir/tools/StructureDefinition/resource-information">
        <valueString value="ValueSet"/>
      </extension>
      <reference>
        <reference value="ValueSet/who-svc-vaccines"/>
      </reference>
      <name value="WHO Vaccine List"/>
      <description value="The WHO Vaccine List from [ICD 11](https://icd.who.int/browse11) is used by:&#xA; *  the [SVC Immunization](StructureDefinition-svc-immunization.html)"/>
    </resource>
    <resource>
      <extension url="http://hl7.org/fhir/tools/StructureDefinition/resource-information">
        <valueString value="StructureDefinition:resource:abstract"/>
      </extension>
      <reference>
        <reference value="StructureDefinition/shc-binary-qr"/>
      </reference>
      <name value="SHC Binary return for QR"/>
    </resource>
    <resource>
      <extension url="http://hl7.org/fhir/tools/StructureDefinition/resource-information">
        <valueString value="Patient"/>
      </extension>
      <reference>
        <reference value="Patient/SHC-Patient-Example"/>
      </reference>
    </resource>
    <resource>
      <extension url="http://hl7.org/fhir/tools/StructureDefinition/resource-information">
        <valueString value="ConceptMap"/>
      </extension>
      <reference>
        <reference value="ConceptMap/who-svc-map-icd11-sct-disease-targeted"/>
      </reference>
      <description value="Rule-based mappings between ICD-11 and SNOMED CT for COVID-19 Disease or Agent Targeted"/>
    </resource>
    <resource>
      <extension url="http://hl7.org/fhir/tools/StructureDefinition/resource-information">
        <valueString value="StructureDefinition:resource"/>
      </extension>
      <reference>
        <reference value="StructureDefinition/shc-practitioner"/>
      </reference>
      <name value="SHC Practitioner"/>
      <description value="Container for an SHC Practitioner, which is a Practitioner authorized by the PHA to vaccinate an [SHC Patient](StructureDefinition-shc-patient.html)."/>
    </resource>
    <resource>
      <extension url="http://hl7.org/fhir/tools/StructureDefinition/resource-information">
        <valueString value="StructureDefinition:resource"/>
      </extension>
      <reference>
        <reference value="StructureDefinition/shc-patient"/>
      </reference>
      <name value="SHC Patient"/>
      <description value="An SHC_Patient should:&#xA;* if the [identifier.assigner](StructureDefinition-shc-patient-definitions.html#Patient.identifier] is set then the value of [identifier.assigner](StructureDefinition-shc-patient-definitions.html#Patient.identifier.assigner) should be set to reference the [SHC Organization](StructureDefinition-shc-organization.html) resource associated to the PHA via the [WHO Public Key Directory](actors.html#who-pkd)&#xA;* obeys who-shc-patient-1"/>
    </resource>
    <resource>
      <extension url="http://hl7.org/fhir/tools/StructureDefinition/resource-information">
        <valueString value="OperationDefinition"/>
      </extension>
      <reference>
        <reference value="OperationDefinition/SHC-QuestionnaireReponse-generateHealthCertificate"/>
      </reference>
      <description value="Generate one or more signed QR Codes based on a [SHC QuestionnaireResponse](StructureDefinition-shc-questionnaireresponse.html)"/>
    </resource>
    <resource>
      <extension url="http://hl7.org/fhir/tools/StructureDefinition/resource-information">
        <valueString value="StructureDefinition:logical"/>
      </extension>
      <reference>
        <reference value="StructureDefinition/SVC-Core-Data-Set"/>
      </reference>
      <description value="SVC Core Data elements."/>
    </resource>
    <resource>
      <extension url="http://hl7.org/fhir/tools/StructureDefinition/resource-information">
        <valueString value="StructureDefinition:resource"/>
      </extension>
      <reference>
        <reference value="StructureDefinition/shc-submit-health-event-response"/>
      </reference>
      <name value="SHC Submit Health Event Response"/>
      <description value="An [SHC Submit Health Event Response](StructureDefinition-shc-submit-health-event-respose.html) is a transaction reponse bundle containing the operation outcomes for the submission of one or more health certificates under the [Submit Health Event](transactions.html#submit-health-event) transaction."/>
    </resource>
    <resource>
      <extension url="http://hl7.org/fhir/tools/StructureDefinition/resource-information">
        <valueString value="StructureDefinition:resource:abstract"/>
      </extension>
      <reference>
        <reference value="StructureDefinition/shc-questionnaire"/>
      </reference>
      <name value="SHC Questionniare"/>
      <description value="Describes the logical structure for a questionnaire associacted to a Smart Health Certificate which includes a Structure Map to generate the relevant SHC from a given [SHC QuestionnaireResponse](StructureDefintion-shc-questionnaire-response.html) which responds to the SHC Questionnaire."/>
    </resource>
    <resource>
      <extension url="http://hl7.org/fhir/tools/StructureDefinition/resource-information">
        <valueString value="ValueSet"/>
      </extension>
      <reference>
        <reference value="ValueSet/SHC-QR-Category-Usage-ValueSet"/>
      </reference>
      <description value="Categorization of QR codes by their business usage"/>
    </resource>
    <resource>
      <extension url="http://hl7.org/fhir/tools/StructureDefinition/resource-information">
        <valueString value="StructureDefinition:resource"/>
      </extension>
      <reference>
        <reference value="StructureDefinition/shc-submit-health-event-request"/>
      </reference>
      <name value="SHC Submit Health Event Request"/>
      <description value="An [SHC Submit Health Event Request](StructureDefinition-shc-submit-health-event-request.html) is a transaction bundle containing the content of health events which are being submitted under the [Submit Health Event](transactions.html#submit-health-event) transaction."/>
    </resource>
    <resource>
      <extension url="http://hl7.org/fhir/tools/StructureDefinition/resource-information">
        <valueString value="ValueSet"/>
      </extension>
      <reference>
        <reference value="ValueSet/SHC-SectionCode-ValueSet"/>
      </reference>
      <description value="Content section codes for Smart Health Certificates (SHC)"/>
    </resource>
    <resource>
      <extension url="http://hl7.org/fhir/tools/StructureDefinition/resource-information">
        <valueString value="StructureDefinition:resource"/>
      </extension>
      <reference>
        <reference value="StructureDefinition/shc-organization"/>
      </reference>
      <name value="SHC Organization"/>
      <description value="Abstraction for an SHC Organization. There should be an SHC Organization associated to each public health authortiy (PHA) in the [WHO Public Key Directory](actors.html#who-pkd)"/>
    </resource>
    <resource>
      <extension url="http://hl7.org/fhir/tools/StructureDefinition/resource-information">
        <valueString value="ValueSet"/>
      </extension>
      <reference>
        <reference value="ValueSet/who-svc-vaccines-covid-19"/>
      </reference>
      <name value="WHO Vaccine List (COVID-19)"/>
      <description value="WHO Vaccine List (COVID-19) from [ICD 11](https://icd.who.int/browse11)"/>
    </resource>
    <resource>
      <extension url="http://hl7.org/fhir/tools/StructureDefinition/resource-information">
        <valueString value="ConceptMap"/>
      </extension>
      <reference>
        <reference value="ConceptMap/who-svc-map-icd11-sct-vaccines"/>
      </reference>
      <description value="Rule-based mappings between ICD-11 and SNOMED CT for COVID-19 Vaccines"/>
    </resource>
    <resource>
      <extension url="http://hl7.org/fhir/tools/StructureDefinition/resource-information">
        <valueString value="CodeSystem"/>
      </extension>
      <reference>
        <reference value="CodeSystem/SHC-Category-CodeSystem"/>
      </reference>
      <name value="SHC QR Category Usage Codes"/>
      <description value="Categorization of Smart Health Certificates"/>
    </resource>
    <resource>
      <extension url="http://hl7.org/fhir/tools/StructureDefinition/resource-information">
        <valueString value="ValueSet"/>
      </extension>
      <reference>
        <reference value="ValueSet/SHC-QR-Format-ValueSet"/>
      </reference>
      <description value="Format of the representation of QR code"/>
    </resource>
    <resource>
      <extension url="http://hl7.org/fhir/tools/StructureDefinition/resource-information">
        <valueString value="StructureDefinition:resource"/>
      </extension>
      <reference>
        <reference value="StructureDefinition/shc-provenance"/>
      </reference>
      <name value="Provenance of SHC"/>
      <description value="Used to assert the provenance of a public health authority (PHA) over either a Paper or a Digital Smart Vaccination Certificate (SHC)."/>
    </resource>
    <resource>
      <extension url="http://hl7.org/fhir/tools/StructureDefinition/resource-information">
        <valueString value="StructureDefinition:extension"/>
      </extension>
      <reference>
        <reference value="StructureDefinition/SVC-QRCode"/>
      </reference>
      <name value="SVC QRCode Extension"/>
      <description value="SVC QRCode Extension"/>
    </resource>
    <resource>
      <extension url="http://hl7.org/fhir/tools/StructureDefinition/resource-information">
        <valueString value="CodeSystem"/>
      </extension>
      <reference>
        <reference value="CodeSystem/SHC-SectionCode-CodeSystem"/>
      </reference>
      <name value="SHC QR SectionCode Usage Codes"/>
      <description value="Section Codes for Smart Health Certificates"/>
    </resource>
    <resource>
      <extension url="http://hl7.org/fhir/tools/StructureDefinition/resource-information">
        <valueString value="Questionnaire"/>
      </extension>
      <reference>
        <reference value="Questionnaire/SVC-Questionnaire"/>
      </reference>
      <name value="SVC Questionnaire "/>
      <description value="SVC QR Code Questionnaire for an Immunization event."/>
    </resource>
    <resource>
      <extension url="http://hl7.org/fhir/tools/StructureDefinition/resource-information">
        <valueString value="StructureDefinition:resource"/>
      </extension>
      <reference>
        <reference value="StructureDefinition/shc-practitioner-role"/>
      </reference>
      <name value="SHC Practitioner Role"/>
      <description value="Association of an [SHC Practitioner](StructureDefinition-shc-practitioner-role.html) to a managing [SHC Organization](StructureDefinition-shc-orgaznization.html), indicating that an SHC Practitioner is authorized by the public health authority (PHA) to vaccinate an [SHC Patient](StructureDefinition-shc-patient.html)."/>
    </resource>
    <resource>
      <extension url="http://hl7.org/fhir/tools/StructureDefinition/resource-information">
        <valueString value="GraphDefinition"/>
      </extension>
      <reference>
        <reference value="GraphDefinition/svc-graph"/>
      </reference>
      <description value="SHF Graph Definition for retrieving Smart Vaccination Certificates under a [Retrieve Smart Health Folder](transactions.html#retrieve-health-folder) transaction."/>
    </resource>
    <resource>
      <extension url="http://hl7.org/fhir/tools/StructureDefinition/resource-information">
        <valueString value="StructureDefinition:resource:abstract"/>
      </extension>
      <reference>
        <reference value="StructureDefinition/shf-graphdefinition"/>
      </reference>
      <name value="SHF Graph Defintion"/>
      <description value="Abstract Graph Definition for Smart Health Folder to describe information retrieved under a [Retrieve Smart Health Folder](transactions.html#retrieve-health-folder) transaction."/>
    </resource>
    <resource>
      <extension url="http://hl7.org/fhir/tools/StructureDefinition/resource-information">
        <valueString value="StructureDefinition:resource"/>
      </extension>
      <reference>
        <reference value="StructureDefinition/shf-composition"/>
      </reference>
      <name value="SHF Composition"/>
      <description value="Describes the logical structure for the Smart Health Folder which contains the Smart Health Certificates (SHCs).  An [SHF Composition](StructureDefinition-shf-composition.html) should:&#xA; * be accessible from a [SHC Registry Service](StructureDefintion-shc-registry.html)  as located via the [WHO Public Key Directory](actors.html#who-pkd) for the PHA referenced in the [author](StructureDefinition-shf-composition-definitions.html#Composition.agent)."/>
    </resource>
    <resource>
      <extension url="http://hl7.org/fhir/tools/StructureDefinition/resource-information">
        <valueString value="StructureDefinition:resource"/>
      </extension>
      <reference>
        <reference value="StructureDefinition/svc-immunization"/>
      </reference>
      <name value="SVC Immunization"/>
      <description value="An SVC Immunization contains the content corresponding to a row in the Vaccination Events section of a Paper SVC. While this is not a further profile of the International Patient Summary (IPS) Immunization resouce, this is intended to map into an IPS Immunization resource."/>
    </resource>
    <resource>
      <extension url="http://hl7.org/fhir/tools/StructureDefinition/resource-information">
        <valueString value="ValueSet"/>
      </extension>
      <reference>
        <reference value="ValueSet/SHC-Category-ValueSet"/>
      </reference>
      <description value="Content categorization of Smart Health Certificates (SHC)"/>
    </resource>
    <resource>
      <extension url="http://hl7.org/fhir/tools/StructureDefinition/resource-information">
        <valueString value="StructureDefinition:resource"/>
      </extension>
      <reference>
        <reference value="StructureDefinition/svc-bundle"/>
      </reference>
      <name value="SVC Bundle"/>
      <description value="An [SVC Bundle](StructureDefinition-svc-bundle.html) is a document bundle containing the Smart Vaccination Certificate (SVC) content."/>
    </resource>
    <resource>
      <extension url="http://hl7.org/fhir/tools/StructureDefinition/resource-information">
        <valueString value="StructureDefinition:resource"/>
      </extension>
      <reference>
        <reference value="StructureDefinition/SVC-Basic-QRCode"/>
      </reference>
      <name value="SVC Basic QR Code resource"/>
      <description value="SVC Profile of Basic resource for QR Code."/>
    </resource>
    <resource>
      <extension url="http://hl7.org/fhir/tools/StructureDefinition/resource-information">
        <valueString value="ValueSet"/>
      </extension>
      <reference>
        <reference value="ValueSet/who-svc-vaccinable-conditions"/>
      </reference>
      <name value="WHO List of Vaccinable Conditions"/>
      <description value="The WHO Vaccinable Conditions List from [ICD 11](https://icd.who.int/browse11) is used by:&#xA; *  the [SVC Immunization](StructureDefinition-svc-immunization.html)"/>
    </resource>
    <resource>
      <extension url="http://hl7.org/fhir/tools/StructureDefinition/resource-information">
        <valueString value="ValueSet"/>
      </extension>
      <reference>
        <reference value="ValueSet/who-svc-disease-targeted-covid-19"/>
      </reference>
      <name value="WHO Disease or Agent Targeted (COVID-19)"/>
      <description value="WHO Disease or Agent Targeted List (COVID-19) from [ICD 11](https://icd.who.int/browse11)"/>
    </resource>
    <resource>
      <extension url="http://hl7.org/fhir/tools/StructureDefinition/resource-information">
        <valueString value="CodeSystem"/>
      </extension>
      <reference>
        <reference value="CodeSystem/SHC-QR-Format-CodeSystem"/>
      </reference>
      <name value="SHC QR Format Codes"/>
      <description value="Possible formats available for QR data."/>
    </resource>
    <resource>
      <extension url="http://hl7.org/fhir/tools/StructureDefinition/resource-information">
        <valueString value="StructureDefinition:resource"/>
      </extension>
      <reference>
        <reference value="StructureDefinition/shc-binary-qrcontent"/>
      </reference>
      <name value="SHC Binary for QR Content"/>
      <description value="PNG representation of the QR code returned under the [Register Health Certificate](transactions.html#register-health-certificate-message-semantics-response)"/>
    </resource>
    <resource>
      <extension url="http://hl7.org/fhir/tools/StructureDefinition/resource-information">
        <valueString value="StructureDefinition:resource"/>
      </extension>
      <reference>
        <reference value="StructureDefinition/shc-binary-qrpng"/>
      </reference>
      <name value="SHC Binary for QR (PNG representation)"/>
      <description value="PNG representation of the QR code returned under the [Register Health Certificate](transactions.html#register-health-certificate-message-semantics-response)"/>
    </resource>
    <resource>
      <extension url="http://hl7.org/fhir/tools/StructureDefinition/resource-information">
        <valueString value="StructureDefinition:resource"/>
      </extension>
      <reference>
        <reference value="StructureDefinition/shc-documentreference-qr"/>
      </reference>
      <name value="SHC DocumentReference return for QR"/>
    </resource>
    <resource>
      <extension url="http://hl7.org/fhir/tools/StructureDefinition/resource-information">
        <valueString value="CodeSystem"/>
      </extension>
      <reference>
        <reference value="CodeSystem/SHC-QR-Category-Usage-CodeSystem"/>
      </reference>
      <name value="SHC QR Category Usage Codes"/>
      <description value="Possible formats available for QR usage."/>
    </resource>
    <resource>
      <extension url="http://hl7.org/fhir/tools/StructureDefinition/resource-information">
        <valueString value="StructureDefinition:resource:abstract"/>
      </extension>
      <reference>
        <reference value="StructureDefinition/shc-questionnaireresponse"/>
      </reference>
      <name value="SHC Questionnaire Response"/>
      <description value="Describes the logical structure for a questionnaire response associacted to a [SHC Questionaire](StructureDefinition-shc-questionnaire.html)."/>
    </resource>
    <resource>
      <extension url="http://hl7.org/fhir/tools/StructureDefinition/resource-information">
        <valueString value="StructureDefinition:resource"/>
      </extension>
      <reference>
        <reference value="StructureDefinition/svc-composition"/>
      </reference>
      <name value="SVC Composition"/>
      <description value="Describes the logical structure for the health content contained in a Smart Vaccination Certificate (SVC)."/>
    </resource>
    <resource>
      <extension url="http://hl7.org/fhir/tools/StructureDefinition/resource-information">
        <valueString value="StructureDefinition:resource:abstract"/>
      </extension>
      <reference>
        <reference value="StructureDefinition/shc-composition"/>
      </reference>
      <name value="SHC Composition"/>
      <description value="Describes the logical structure for a Smart Health Certificate."/>
    </resource>
    <page>
      <nameUrl value="toc.html"/>
      <title value="Table of Contents"/>
      <generation value="html"/>
      <page>
        <nameUrl value="index.html"/>
        <title value="Narrative"/>
        <generation value="html"/>
        <page>
          <nameUrl value="references.html"/>
          <title value="References"/>
          <generation value="html"/>
        </page>
      </page>
      <page>
        <nameUrl value="requirements.html"/>
        <title value="Business Requirements"/>
        <generation value="html"/>
        <page>
          <nameUrl value="concepts.html"/>
          <title value="Concepts"/>
          <generation value="html"/>
        </page>
        <page>
          <nameUrl value="functional.html"/>
          <title value="Functional Requirements"/>
          <generation value="html"/>
        </page>
        <page>
          <nameUrl value="personas.html"/>
          <title value="Personas"/>
          <generation value="html"/>
        </page>
        <page>
          <nameUrl value="workflows.html"/>
          <title value="Workflows"/>
          <generation value="html"/>
        </page>
        <page>
          <nameUrl value="usecases.html"/>
          <title value="Use Cases"/>
          <generation value="html"/>
        </page>
        <page>
          <nameUrl value="dictionary.html"/>
          <title value="Data Dictionary"/>
          <generation value="html"/>
        </page>
      </page>
      <page>
        <nameUrl value="data_exchange.html"/>
        <title value="Data Models and Exchange"/>
        <generation value="html"/>
        <page>
          <nameUrl value="dependencies.html"/>
          <title value="Dependencies"/>
          <generation value="html"/>
        </page>
        <page>
          <nameUrl value="actors.html"/>
          <title value="Actors"/>
          <generation value="html"/>
        </page>
        <page>
          <nameUrl value="transactions.html"/>
          <title value="Transactions"/>
          <generation value="html"/>
        </page>
        <page>
          <nameUrl value="expected_actions.html"/>
          <title value="Expected Actions"/>
          <generation value="html"/>
        </page>
        <page>
          <nameUrl value="content_profiles.html"/>
          <title value="Content Profiles"/>
          <generation value="html"/>
        </page>
      </page>
      <page>
        <nameUrl value="deployment.html"/>
        <title value="Deployment Guidance"/>
        <generation value="html"/>
        <page>
          <nameUrl value="security_privacy.html"/>
          <title value="Security and Privacy Considerations"/>
          <generation value="html"/>
        </page>
        <page>
          <nameUrl value="testing.html"/>
          <title value="Testing"/>
          <generation value="html"/>
        </page>
        <page>
          <nameUrl value="downloads.html"/>
          <title value="Useful Downloads"/>
          <generation value="html"/>
        </page>
      </page>
    </page>
    <parameter>
      <code value="path-pages"/>
      <value value="input/pagecontent"/>
    </parameter>
    <parameter>
      <code value="path-resource"/>
      <value value="input/ips-preadopted"/>
    </parameter>
    <parameter>
      <code value="path-resource"/>
      <value value="input/resources/activitydefinition"/>
    </parameter>
    <parameter>
      <code value="path-resource"/>
      <value value="input/resources/capabilitystatement"/>
    </parameter>
    <parameter>
      <code value="path-resource"/>
      <value value="input/resources/library"/>
    </parameter>
    <parameter>
      <code value="path-resource"/>
      <value value="input/resources/measure"/>
    </parameter>
    <parameter>
      <code value="path-resource"/>
      <value value="input/resources/maps"/>
    </parameter>
    <parameter>
      <code value="path-resource"/>
      <value value="input/resources/examples"/>
    </parameter>
    <parameter>
      <code value="path-resource"/>
      <value value="input/resources/plandefinition"/>
    </parameter>
    <parameter>
      <code value="path-resource"/>
      <value value="input/resources/questionnaire"/>
    </parameter>
    <parameter>
      <code value="path-resource"/>
      <value value="input/vocabulary/codesystem"/>
    </parameter>
    <parameter>
      <code value="path-resource"/>
      <value value="input/vocabulary/valueset"/>
    </parameter>
    <parameter>
      <code value="path-resource"/>
      <value value="input/capabilities"/>
    </parameter>
    <parameter>
      <code value="path-resource"/>
      <value value="input/examples"/>
    </parameter>
    <parameter>
      <code value="path-resource"/>
      <value value="input/extensions"/>
    </parameter>
    <parameter>
      <code value="path-resource"/>
      <value value="input/models"/>
    </parameter>
    <parameter>
      <code value="path-resource"/>
      <value value="input/operations"/>
    </parameter>
    <parameter>
      <code value="path-resource"/>
      <value value="input/profiles"/>
    </parameter>
    <parameter>
      <code value="path-resource"/>
      <value value="input/resources"/>
    </parameter>
    <parameter>
      <code value="path-resource"/>
      <value value="input/vocabulary"/>
    </parameter>
    <parameter>
      <code value="path-resource"/>
      <value value="input/testing"/>
    </parameter>
    <parameter>
      <code value="path-resource"/>
      <value value="input/history"/>
    </parameter>
    <parameter>
      <code value="path-resource"/>
      <value value="fsh-generated/resources"/>
    </parameter>
    <parameter>
      <code value="path-pages"/>
      <value value="template/config"/>
    </parameter>
    <parameter>
      <code value="path-pages"/>
      <value value="input/images"/>
    </parameter>
    <parameter>
      <code value="path-tx-cache"/>
      <value value="input-cache/txcache"/>
    </parameter>
  </definition>
</ImplementationGuide>