{
  "resourceType": "ValueSet",
  "id": "SHC-Category-ValueSet",
  "text": {
    "status": "generated",
    "div": "<div xmlns=\"http://www.w3.org/1999/xhtml\"><ul><li>Include all codes defined in <a href=\"CodeSystem-SHC-Category-CodeSystem.html\"><code>https://who-int.github.io/svc/refs/heads/rc2/CodeSystem/SHC-Category-CodeSystem</code></a></li></ul></div>"
  },
  "url": "https://who-int.github.io/svc/refs/heads/rc2/ValueSet/SHC-Category-ValueSet",
  "version": "0.2.0",
  "name": "SHC_Category_ValueSet",
  "status": "active",
  "date": "2021-05-13T22:13:07+00:00",
  "publisher": "World Health Organization (WHO)",
  "contact": [
    {
      "telecom": [
        {
          "system": "url",
          "value": "https://www.who.int"
        }
      ]
    }
  ],
  "description": "Content categorization of Smart Health Certificates (SHC)",
  "compose": {
    "include": [
      {
        "system": "https://who-int.github.io/svc/refs/heads/rc2/CodeSystem/SHC-Category-CodeSystem"
      }
    ]
  }
}