<?xml version="1.0" encoding="UTF-8"?>

<ValueSet xmlns="http://hl7.org/fhir">
  <id value="SHC-Category-ValueSet"/>
  <text>
    <status value="generated"/><div xmlns="http://www.w3.org/1999/xhtml"><ul><li>Include all codes defined in <a href="CodeSystem-SHC-Category-CodeSystem.html"><code>https://who-int.github.io/svc/refs/heads/rc2/CodeSystem/SHC-Category-CodeSystem</code></a></li></ul></div>
  </text>
  <url value="https://who-int.github.io/svc/refs/heads/rc2/ValueSet/SHC-Category-ValueSet"/>
  <version value="0.2.0"/>
  <name value="SHC_Category_ValueSet"/>
  <status value="active"/>
  <date value="2021-05-18T19:08:10+00:00"/>
  <publisher value="World Health Organization (WHO)"/>
  <contact>
    <telecom>
      <system value="url"/>
      <value value="https://www.who.int"/>
    </telecom>
  </contact>
  <description value="Content categorization of Smart Health Certificates (SHC)"/>
  <compose>
    <include>
      <system value="https://who-int.github.io/svc/refs/heads/rc2/CodeSystem/SHC-Category-CodeSystem"/>
    </include>
  </compose>
</ValueSet>