{"resourceType":"CodeSystem","id":"DDCC-Folder-DesignationType","text":{"status":"generated","div":"<div xmlns=\"http://www.w3.org/1999/xhtml\"><p>This code system http://worldhealthorganization.github.io/ddcc/CodeSystem/DDCC-Folder-DesignationType defines the following codes:</p><table class=\"codes\"><tr><td style=\"white-space:nowrap\"><b>Code</b></td><td><b>Display</b></td></tr><tr><td style=\"white-space:nowrap\">ddcc<a name=\"DDCC-Folder-DesignationType-ddcc\"> </a></td><td>DDCC</td></tr></table></div>"},"url":"http://worldhealthorganization.github.io/ddcc/CodeSystem/DDCC-Folder-DesignationType","version":"0.2.1","name":"DDCC_Folder_DesignationType_Codesystem","title":"DDCC Designation Types for Folder","status":"active","date":"2021-09-10T17:11:50+00:00","publisher":"World Health Organization (WHO)","contact":[{"telecom":[{"system":"url","value":"https://www.who.int"}]}],"description":"DDCC Designation Types to use for DDCC Folders.","content":"complete","count":1,"concept":[{"code":"ddcc","display":"DDCC"}]}