{"resourceType":"ImplementationGuide","id":"fhir.who.ddcc-vs","text":{"status":"extensions","div":"<div xmlns=\"http://www.w3.org/1999/xhtml\"><h2>DDCC_VS</h2><p>The official URL for this implementation guide is: </p><pre>https://worldhealthorganization.github.io/ddcc/ImplementationGuide/fhir.who.ddcc-vs</pre><div><p>Digital Documentation of COVID-19 Certificates: Vaccination Status</p>\n</div></div>"},"url":"https://worldhealthorganization.github.io/ddcc/ImplementationGuide/fhir.who.ddcc-vs","version":"0.2.1","name":"DDCC_VS","title":"WHO Digital Documentation of COVID-19 Certificates: Vaccination Status (DDCC:VS)","status":"draft","experimental":false,"date":"2021-06-03","publisher":"World Health Organization (WHO)","contact":[{"telecom":[{"system":"url","value":"https://www.who.int"}]}],"description":"Digital Documentation of COVID-19 Certificates: Vaccination Status","packageId":"fhir.who.ddcc-vs","license":"CC0-1.0","fhirVersion":["4.0.1"],"dependsOn":[{"id":"ips","uri":"http://hl7.org/fhir/uv/ips/ImplementationGuide/hl7.fhir.uv.ips","packageId":"hl7.fhir.uv.ips","version":"current"},{"id":"sdc","uri":"http://hl7.org/fhir/uv/sdc/ImplementationGuide/hl7.fhir.uv.sdc","packageId":"hl7.fhir.uv.sdc","version":"current"},{"id":"mhd","uri":"http://profiles.ihe.net/ITI/MHD/ImplementationGuide/ihe.mhd.fhir","packageId":"ihe.mhd.fhir","version":"current"}],"definition":{"extension":[{"extension":[{"url":"code","valueString":"copyrightyear"},{"url":"value","valueString":"2021+"}],"url":"http://hl7.org/fhir/tools/StructureDefinition/ig-parameter"},{"extension":[{"url":"code","valueString":"releaselabel"},{"url":"value","valueString":"CI Build"}],"url":"http://hl7.org/fhir/tools/StructureDefinition/ig-parameter"},{"extension":[{"url":"code","valueString":"example-table"},{"url":"value","valueString":"true"}],"url":"http://hl7.org/fhir/tools/StructureDefinition/ig-parameter"},{"extension":[{"url":"code","valueString":"generate"},{"url":"value","valueString":"examples"}],"url":"http://hl7.org/fhir/tools/StructureDefinition/ig-parameter"},{"extension":[{"url":"code","valueString":"generate"},{"url":"value","valueString":"example-narratives"}],"url":"http://hl7.org/fhir/tools/StructureDefinition/ig-parameter"},{"extension":[{"url":"code","valueString":"example-list"},{"url":"value","valueString":"true"}],"url":"http://hl7.org/fhir/tools/StructureDefinition/ig-parameter"},{"extension":[{"url":"code","valueString":"example-table-all"},{"url":"value","valueString":"true"}],"url":"http://hl7.org/fhir/tools/StructureDefinition/ig-parameter"},{"extension":[{"url":"code","valueString":"example-list-all"},{"url":"value","valueString":"true"}],"url":"http://hl7.org/fhir/tools/StructureDefinition/ig-parameter"},{"extension":[{"url":"code","valueString":"summary"},{"url":"value","valueString":"true"}],"url":"http://hl7.org/fhir/tools/StructureDefinition/ig-parameter"},{"extension":[{"url":"code","valueString":"summary-tables"},{"url":"value","valueString":"true"}],"url":"http://hl7.org/fhir/tools/StructureDefinition/ig-parameter"},{"extension":[{"url":"code","valueString":"content"},{"url":"value","valueString":"true"}],"url":"http://hl7.org/fhir/tools/StructureDefinition/ig-parameter"},{"extension":[{"url":"code","valueString":"profiles"},{"url":"value","valueString":"true"}],"url":"http://hl7.org/fhir/tools/StructureDefinition/ig-parameter"},{"extension":[{"url":"code","valueString":"script"},{"url":"value","valueString":"true"}],"url":"http://hl7.org/fhir/tools/StructureDefinition/ig-parameter"},{"extension":[{"url":"code","valueString":"do-transforms"},{"url":"value","valueString":"true"}],"url":"http://hl7.org/fhir/tools/StructureDefinition/ig-parameter"},{"extension":[{"url":"code","valueString":"special-url"},{"url":"value","valueString":"http://hl7.org/fhir/uv/ips/StructureDefinition/Patient-pre-uv-ips"}],"url":"http://hl7.org/fhir/tools/StructureDefinition/ig-parameter"},{"extension":[{"url":"code","valueString":"special-url"},{"url":"value","valueString":"http://hl7.org/fhir/uv/ips/StructureDefinition/Immunization-pre-uv-ips"}],"url":"http://hl7.org/fhir/tools/StructureDefinition/ig-parameter"},{"extension":[{"url":"code","valueString":"path-suppressed-warnings"},{"url":"value","valueString":"input/ignoreWarnings.txt"}],"url":"http://hl7.org/fhir/tools/StructureDefinition/ig-parameter"},{"extension":[{"url":"code","valueString":"path-binary"},{"url":"value","valueString":"input/cql"}],"url":"http://hl7.org/fhir/tools/StructureDefinition/ig-parameter"},{"extension":[{"url":"code","valueString":"autoload-resources"},{"url":"value","valueString":"true"}],"url":"http://hl7.org/fhir/tools/StructureDefinition/ig-parameter"},{"extension":[{"url":"code","valueString":"path-liquid"},{"url":"value","valueString":"template/liquid"}],"url":"http://hl7.org/fhir/tools/StructureDefinition/ig-parameter"},{"extension":[{"url":"code","valueString":"path-liquid"},{"url":"value","valueString":"input/liquid"}],"url":"http://hl7.org/fhir/tools/StructureDefinition/ig-parameter"},{"extension":[{"url":"code","valueString":"path-qa"},{"url":"value","valueString":"temp/qa"}],"url":"http://hl7.org/fhir/tools/StructureDefinition/ig-parameter"},{"extension":[{"url":"code","valueString":"path-temp"},{"url":"value","valueString":"temp/pages"}],"url":"http://hl7.org/fhir/tools/StructureDefinition/ig-parameter"},{"extension":[{"url":"code","valueString":"path-output"},{"url":"value","valueString":"output"}],"url":"http://hl7.org/fhir/tools/StructureDefinition/ig-parameter"},{"extension":[{"url":"code","valueString":"path-history"},{"url":"value","valueString":"https://worldhealthorganization.github.io/ddcc/history.html"}],"url":"http://hl7.org/fhir/tools/StructureDefinition/ig-parameter"},{"extension":[{"url":"code","valueString":"template-html"},{"url":"value","valueString":"template-page.html"}],"url":"http://hl7.org/fhir/tools/StructureDefinition/ig-parameter"},{"extension":[{"url":"code","valueString":"template-md"},{"url":"value","valueString":"template-page-md.html"}],"url":"http://hl7.org/fhir/tools/StructureDefinition/ig-parameter"},{"extension":[{"url":"code","valueString":"apply-contact"},{"url":"value","valueString":"true"}],"url":"http://hl7.org/fhir/tools/StructureDefinition/ig-parameter"},{"extension":[{"url":"code","valueString":"apply-context"},{"url":"value","valueString":"true"}],"url":"http://hl7.org/fhir/tools/StructureDefinition/ig-parameter"},{"extension":[{"url":"code","valueString":"apply-copyright"},{"url":"value","valueString":"true"}],"url":"http://hl7.org/fhir/tools/StructureDefinition/ig-parameter"},{"extension":[{"url":"code","valueString":"apply-jurisdiction"},{"url":"value","valueString":"true"}],"url":"http://hl7.org/fhir/tools/StructureDefinition/ig-parameter"},{"extension":[{"url":"code","valueString":"apply-license"},{"url":"value","valueString":"true"}],"url":"http://hl7.org/fhir/tools/StructureDefinition/ig-parameter"},{"extension":[{"url":"code","valueString":"apply-publisher"},{"url":"value","valueString":"true"}],"url":"http://hl7.org/fhir/tools/StructureDefinition/ig-parameter"},{"extension":[{"url":"code","valueString":"apply-version"},{"url":"value","valueString":"true"}],"url":"http://hl7.org/fhir/tools/StructureDefinition/ig-parameter"},{"extension":[{"url":"code","valueString":"active-tables"},{"url":"value","valueString":"true"}],"url":"http://hl7.org/fhir/tools/StructureDefinition/ig-parameter"}],"grouping":[{"id":"-dyn-capabilitystatement","name":"Behavior: Capability Statements","description":"The following artifacts define the specific capabilities that different types of systems are expected to have in order to comply with this implementation guide.  Systems conforming to this implementation guide are expected to declare conformance to one or more of the following capability statements."},{"id":"-dyn-operationdefinition","name":"Behavior: Operation Definitions","description":"These are custom operations that can be supported by and/or invoked by systems conforming to this implementation guide"},{"id":"-str-abstractprofile","name":"Structures: Abstract Profiles","description":"These are profiles on resources or data types that describe patterns used by other profiles, but cannot be instantiated directly.  I.e. instances can conform to profiles *based* on these abstract profiles, but do not declare conformance to the abstract profiles themselves."},{"id":"-str-profile","name":"Structures: Resource Profiles","description":"These define constraints on FHIR resources for systems conforming to this implementation guide"},{"id":"-str-extension","name":"Structures: Extension Definitions","description":"These define constraints on FHIR data types for systems conforming to this implementation guide"},{"id":"-term-valueset","name":"Terminology: Value Sets","description":"These define sets of codes used by systems conforming to this implementation guide"},{"id":"-term-codesystem","name":"Terminology: Code Systems","description":"These define new code systems used by systems conforming to this implementation guide"},{"id":"-map-structuremap","name":"Terminology: Structure Maps","description":"These define transformations to convert between data structures used by systems conforming to this implementation guide"},{"id":"-map-conceptmap","name":"Terminology: Concept Maps","description":"These define transformations to convert between codes by systems conforming with this implementation guide"},{"id":"-ex-example","name":"Example: Example Instances","description":"These are example instances that show what data produced and consumed by systems conforming with this implementation guide might look like"},{"id":"-other","name":"Other","description":"These are resources that are used within this implementation guide that do not fit into one of the other categories"}],"resource":[{"extension":[{"url":"http://hl7.org/fhir/StructureDefinition/implementationguide-page","valueUri":"StructureDefinition-Patient-pre-uv-ips.html"}],"reference":{"reference":"StructureDefinition/Patient-pre-uv-ips"},"name":"Patient (IPS)","description":"This profile represents the constraints applied to the Patient resource by the International Patient Summary (IPS) FHIR Implementation Guide and describes the minimum expectations for the Patient resource when used in the IPS composition or in one of the referred resources.","groupingId":"-str-profile"},{"extension":[{"url":"http://hl7.org/fhir/StructureDefinition/implementationguide-page","valueUri":"StructureDefinition-Immunization-pre-uv-ips.html"}],"reference":{"reference":"StructureDefinition/Immunization-pre-uv-ips"},"name":"Immunization (IPS)","description":"This profile represents the constraints applied to the Immunization resource by the International Patient Summary (IPS) FHIR Implementation Guide. A record of an immunization is represented in the patient summary as an instance of an Immunization resource constrained by this profile.\r\n\r\nIt describes the event of a patient being administered a vaccination or a record of a vaccination as reported by a patient, a clinician or another party.","groupingId":"-str-profile"},{"extension":[{"url":"http://hl7.org/fhir/StructureDefinition/implementationguide-page","valueUri":"StructureMap-svc-map-qr-bundle.html"}],"reference":{"reference":"StructureMap/svc-map-qr-bundle"},"groupingId":"-map-structuremap"},{"extension":[{"url":"http://hl7.org/fhir/StructureDefinition/implementationguide-page","valueUri":"CapabilityStatement-WHO.DDCC.RegistryService.html"}],"reference":{"reference":"CapabilityStatement/WHO.DDCC.RegistryService"},"name":"WHO DDCC Registry Service","description":"CapabilityStatement for WHO DDCC Registry Service actor.","groupingId":"-dyn-capabilitystatement"},{"extension":[{"url":"http://hl7.org/fhir/StructureDefinition/implementationguide-page","valueUri":"Bundle-IPS-Immunization-Example-Bundle-01.html"}],"reference":{"reference":"Bundle/IPS-Immunization-Example-Bundle-01"},"groupingId":"-other"},{"extension":[{"url":"http://hl7.org/fhir/StructureDefinition/implementationguide-page","valueUri":"CapabilityStatement-WHO.DDCC.Generator.html"}],"reference":{"reference":"CapabilityStatement/WHO.DDCC.Generator"},"name":"WHO DDCC Generator","description":"CapabilityStatement for WHO DDCC Generator actor.","groupingId":"-dyn-capabilitystatement"},{"extension":[{"url":"http://hl7.org/fhir/StructureDefinition/implementationguide-page","valueUri":"StructureDefinition-DDCCVaccineMarketAuthorization.html"}],"reference":{"reference":"StructureDefinition/DDCCVaccineMarketAuthorization"},"name":"DDCC Vaccine Market Authorization for Immunization","description":"DDCC Vaccine Market Authorization for Immunization","groupingId":"-str-extension"},{"extension":[{"url":"http://hl7.org/fhir/StructureDefinition/implementationguide-page","valueUri":"ConceptMap-who-ddcc-map-icd11-sct-disease-targeted.html"}],"reference":{"reference":"ConceptMap/who-ddcc-map-icd11-sct-disease-targeted"},"description":"Rule-based mappings between ICD-11 and SNOMED CT for COVID-19 Disease or Agent Targeted","groupingId":"-map-conceptmap"},{"extension":[{"url":"http://hl7.org/fhir/StructureDefinition/implementationguide-page","valueUri":"StructureDefinition-DDCCDocumentReferenceQR.html"}],"reference":{"reference":"StructureDefinition/DDCCDocumentReferenceQR"},"name":"DDCC DocumentReference return for QR","groupingId":"-str-profile"},{"extension":[{"url":"http://hl7.org/fhir/StructureDefinition/implementationguide-page","valueUri":"StructureDefinition-DDCCGenerateHealthCertificateParameters.html"}],"reference":{"reference":"StructureDefinition/DDCCGenerateHealthCertificateParameters"},"name":"DDCC Generate Health Certificate Parameters","groupingId":"-str-profile"},{"extension":[{"url":"http://hl7.org/fhir/StructureDefinition/implementationguide-page","valueUri":"StructureDefinition-DDCCPractitioner.html"}],"reference":{"reference":"StructureDefinition/DDCCPractitioner"},"name":"DDCC Practitioner","description":"Container for an DDCC Practitioner, which is a Practitioner authorized by the PHA to \nvaccinate an [DDCC Patient](StructureDefinition-DDCCPatient.html).","groupingId":"-str-profile"},{"extension":[{"url":"http://hl7.org/fhir/StructureDefinition/implementationguide-page","valueUri":"ValueSet-who-ddcc-disease-targeted-covid-19.html"}],"reference":{"reference":"ValueSet/who-ddcc-disease-targeted-covid-19"},"name":"WHO Disease or Agent Targeted (COVID-19)","description":"WHO Disease or Agent Targeted List (COVID-19) from [ICD 11](https://icd.who.int/browse11)","groupingId":"-term-valueset"},{"extension":[{"url":"http://hl7.org/fhir/StructureDefinition/implementationguide-page","valueUri":"StructureDefinition-DDCCCountryOfVaccination.html"}],"reference":{"reference":"StructureDefinition/DDCCCountryOfVaccination"},"name":"DDCC Country Of Vaccination for Immunization","description":"DDCC Country Of Vaccination for Immunization","groupingId":"-str-extension"},{"extension":[{"url":"http://hl7.org/fhir/StructureDefinition/implementationguide-page","valueUri":"StructureDefinition-DDCCImmunization.html"}],"reference":{"reference":"StructureDefinition/DDCCImmunization"},"name":"DDCC Immunization","description":"A DDCC Immunization contains the content corresponding to a row in the Vaccination \nEvents section of a Paper DDCC. While this is not a further profile of the International\nPatient Summary (IPS) Immunization resouce, this is intended to map into an IPS \nImmunization resource.","groupingId":"-str-profile"},{"extension":[{"url":"http://hl7.org/fhir/StructureDefinition/implementationguide-page","valueUri":"StructureDefinition-DDCCSubmitHealthEventResponse.html"}],"reference":{"reference":"StructureDefinition/DDCCSubmitHealthEventResponse"},"name":"DDCC Submit Health Event Response","description":"A DDCC Submit Health Event Response](StructureDefinition-DDCCSubmitHealthEventRespose.html) is a transaction reponse bundle containing the operation outcomes for the submission of one or more health certificates under the [Submit Health Event](transactions.html#submit-health-event) transaction.","groupingId":"-str-profile"},{"extension":[{"url":"http://hl7.org/fhir/StructureDefinition/implementationguide-page","valueUri":"StructureDefinition-DDCCFolder.html"}],"reference":{"reference":"StructureDefinition/DDCCFolder"},"name":"DDCC Folder","description":"DDCC Folder of the Paper Certificate","groupingId":"-str-profile"},{"extension":[{"url":"http://hl7.org/fhir/StructureDefinition/implementationguide-page","valueUri":"StructureDefinition-DDCCDocument.html"}],"reference":{"reference":"StructureDefinition/DDCCDocument"},"name":"DDCC Document","description":"A [DDCC Document](StructureDefinition-DDCCDocument.html) is a document bundle containing the DDCC.","groupingId":"-str-profile"},{"extension":[{"url":"http://hl7.org/fhir/StructureDefinition/implementationguide-page","valueUri":"CodeSystem-DDCC-QR-Format-CodeSystem.html"}],"reference":{"reference":"CodeSystem/DDCC-QR-Format-CodeSystem"},"name":"DDCC QR Format Codes","description":"Possible formats available for QR data.","groupingId":"-term-codesystem"},{"extension":[{"url":"http://hl7.org/fhir/StructureDefinition/implementationguide-page","valueUri":"StructureDefinition-DDCCSubmitHealthEventRequest.html"}],"reference":{"reference":"StructureDefinition/DDCCSubmitHealthEventRequest"},"name":"DDCC Submit Health Event Request","description":"An [DDCC Submit Health Event Request](StructureDefinition-DDCCSubmitHealthEventRequest.html) is a transaction bundle containing the content of health events which are being submitted under the [Submit Health Event](transactions.html#submit-health-event) transaction.","groupingId":"-str-profile"},{"extension":[{"url":"http://hl7.org/fhir/StructureDefinition/implementationguide-page","valueUri":"OperationDefinition-DDCC-QuestionnaireReponse-generateHealthCertificate.html"}],"reference":{"reference":"OperationDefinition/DDCC-QuestionnaireReponse-generateHealthCertificate"},"description":"Generate one or more signed QR Codes based on a [DDCC QuestionnaireResponse](StructureDefinition-DDCCQuestionnaireResponse.html)","groupingId":"-dyn-operationdefinition"},{"extension":[{"url":"http://hl7.org/fhir/StructureDefinition/implementationguide-page","valueUri":"ValueSet-DDCC-QR-Format-ValueSet.html"}],"reference":{"reference":"ValueSet/DDCC-QR-Format-ValueSet"},"description":"Format of the representation of QR code","groupingId":"-term-valueset"},{"extension":[{"url":"http://hl7.org/fhir/StructureDefinition/implementationguide-page","valueUri":"ValueSet-who-ddcc-vaccines-covid-19.html"}],"reference":{"reference":"ValueSet/who-ddcc-vaccines-covid-19"},"name":"WHO Vaccine List (COVID-19)","description":"WHO Vaccine List (COVID-19) from [ICD 11](https://icd.who.int/browse11)","groupingId":"-term-valueset"},{"extension":[{"url":"http://hl7.org/fhir/StructureDefinition/implementationguide-page","valueUri":"CodeSystem-DDCC-QR-Category-Usage-CodeSystem.html"}],"reference":{"reference":"CodeSystem/DDCC-QR-Category-Usage-CodeSystem"},"name":"DDCC QR Category Usage Codes","description":"Possible formats available for QR usage.","groupingId":"-term-codesystem"},{"extension":[{"url":"http://hl7.org/fhir/StructureDefinition/implementationguide-page","valueUri":"StructureDefinition-DDCCQuestionnaireResponse.html"}],"reference":{"reference":"StructureDefinition/DDCCQuestionnaireResponse"},"name":"DDCC Questionnaire Response","description":"Describes the logical structure for a questionnaire response associacted to a [DDCC Questionaire](StructureDefinition-DDCCQuestionnaire.html).","groupingId":"-str-abstractprofile"},{"extension":[{"url":"http://hl7.org/fhir/StructureDefinition/implementationguide-page","valueUri":"StructureDefinition-DDCCQuestionnaire.html"}],"reference":{"reference":"StructureDefinition/DDCCQuestionnaire"},"name":"DDCC Questionniare","description":"Describes the logical structure for a questionnaire associacted to a DDCC which includes a Structure Map to generate the relevant DDCC from a given [DDCC QuestionnaireResponse](StructureDefintion-DDCCQuestionnaireResponse.html) which responds to the DDCC Questionnaire.","groupingId":"-str-abstractprofile"},{"extension":[{"url":"http://hl7.org/fhir/StructureDefinition/implementationguide-page","valueUri":"ConceptMap-who-ddcc-map-icd11-sct-vaccines.html"}],"reference":{"reference":"ConceptMap/who-ddcc-map-icd11-sct-vaccines"},"description":"Rule-based mappings between ICD-11 and SNOMED CT for COVID-19 Vaccines","groupingId":"-map-conceptmap"},{"extension":[{"url":"http://hl7.org/fhir/StructureDefinition/implementationguide-page","valueUri":"ValueSet-who-ddcc-vaccines.html"}],"reference":{"reference":"ValueSet/who-ddcc-vaccines"},"name":"WHO Vaccine List","description":"The WHO Vaccine List from [ICD 11](https://icd.who.int/browse11) is used by:\n *  the [DDCC Immunization](StructureDefinition-DDCCImmunization.html)","groupingId":"-term-valueset"},{"extension":[{"url":"http://hl7.org/fhir/StructureDefinition/implementationguide-page","valueUri":"Patient-DDCC-Patient-English.html"}],"reference":{"reference":"Patient/DDCC-Patient-English"},"name":"Example Patient - DDCC-Patient-English","exampleCanonical":"https://worldhealthorganization.github.io/ddcc/StructureDefinition/DDCCPatient","groupingId":"-ex-example"},{"extension":[{"url":"http://hl7.org/fhir/StructureDefinition/implementationguide-page","valueUri":"ValueSet-who-ddcc-vaccinable-conditions.html"}],"reference":{"reference":"ValueSet/who-ddcc-vaccinable-conditions"},"name":"WHO List of Vaccinable Conditions","description":"The WHO Vaccinable Conditions List from [ICD 11](https://icd.who.int/browse11) is used by:\n *  the [DDCC Immunization](StructureDefinition-DDCCImmunization.html)","groupingId":"-term-valueset"},{"extension":[{"url":"http://hl7.org/fhir/StructureDefinition/implementationguide-page","valueUri":"Bundle-Example-English.html"}],"reference":{"reference":"Bundle/Example-English"},"name":"Example Bundle - Example-English","exampleCanonical":"https://worldhealthorganization.github.io/ddcc/StructureDefinition/DDCCOrganization","groupingId":"-ex-example"},{"extension":[{"url":"http://hl7.org/fhir/StructureDefinition/implementationguide-page","valueUri":"StructureDefinition-DDCCPatient.html"}],"reference":{"reference":"StructureDefinition/DDCCPatient"},"name":"DDCC Patient","description":"A DDCCPatient should:\n* if the [identifier.assigner](StructureDefinition-DDCCPatient-definitions.html#Patient.identifier] is set then the value of [identifier.assigner](StructureDefinition-DDCCPatient-definitions.html#Patient.identifier.assigner) should be set to reference the [DDCC Organization](StructureDefinition-DDCCOrganization.html) resource associated to the PHA via the [WHO Public Key Directory](actors.html#who-pkd)\n* obeys who-ddcc-patient-1","groupingId":"-str-profile"},{"extension":[{"url":"http://hl7.org/fhir/StructureDefinition/implementationguide-page","valueUri":"Questionnaire-DDCCVSCoreDataSetQuestionnaire.html"}],"reference":{"reference":"Questionnaire/DDCCVSCoreDataSetQuestionnaire"},"name":"DDCC Core Data Set Questionnaire ","description":"DDCC Questionnaire for an Immunization event.","exampleCanonical":"https://worldhealthorganization.github.io/ddcc/StructureDefinition/DDCCQuestionnaire","groupingId":"-ex-example"},{"extension":[{"url":"http://hl7.org/fhir/StructureDefinition/implementationguide-page","valueUri":"ValueSet-DDCC-QR-Category-Usage-ValueSet.html"}],"reference":{"reference":"ValueSet/DDCC-QR-Category-Usage-ValueSet"},"description":"Categorization of QR codes by their business usage","groupingId":"-term-valueset"},{"extension":[{"url":"http://hl7.org/fhir/StructureDefinition/implementationguide-page","valueUri":"QuestionnaireResponse-DDCC-VS-QuestionnaireResponse-Example.html"}],"reference":{"reference":"QuestionnaireResponse/DDCC-VS-QuestionnaireResponse-Example"},"name":"Example QuestionnaireResponse - DDCC-VS-QuestionnaireResponse-Example","exampleCanonical":"https://worldhealthorganization.github.io/ddcc/StructureDefinition/DDCCQuestionnaireResponse","groupingId":"-ex-example"},{"extension":[{"url":"http://hl7.org/fhir/StructureDefinition/implementationguide-page","valueUri":"StructureDefinition-DDCCVaccineBrand.html"}],"reference":{"reference":"StructureDefinition/DDCCVaccineBrand"},"name":"DDCC Vaccine Brand for Immunization","description":"DDCC Vaccine Brand for Immunization","groupingId":"-str-extension"},{"extension":[{"url":"http://hl7.org/fhir/StructureDefinition/implementationguide-page","valueUri":"StructureDefinition-DDCCOrganization.html"}],"reference":{"reference":"StructureDefinition/DDCCOrganization"},"name":"DDCC Organization","description":"Abstraction for a DDCC Organization. There should be a DDCC Organization associated \nto each public health authortiy (PHA) in the [WHO Public Key \nDirectory](actors.html#who-pkd)","groupingId":"-str-profile"},{"extension":[{"url":"http://hl7.org/fhir/StructureDefinition/implementationguide-page","valueUri":"StructureDefinition-DDCCComposition.html"}],"reference":{"reference":"StructureDefinition/DDCCComposition"},"name":"DDCC Composition","description":"Describes the logical structure for a Digital Documentation of COVID-19 Certificates \n(DDCC).","groupingId":"-str-profile"},{"extension":[{"url":"http://hl7.org/fhir/StructureDefinition/implementationguide-page","valueUri":"StructureDefinition-DDCCPractitionerRole.html"}],"reference":{"reference":"StructureDefinition/DDCCPractitionerRole"},"name":"DDCC Practitioner Role","description":"Association of an [DDCC Practitioner](StructureDefinition-DDCCPractitioner.html) to a \nmanaging [DDCC Organization](StructureDefinition-DDCCOrgaznization.html), indicating \nthat an DDCC Practitioner is authorized by the public health authority (PHA) to \nvaccinate an [DDCC Patient](StructureDefinition-DDCCPatient.html).","groupingId":"-str-profile"},{"extension":[{"url":"http://hl7.org/fhir/StructureDefinition/implementationguide-page","valueUri":"StructureDefinition-DDCCDocumentReference.html"}],"reference":{"reference":"StructureDefinition/DDCCDocumentReference"},"name":"DDCC Document Reference","description":"A [DDCC Document Reference](StructureDefinition-DDCCDocumentReference.html) is a \ndocument reference to a [DDCC Document](StructureDefinition-DDCCDocument.html) \ncontaining the DDCC.\nThe content attachment data will be a base64 encoded representation of the DDCC Document.","groupingId":"-str-profile"},{"extension":[{"url":"http://hl7.org/fhir/StructureDefinition/implementationguide-page","valueUri":"Organization-DDCC-Organization-English.html"}],"reference":{"reference":"Organization/DDCC-Organization-English"},"name":"Example Organization - DDCC-Organization-English","exampleCanonical":"https://worldhealthorganization.github.io/ddcc/StructureDefinition/DDCCOrganization","groupingId":"-ex-example"},{"extension":[{"url":"http://hl7.org/fhir/StructureDefinition/implementationguide-page","valueUri":"Immunization-DDCC-Immunization-English.html"}],"reference":{"reference":"Immunization/DDCC-Immunization-English"},"name":"Example Immunization - DDCC-Immunization-English","exampleCanonical":"https://worldhealthorganization.github.io/ddcc/StructureDefinition/DDCCImmunization","groupingId":"-ex-example"},{"extension":[{"url":"http://hl7.org/fhir/StructureDefinition/implementationguide-page","valueUri":"StructureDefinition-DDCCAddBundle.html"}],"reference":{"reference":"StructureDefinition/DDCCAddBundle"},"name":"DDCC Add Bundle","description":"Bundle to be transformed to from the DDCC QuestionnaireResponse\nto add on the DDCC generator.","groupingId":"-str-profile"},{"extension":[{"url":"http://hl7.org/fhir/StructureDefinition/implementationguide-page","valueUri":"StructureDefinition-DDCCImmunizationRecommendation.html"}],"reference":{"reference":"StructureDefinition/DDCCImmunizationRecommendation"},"name":"DDCC Immunization Recommendation","description":"A DDCC Immunization Recommendation contains the content corresponding to when\na patient should return for a booster shot.","groupingId":"-str-profile"},{"extension":[{"url":"http://hl7.org/fhir/StructureDefinition/implementationguide-page","valueUri":"Bundle-DDCC-TX-SHE-bundle-example-1.html"}],"reference":{"reference":"Bundle/DDCC-TX-SHE-bundle-example-1"},"name":"Example Bundle - DDCC-TX-SHE-bundle-example-1","exampleCanonical":"https://worldhealthorganization.github.io/ddcc/StructureDefinition/DDCCSubmitHealthEventRequest","groupingId":"-ex-example"}],"page":{"nameUrl":"toc.html","title":"Table of Contents","generation":"html","page":[{"nameUrl":"index.html","title":"Narrative","generation":"html","page":[{"nameUrl":"references.html","title":"References","generation":"html"}]},{"nameUrl":"requirements.html","title":"Business Requirements","generation":"html","page":[{"nameUrl":"concepts.html","title":"Concepts","generation":"html"},{"nameUrl":"functional.html","title":"Functional Requirements","generation":"html"},{"nameUrl":"personas.html","title":"Personas","generation":"html"},{"nameUrl":"workflows.html","title":"Workflows","generation":"html"},{"nameUrl":"usecases.html","title":"Use Cases","generation":"html"},{"nameUrl":"dictionary.html","title":"Data Dictionary","generation":"html"}]},{"nameUrl":"data_exchange.html","title":"Data Models and Exchange","generation":"html","page":[{"nameUrl":"dependencies.html","title":"Dependencies","generation":"html"},{"nameUrl":"actors.html","title":"Actors","generation":"html"},{"nameUrl":"transactions.html","title":"Transactions","generation":"html"},{"nameUrl":"expected_actions.html","title":"Expected Actions","generation":"html"},{"nameUrl":"content_profiles.html","title":"Content Profiles","generation":"html"}]},{"nameUrl":"deployment.html","title":"Deployment Guidance","generation":"html","page":[{"nameUrl":"security_privacy.html","title":"Security and Privacy Considerations","generation":"html"},{"nameUrl":"testing.html","title":"Testing","generation":"html"},{"nameUrl":"downloads.html","title":"Useful Downloads","generation":"html"}]},{"nameUrl":"artifacts.html","title":"Artifacts Summary","generation":"html","page":[{"nameUrl":"CapabilityStatement-WHO.DDCC.RegistryService.html","title":"WHO DDCC Registry Service","generation":"generated"},{"nameUrl":"CapabilityStatement-WHO.DDCC.Generator.html","title":"WHO DDCC Generator","generation":"generated"},{"nameUrl":"OperationDefinition-DDCC-QuestionnaireReponse-generateHealthCertificate.html","generation":"generated"},{"nameUrl":"StructureDefinition-DDCCQuestionnaireResponse.html","title":"DDCC Questionnaire Response","generation":"generated"},{"nameUrl":"StructureDefinition-DDCCQuestionnaire.html","title":"DDCC Questionniare","generation":"generated"},{"nameUrl":"StructureDefinition-Patient-pre-uv-ips.html","title":"Patient (IPS)","generation":"generated"},{"nameUrl":"StructureDefinition-Immunization-pre-uv-ips.html","title":"Immunization (IPS)","generation":"generated"},{"nameUrl":"StructureDefinition-DDCCDocumentReferenceQR.html","title":"DDCC DocumentReference return for QR","generation":"generated"},{"nameUrl":"StructureDefinition-DDCCGenerateHealthCertificateParameters.html","title":"DDCC Generate Health Certificate Parameters","generation":"generated"},{"nameUrl":"StructureDefinition-DDCCPractitioner.html","title":"DDCC Practitioner","generation":"generated"},{"nameUrl":"StructureDefinition-DDCCImmunization.html","title":"DDCC Immunization","generation":"generated"},{"nameUrl":"StructureDefinition-DDCCSubmitHealthEventResponse.html","title":"DDCC Submit Health Event Response","generation":"generated"},{"nameUrl":"StructureDefinition-DDCCFolder.html","title":"DDCC Folder","generation":"generated"},{"nameUrl":"StructureDefinition-DDCCDocument.html","title":"DDCC Document","generation":"generated"},{"nameUrl":"StructureDefinition-DDCCSubmitHealthEventRequest.html","title":"DDCC Submit Health Event Request","generation":"generated"},{"nameUrl":"StructureDefinition-DDCCPatient.html","title":"DDCC Patient","generation":"generated"},{"nameUrl":"StructureDefinition-DDCCOrganization.html","title":"DDCC Organization","generation":"generated"},{"nameUrl":"StructureDefinition-DDCCComposition.html","title":"DDCC Composition","generation":"generated"},{"nameUrl":"StructureDefinition-DDCCPractitionerRole.html","title":"DDCC Practitioner Role","generation":"generated"},{"nameUrl":"StructureDefinition-DDCCDocumentReference.html","title":"DDCC Document Reference","generation":"generated"},{"nameUrl":"StructureDefinition-DDCCAddBundle.html","title":"DDCC Add Bundle","generation":"generated"},{"nameUrl":"StructureDefinition-DDCCImmunizationRecommendation.html","title":"DDCC Immunization Recommendation","generation":"generated"},{"nameUrl":"StructureDefinition-DDCCVaccineMarketAuthorization.html","title":"DDCC Vaccine Market Authorization for Immunization","generation":"generated"},{"nameUrl":"StructureDefinition-DDCCCountryOfVaccination.html","title":"DDCC Country Of Vaccination for Immunization","generation":"generated"},{"nameUrl":"StructureDefinition-DDCCVaccineBrand.html","title":"DDCC Vaccine Brand for Immunization","generation":"generated"},{"nameUrl":"ValueSet-who-ddcc-disease-targeted-covid-19.html","title":"WHO Disease or Agent Targeted (COVID-19)","generation":"generated"},{"nameUrl":"ValueSet-DDCC-QR-Format-ValueSet.html","generation":"generated"},{"nameUrl":"ValueSet-who-ddcc-vaccines-covid-19.html","title":"WHO Vaccine List (COVID-19)","generation":"generated"},{"nameUrl":"ValueSet-who-ddcc-vaccines.html","title":"WHO Vaccine List","generation":"generated"},{"nameUrl":"ValueSet-who-ddcc-vaccinable-conditions.html","title":"WHO List of Vaccinable Conditions","generation":"generated"},{"nameUrl":"ValueSet-DDCC-QR-Category-Usage-ValueSet.html","generation":"generated"},{"nameUrl":"CodeSystem-DDCC-QR-Format-CodeSystem.html","title":"DDCC QR Format Codes","generation":"generated"},{"nameUrl":"CodeSystem-DDCC-QR-Category-Usage-CodeSystem.html","title":"DDCC QR Category Usage Codes","generation":"generated"},{"nameUrl":"StructureMap-svc-map-qr-bundle.html","generation":"generated"},{"nameUrl":"ConceptMap-who-ddcc-map-icd11-sct-disease-targeted.html","generation":"generated"},{"nameUrl":"ConceptMap-who-ddcc-map-icd11-sct-vaccines.html","generation":"generated"},{"nameUrl":"Patient-DDCC-Patient-English.html","title":"Example Patient - DDCC-Patient-English","generation":"generated"},{"nameUrl":"Bundle-Example-English.html","title":"Example Bundle - Example-English","generation":"generated"},{"nameUrl":"Questionnaire-DDCCVSCoreDataSetQuestionnaire.html","title":"DDCC Core Data Set Questionnaire ","generation":"generated"},{"nameUrl":"QuestionnaireResponse-DDCC-VS-QuestionnaireResponse-Example.html","title":"Example QuestionnaireResponse - DDCC-VS-QuestionnaireResponse-Example","generation":"generated"},{"nameUrl":"Organization-DDCC-Organization-English.html","title":"Example Organization - DDCC-Organization-English","generation":"generated"},{"nameUrl":"Immunization-DDCC-Immunization-English.html","title":"Example Immunization - DDCC-Immunization-English","generation":"generated"},{"nameUrl":"Bundle-DDCC-TX-SHE-bundle-example-1.html","title":"Example Bundle - DDCC-TX-SHE-bundle-example-1","generation":"generated"},{"nameUrl":"Bundle-IPS-Immunization-Example-Bundle-01.html","generation":"generated"}]}]},"parameter":[{"code":"path-pages","value":"input/pagecontent"},{"code":"path-resource","value":"input/ips-preadopted"},{"code":"path-resource","value":"input/resources/activitydefinition"},{"code":"path-resource","value":"input/resources/capabilitystatement"},{"code":"path-resource","value":"input/resources/library"},{"code":"path-resource","value":"input/resources/measure"},{"code":"path-resource","value":"input/resources/maps"},{"code":"path-resource","value":"input/resources/examples"},{"code":"path-resource","value":"input/resources/plandefinition"},{"code":"path-resource","value":"input/resources/questionnaire"},{"code":"path-resource","value":"input/vocabulary/codesystem"},{"code":"path-resource","value":"input/vocabulary/valueset"},{"code":"path-resource","value":"input/capabilities"},{"code":"path-resource","value":"input/examples"},{"code":"path-resource","value":"input/extensions"},{"code":"path-resource","value":"input/models"},{"code":"path-resource","value":"input/operations"},{"code":"path-resource","value":"input/profiles"},{"code":"path-resource","value":"input/resources"},{"code":"path-resource","value":"input/vocabulary"},{"code":"path-resource","value":"input/testing"},{"code":"path-resource","value":"input/history"},{"code":"path-resource","value":"fsh-generated/resources"},{"code":"path-pages","value":"template/config"},{"code":"path-pages","value":"input/images"},{"code":"path-tx-cache","value":"input-cache/txcache"}]}}