{"resourceType":"ValueSet","id":"DDCC-Folder-DesignationType","text":{"status":"generated","div":"<div xmlns=\"http://www.w3.org/1999/xhtml\"><ul><li>Include all codes defined in <a href=\"CodeSystem-DDCC-Folder-DesignationType.html\"><code>http://worldhealthorganization.github.io/ddcc/CodeSystem/DDCC-Folder-DesignationType</code></a></li></ul></div>"},"url":"http://worldhealthorganization.github.io/ddcc/ValueSet/DDCC-Folder-DesignationType","version":"0.2.1","name":"DDCC_Folder_DesignationType_ValueSet","title":"DDCC DesignationTypes for Folder","status":"active","date":"2021-08-06T15:53:42+00:00","publisher":"World Health Organization (WHO)","contact":[{"telecom":[{"system":"url","value":"https://www.who.int"}]}],"description":"DDCC Designation Types ValueSet for DDCC Folders.","compose":{"include":[{"system":"http://worldhealthorganization.github.io/ddcc/CodeSystem/DDCC-Folder-DesignationType"}]}}