{"resourceType":"ValueSet","id":"who-svc-vaccinable-confitions","text":{"status":"generated","div":"<div xmlns=\"http://www.w3.org/1999/xhtml\"><p>This value set includes codes based on the following rules:</p><ul/></div>"},"url":"http://fhir.org/guides/who/svc-rc1/ValueSet/who-svc-vaccinable-confitions","version":"0.2.0","name":"WHO_SVC_Vaccinable_Conditions","title":"WHO List of Vaccinable Conditions","status":"draft","date":"2021-03-18T19:59:04+00:00","publisher":"World Health Organization (WHO)","contact":[{"telecom":[{"system":"url","value":"https://www.who.int"}]}],"description":"The WHO Vaccinable Conditions List from [ICD 11](https://icd.who.int/browse11) is used by:\n *  the [SVC Immunization](StructureDefinition-svc-immunization.html) \n"}