<?xml version="1.0" encoding="UTF-8"?><CodeSystem xmlns="http://hl7.org/fhir"><id value="SVC-Basic-Resource"/><text><status value="generated"/><div xmlns="http://www.w3.org/1999/xhtml"><p>This code system https://who-int.github.io/svc/refs/heads/rc2/CodeSystem/SVC-Basic-Resource defines the following codes:</p><table class="codes"><tr><td style="white-space:nowrap"><b>Code</b></td><td><b>Display</b></td><td><b>Definition</b></td></tr><tr><td style="white-space:nowrap">qrcode<a name="SVC-Basic-Resource-qrcode"> </a></td><td>SVC QR Code</td><td>SVC QR Code resource.</td></tr></table></div></text><url value="https://who-int.github.io/svc/refs/heads/rc2/CodeSystem/SVC-Basic-Resource"/><version value="0.2.0"/><name value="SVCBasicResourceCodeSystem"/><title value="CodeSystem for SVC Basic Resources."/><status value="active"/><date value="2021-04-06T13:17:19+00:00"/><publisher value="World Health Organization (WHO)"/><contact><telecom><system value="url"/><value value="https://www.who.int"/></telecom></contact><content value="complete"/><count value="1"/><concept><code value="qrcode"/><display value="SVC QR Code"/><definition value="SVC QR Code resource."/></concept></CodeSystem>