<?xml version="1.0" encoding="UTF-8"?><ValueSet xmlns="http://hl7.org/fhir"><id value="who-svc-vaccinable-conditions"/><text><status value="generated"/><div xmlns="http://www.w3.org/1999/xhtml"><ul><li>Include these codes as defined in <code>http://id.who.int/icd11/mms</code><table class="none"><tr><td style="white-space:nowrap"><b>Code</b></td><td><b>Display</b></td></tr><tr><td>RA01.0</td><td>COVID-19, virus identified</td></tr><tr><td>RA01.1</td><td>COVID-19, virus not identified</td></tr></table></li></ul></div></text><url value="https://who-int.github.io/svc/refs/heads/rc2/ValueSet/who-svc-vaccinable-conditions"/><version value="0.2.0"/><name value="WHO_SVC_Vaccinable_Conditions"/><title value="WHO List of Vaccinable Conditions"/><status value="draft"/><date value="2021-04-07T18:46:04+00:00"/><publisher value="World Health Organization (WHO)"/><contact><telecom><system value="url"/><value value="https://www.who.int"/></telecom></contact><description value="The WHO Vaccinable Conditions List from [ICD 11](https://icd.who.int/browse11) is used by:&#xA; *  the [SVC Immunization](StructureDefinition-svc-immunization.html) &#xA;"/><compose><include><system value="http://id.who.int/icd11/mms"/><concept><code value="RA01.0"/><display value="COVID-19, virus identified"/></concept><concept><code value="RA01.1"/><display value="COVID-19, virus not identified"/></concept></include></compose></ValueSet>