<?xml version="1.0" encoding="UTF-8"?>

<CapabilityStatement xmlns="http://hl7.org/fhir">
  <id value="WHO.DDCC.Generator"/>
  <text>
    <status value="generated"/><div xmlns="http://www.w3.org/1999/xhtml">
      <p>Capability Statement for a DDCC Generator</p>
         
    </div>
  </text>
  <url value="https://worldhealthorganization.github.io/ddcc-rc1/CapabilityStatement/WHO.DDCC.Generator"/>
  <version value="0.2.1"/>
  <name value="WHO.DDCC.Generator"/>
  <title value="WHO DDCC Generator"/>
  <status value="draft"/>
  <experimental value="true"/>
  <date value="2021-05-06"/>
  <publisher value="World Health Organization (WHO)"/>
  <contact>
    <telecom>
      <system value="url"/>
      <value value="https://www.who.int"/>
    </telecom>
  </contact>
  <description value="CapabilityStatement for WHO DDCC Generator actor."/>
  <kind value="requirements"/>
  <fhirVersion value="4.0.1"/>
  <format value="application/fhir+xml"/>
  <format value="application/fhir+json"/>
  <rest>
    <mode value="server"/>
    <documentation value="DDCC Generator Server Actor"/>
    <resource>
      <type value="QuestionnaireResponse"/>
      <supportedProfile value="https://worldhealthorganization.github.io/ddcc-rc1/StructureDefinition/DDCCQuestionnaireResponse"/>
      <documentation value="."/>
      <interaction>
        <code value="create"/>
        <documentation value="DDCC Generator Interaction for accepting a Submit Health Event"/>
      </interaction>
      <operation>
        <name value="generateHealthCertificate"/>
        <definition value="https://worldhealthorganization.github.io/ddcc-rc1/OperationDefinition/DDCC-QuestionnaireResponse-generateHealthCertificate"/>
        <documentation value="Generate a health certificate based on a QuestionnaireResponse."/>
      </operation>
    </resource>
    <interaction>
      <code value="batch"/>
    </interaction>
  </rest>
  <rest>
    <mode value="client"/>
    <documentation value="DDCC Generator Client Actor"/>
    <interaction>
      <code value="batch"/>
      <documentation value="For submitting the Register Health Certificate transaction."/>
    </interaction>
  </rest>
</CapabilityStatement>