{
  "resourceType": "CodeSystem",
  "id": "DDCC-SectionCode-CodeSystem",
  "text": {
    "status": "generated",
    "div": "<div xmlns=\"http://www.w3.org/1999/xhtml\"><p>This code system https://who-int.github.io/svc/refs/heads/rc2/CodeSystem/DDCC-SectionCode-CodeSystem defines the following codes:</p><table class=\"codes\"><tr><td style=\"white-space:nowrap\"><b>Code</b></td><td><b>Display</b></td></tr><tr><td style=\"white-space:nowrap\">vaccination<a name=\"DDCC-SectionCode-CodeSystem-vaccination\"> </a></td><td>DDCC: Vaccination Status</td></tr><tr><td style=\"white-space:nowrap\">test<a name=\"DDCC-SectionCode-CodeSystem-test\"> </a></td><td>DDCC: SARS-CoV-2 Test</td></tr><tr><td style=\"white-space:nowrap\">recovery<a name=\"DDCC-SectionCode-CodeSystem-recovery\"> </a></td><td>DDCC: Recovery Status</td></tr></table></div>"
  },
  "url": "https://who-int.github.io/svc/refs/heads/rc2/CodeSystem/DDCC-SectionCode-CodeSystem",
  "version": "0.2.1",
  "name": "DDCC_SectionCode_CodeSystem",
  "title": "DDCC QR SectionCode Usage Codes",
  "status": "active",
  "date": "2021-06-11T14:32:12+00:00",
  "publisher": "World Health Organization (WHO)",
  "contact": [
    {
      "telecom": [
        {
          "system": "url",
          "value": "https://www.who.int"
        }
      ]
    }
  ],
  "description": "Section Codes for DDCC",
  "content": "complete",
  "count": 3,
  "concept": [
    {
      "code": "vaccination",
      "display": "DDCC: Vaccination Status"
    },
    {
      "code": "test",
      "display": "DDCC: SARS-CoV-2 Test"
    },
    {
      "code": "recovery",
      "display": "DDCC: Recovery Status"
    }
  ]
}