<?xml version="1.0" encoding="UTF-8"?>

<CodeSystem xmlns="http://hl7.org/fhir">
  <id value="DDCC-SectionCode-CodeSystem"/>
  <text>
    <status value="generated"/><div xmlns="http://www.w3.org/1999/xhtml"><p>This code system https://who-int.github.io/svc/refs/heads/rc2/CodeSystem/DDCC-SectionCode-CodeSystem defines the following codes:</p><table class="codes"><tr><td style="white-space:nowrap"><b>Code</b></td><td><b>Display</b></td></tr><tr><td style="white-space:nowrap">vaccination<a name="DDCC-SectionCode-CodeSystem-vaccination"> </a></td><td>DDCC: Vaccination Status</td></tr><tr><td style="white-space:nowrap">test<a name="DDCC-SectionCode-CodeSystem-test"> </a></td><td>DDCC: SARS-CoV-2 Test</td></tr><tr><td style="white-space:nowrap">recovery<a name="DDCC-SectionCode-CodeSystem-recovery"> </a></td><td>DDCC: Recovery Status</td></tr></table></div>
  </text>
  <url value="https://who-int.github.io/svc/refs/heads/rc2/CodeSystem/DDCC-SectionCode-CodeSystem"/>
  <version value="0.2.1"/>
  <name value="DDCC_SectionCode_CodeSystem"/>
  <title value="DDCC QR SectionCode Usage Codes"/>
  <status value="active"/>
  <date value="2021-06-11T21:07:58+00:00"/>
  <publisher value="World Health Organization (WHO)"/>
  <contact>
    <telecom>
      <system value="url"/>
      <value value="https://www.who.int"/>
    </telecom>
  </contact>
  <description value="Section Codes for DDCC"/>
  <content value="complete"/>
  <count value="3"/>
  <concept>
    <code value="vaccination"/>
    <display value="DDCC: Vaccination Status"/>
  </concept>
  <concept>
    <code value="test"/>
    <display value="DDCC: SARS-CoV-2 Test"/>
  </concept>
  <concept>
    <code value="recovery"/>
    <display value="DDCC: Recovery Status"/>
  </concept>
</CodeSystem>