<?xml version="1.0" encoding="UTF-8"?>

<Immunization xmlns="http://hl7.org/fhir">
  <id value="DDCC-Immunization-English"/>
  <meta>
    <profile value="https://worldhealthorganization.github.io/ddcc/StructureDefinition/DDCCImmunization"/>
  </meta>
  <text>
    <status value="extensions"/><div xmlns="http://www.w3.org/1999/xhtml"><p><b>Generated Narrative</b></p><p><b>DDCC Vaccine Brand for Immunization</b>: <span title="{urn:EXAMPLE-who-:smart:vaccine-certificate:RC1:coding TEST}">TEST</span></p><p><b>DDCC Country Of Vaccination for Immunization</b>: CHE</p><p><b>status</b>: completed</p><p><b>vaccineCode</b>: <span title="Codes: {urn:EXAMPLE-who-:smart:vaccine-certificate:RC1:coding XM0CX4}">XM0CX4</span></p><p><b>patient</b>: <a href="Patient-DDCC-Patient-English.html">Generated Summary: Felix Cat(OFFICIAL); birthDate: 2000-01-02</a></p><p><b>occurrence</b>: 2021-02-02</p><p><b>location</b>: <span>Vaccination Site</span></p><p><b>lotNumber</b>: 123</p><p><b>expirationDate</b>: 2021-06-30</p><h3>Performers</h3><table class="grid"><tr><td>-</td><td><b>Actor</b></td></tr><tr><td>*</td><td><a href="Organization-DDCC-Organization-English.html">Generated Summary: name: Government Hospital</a></td></tr></table><h3>ProtocolApplieds</h3><table class="grid"><tr><td>-</td><td><b>Authority</b></td><td><b>TargetDisease</b></td><td><b>DoseNumber[x]</b></td><td><b>SeriesDoses[x]</b></td></tr><tr><td>*</td><td><a href="Organization-DDCC-Organization-English.html">Generated Summary: name: Government Hospital</a></td><td><span title="Codes: {http://id.who.int/icd11/mms RA01.0}">RA01.0</span></td><td>1</td><td>2</td></tr></table></div>
  </text>
  <extension url="https://worldhealthorganization.github.io/ddcc/StructureDefinition/DDCCVaccineBrand">
    <valueCoding>
      <system value="urn:EXAMPLE-who-:smart:vaccine-certificate:RC1:coding"/>
      <code value="TEST"/>
    </valueCoding>
  </extension>
  <extension url="https://worldhealthorganization.github.io/ddcc/StructureDefinition/DDCCCountryOfVaccination">
    <valueCode value="CHE"/>
  </extension>
  <status value="completed"/>
  <vaccineCode>
    <coding>
      <system value="urn:EXAMPLE-who-:smart:vaccine-certificate:RC1:coding"/>
      <code value="XM0CX4"/>
    </coding>
  </vaccineCode>
  <patient>
    <reference value="Patient/DDCC-Patient-English"/>
  </patient>
  <occurrenceDateTime value="2021-02-02"/>
  <location>
    <display value="Vaccination Site"/>
  </location>
  <lotNumber value="123"/>
  <expirationDate value="2021-06-30"/>
  <performer>
    <actor>
      <reference value="Organization/DDCC-Organization-English"/>
    </actor>
  </performer>
  <protocolApplied>
    <authority>
      <reference value="Organization/DDCC-Organization-English"/>
    </authority>
    <targetDisease>
      <coding>
        <system value="http://id.who.int/icd11/mms"/>
        <code value="RA01.0"/>
      </coding>
    </targetDisease>
    <doseNumberPositiveInt value="1"/>
    <seriesDosesPositiveInt value="2"/>
  </protocolApplied>
</Immunization>