<?xml version="1.0" encoding="UTF-8"?><CodeSystem xmlns="http://hl7.org/fhir"><id value="DDCC-QR-Format-CodeSystem"/><text><status value="generated"/><div xmlns="http://www.w3.org/1999/xhtml"><p>This code system https://who-int.github.io/svc/refs/heads/rc2/CodeSystem/DDCC-QR-Format-CodeSystem defines the following codes:</p><table class="codes"><tr><td style="white-space:nowrap"><b>Code</b></td><td><b>Display</b></td></tr><tr><td style="white-space:nowrap">image<a name="DDCC-QR-Format-CodeSystem-image"> </a></td><td>Image</td></tr><tr><td style="white-space:nowrap">serialized<a name="DDCC-QR-Format-CodeSystem-serialized"> </a></td><td>Serialized QR Content</td></tr></table></div></text><url value="https://who-int.github.io/svc/refs/heads/rc2/CodeSystem/DDCC-QR-Format-CodeSystem"/><version value="0.2.1"/><name value="DDCC_QR_Format_CodeSystem"/><title value="DDCC QR Format Codes"/><status value="active"/><date value="2021-06-10T21:45:20+00:00"/><publisher value="World Health Organization (WHO)"/><contact><telecom><system value="url"/><value value="https://www.who.int"/></telecom></contact><description value="Possible formats available for QR data."/><content value="complete"/><count value="2"/><concept><code value="image"/><display value="Image"/></concept><concept><code value="serialized"/><display value="Serialized QR Content"/></concept></CodeSystem>