<?xml version="1.0" encoding="UTF-8"?><ImplementationGuide xmlns="http://hl7.org/fhir"><id value="fhir.who.svc-rc2"/><text><status value="extensions"/><div xmlns="http://www.w3.org/1999/xhtml"><h2>SVC_RC2</h2><p>The official URL for this implementation guide is: </p><pre>http://fhir.org/guides/who/svc/ImplementationGuide/fhir.who.svc-rc2</pre><div><p>Smart Vaccination Certificate - RC2</p>
</div></div></text><url value="http://fhir.org/guides/who/svc/ImplementationGuide/fhir.who.svc-rc2"/><version value="0.2.0"/><name value="SVC_RC2"/><title value="WHO Smart Vaccination Certificate - RC2"/><status value="draft"/><experimental value="false"/><date value="2021-03-04"/><publisher value="World Health Organization (WHO)"/><contact><telecom><system value="url"/><value value="https://www.who.int"/></telecom></contact><description value="Smart Vaccination Certificate - RC2"/><packageId value="fhir.who.svc-rc2"/><license value="CC0-1.0"/><fhirVersion value="4.0.1"/><dependsOn id="ips"><uri value="http://hl7.org/fhir/uv/ips/ImplementationGuide/hl7.fhir.uv.ips"/><packageId value="hl7.fhir.uv.ips"/><version value="current"/></dependsOn><definition><extension url="http://hl7.org/fhir/tools/StructureDefinition/ig-parameter"><extension url="code"><valueString value="copyrightyear"/></extension><extension url="value"><valueString value="2021+"/></extension></extension><extension url="http://hl7.org/fhir/tools/StructureDefinition/ig-parameter"><extension url="code"><valueString value="releaselabel"/></extension><extension url="value"><valueString value="CI Build"/></extension></extension><extension url="http://hl7.org/fhir/tools/StructureDefinition/ig-parameter"><extension url="code"><valueString value="example-table"/></extension><extension url="value"><valueString value="true"/></extension></extension><extension url="http://hl7.org/fhir/tools/StructureDefinition/ig-parameter"><extension url="code"><valueString value="generate"/></extension><extension url="value"><valueString value="examples"/></extension></extension><extension url="http://hl7.org/fhir/tools/StructureDefinition/ig-parameter"><extension url="code"><valueString value="generate"/></extension><extension url="value"><valueString value="example-narratives"/></extension></extension><extension url="http://hl7.org/fhir/tools/StructureDefinition/ig-parameter"><extension url="code"><valueString value="example-list"/></extension><extension url="value"><valueString value="true"/></extension></extension><extension url="http://hl7.org/fhir/tools/StructureDefinition/ig-parameter"><extension url="code"><valueString value="example-table-all"/></extension><extension url="value"><valueString value="true"/></extension></extension><extension url="http://hl7.org/fhir/tools/StructureDefinition/ig-parameter"><extension url="code"><valueString value="example-list-all"/></extension><extension url="value"><valueString value="true"/></extension></extension><extension url="http://hl7.org/fhir/tools/StructureDefinition/ig-parameter"><extension url="code"><valueString value="summary"/></extension><extension url="value"><valueString value="true"/></extension></extension><extension url="http://hl7.org/fhir/tools/StructureDefinition/ig-parameter"><extension url="code"><valueString value="summary-tables"/></extension><extension url="value"><valueString value="true"/></extension></extension><extension url="http://hl7.org/fhir/tools/StructureDefinition/ig-parameter"><extension url="code"><valueString value="content"/></extension><extension url="value"><valueString value="true"/></extension></extension><extension url="http://hl7.org/fhir/tools/StructureDefinition/ig-parameter"><extension url="code"><valueString value="profiles"/></extension><extension url="value"><valueString value="true"/></extension></extension><extension url="http://hl7.org/fhir/tools/StructureDefinition/ig-parameter"><extension url="code"><valueString value="script"/></extension><extension url="value"><valueString value="true"/></extension></extension><extension url="http://hl7.org/fhir/tools/StructureDefinition/ig-parameter"><extension url="code"><valueString value="do-transforms"/></extension><extension url="value"><valueString value="true"/></extension></extension><extension url="http://hl7.org/fhir/tools/StructureDefinition/ig-parameter"><extension url="code"><valueString value="special-url"/></extension><extension url="value"><valueString value="http://hl7.org/fhir/uv/ips/StructureDefinition/Patient-pre-uv-ips"/></extension></extension><extension url="http://hl7.org/fhir/tools/StructureDefinition/ig-parameter"><extension url="code"><valueString value="special-url"/></extension><extension url="value"><valueString value="http://hl7.org/fhir/uv/ips/StructureDefinition/Immunization-pre-uv-ips"/></extension></extension><extension url="http://hl7.org/fhir/tools/StructureDefinition/ig-parameter"><extension url="code"><valueString value="path-suppressed-warnings"/></extension><extension url="value"><valueString value="input/ignoreWarnings.txt"/></extension></extension><extension url="http://hl7.org/fhir/tools/StructureDefinition/ig-parameter"><extension url="code"><valueString value="path-binary"/></extension><extension url="value"><valueString value="input/cql"/></extension></extension><extension url="http://hl7.org/fhir/tools/StructureDefinition/ig-parameter"><extension url="code"><valueString value="autoload-resources"/></extension><extension url="value"><valueString value="true"/></extension></extension><extension url="http://hl7.org/fhir/tools/StructureDefinition/ig-parameter"><extension url="code"><valueString value="path-liquid"/></extension><extension url="value"><valueString value="template/liquid"/></extension></extension><extension url="http://hl7.org/fhir/tools/StructureDefinition/ig-parameter"><extension url="code"><valueString value="path-liquid"/></extension><extension url="value"><valueString value="input/liquid"/></extension></extension><extension url="http://hl7.org/fhir/tools/StructureDefinition/ig-parameter"><extension url="code"><valueString value="path-qa"/></extension><extension url="value"><valueString value="temp/qa"/></extension></extension><extension url="http://hl7.org/fhir/tools/StructureDefinition/ig-parameter"><extension url="code"><valueString value="path-temp"/></extension><extension url="value"><valueString value="temp/pages"/></extension></extension><extension url="http://hl7.org/fhir/tools/StructureDefinition/ig-parameter"><extension url="code"><valueString value="path-output"/></extension><extension url="value"><valueString value="output"/></extension></extension><extension url="http://hl7.org/fhir/tools/StructureDefinition/ig-parameter"><extension url="code"><valueString value="path-history"/></extension><extension url="value"><valueString value="http://fhir.org/guides/who/svc/history.html"/></extension></extension><extension url="http://hl7.org/fhir/tools/StructureDefinition/ig-parameter"><extension url="code"><valueString value="template-html"/></extension><extension url="value"><valueString value="template-page.html"/></extension></extension><extension url="http://hl7.org/fhir/tools/StructureDefinition/ig-parameter"><extension url="code"><valueString value="template-md"/></extension><extension url="value"><valueString value="template-page-md.html"/></extension></extension><extension url="http://hl7.org/fhir/tools/StructureDefinition/ig-parameter"><extension url="code"><valueString value="apply-contact"/></extension><extension url="value"><valueString value="true"/></extension></extension><extension url="http://hl7.org/fhir/tools/StructureDefinition/ig-parameter"><extension url="code"><valueString value="apply-context"/></extension><extension url="value"><valueString value="true"/></extension></extension><extension url="http://hl7.org/fhir/tools/StructureDefinition/ig-parameter"><extension url="code"><valueString value="apply-copyright"/></extension><extension url="value"><valueString value="true"/></extension></extension><extension url="http://hl7.org/fhir/tools/StructureDefinition/ig-parameter"><extension url="code"><valueString value="apply-jurisdiction"/></extension><extension url="value"><valueString value="true"/></extension></extension><extension url="http://hl7.org/fhir/tools/StructureDefinition/ig-parameter"><extension url="code"><valueString value="apply-license"/></extension><extension url="value"><valueString value="true"/></extension></extension><extension url="http://hl7.org/fhir/tools/StructureDefinition/ig-parameter"><extension url="code"><valueString value="apply-publisher"/></extension><extension url="value"><valueString value="true"/></extension></extension><extension url="http://hl7.org/fhir/tools/StructureDefinition/ig-parameter"><extension url="code"><valueString value="apply-version"/></extension><extension url="value"><valueString value="true"/></extension></extension><extension url="http://hl7.org/fhir/tools/StructureDefinition/ig-parameter"><extension url="code"><valueString value="active-tables"/></extension><extension url="value"><valueString value="true"/></extension></extension><grouping id="_str_logicalmodel"><name value="Structures: Logical Models"/><description value="These define data models that represent the domain covered by this implementation guide in more business-friendly terms than the underlying FHIR resources."/></grouping><grouping id="_str_questionnaire"><name value="Structures: Questionnaires"/><description value="These define forms used by systems conforming to this implementation guide to capture or expose data to end users"/></grouping><grouping id="_str_profile"><name value="Structures: Resource Profiles"/><description value="These define constraints on FHIR resources for systems conforming to this implementation guide"/></grouping><grouping id="_str_extension"><name value="Structures: Extension Definitions"/><description value="These define constraints on FHIR data types for systems conforming to this implementation guide"/></grouping><grouping id="_term_valueset"><name value="Terminology: Value Sets"/><description value="These define sets of codes used by systems conforming to this implementation guide"/></grouping><grouping id="_map_structuremap"><name value="Terminology: Structure Maps"/><description value="These define transformations to convert between data structures used by systems conforming to this implementation guide"/></grouping><grouping id="_map_conceptmap"><name value="Terminology: Concept Maps"/><description value="These define transformations to convert between codes by systems conforming with this implementation guide"/></grouping><grouping id="_other"><name value="Other"/><description value="These are resources that are used within this implementation guide that do not fit into one of the other categories"/></grouping><resource><extension url="http://hl7.org/fhir/StructureDefinition/implementationguide-page"><valueUri value="StructureDefinition-Immunization-pre-uv-ips.html"/></extension><reference><reference value="StructureDefinition/Immunization-pre-uv-ips"/></reference><name value="Immunization (IPS)"/><description value="This profile represents the constraints applied to the Immunization resource by the International Patient Summary (IPS) FHIR Implementation Guide. A record of an immunization is represented in the patient summary as an instance of an Immunization resource constrained by this profile.&#xD;&#xA;&#xD;&#xA;It describes the event of a patient being administered a vaccination or a record of a vaccination as reported by a patient, a clinician or another party."/><groupingId value="_str_profile"/></resource><resource><extension url="http://hl7.org/fhir/StructureDefinition/implementationguide-page"><valueUri value="StructureDefinition-Patient-pre-uv-ips.html"/></extension><reference><reference value="StructureDefinition/Patient-pre-uv-ips"/></reference><name value="Patient (IPS)"/><description value="This profile represents the constraints applied to the Patient resource by the International Patient Summary (IPS) FHIR Implementation Guide and describes the minimum expectations for the Patient resource when used in the IPS composition or in one of the referred resources."/><groupingId value="_str_profile"/></resource><resource><extension url="http://hl7.org/fhir/StructureDefinition/implementationguide-page"><valueUri value="StructureMap-svc-map-qr-uvci-bundle.html"/></extension><reference><reference value="StructureMap/svc-map-qr-uvci-bundle"/></reference><groupingId value="_map_structuremap"/></resource><resource><extension url="http://hl7.org/fhir/StructureDefinition/implementationguide-page"><valueUri value="StructureDefinition-svc-organization.html"/></extension><reference><reference value="StructureDefinition/svc-organization"/></reference><name value="SVC Organization"/><description value="Abstraction for an SVC Organization. There should be an SVC Organization associated to each public health authortiy (PHA) in the WHO Public Key Directory."/><groupingId value="_str_profile"/></resource><resource><extension url="http://hl7.org/fhir/StructureDefinition/implementationguide-page"><valueUri value="StructureDefinition-SVC-LM-QR-UVCEI.html"/></extension><reference><reference value="StructureDefinition/SVC-LM-QR-UVCEI"/></reference><name value="SVC Logical Model for UVCEI QR code"/><description value="SVC QR Code for an Immunization event."/><groupingId value="_str_logicalmodel"/></resource><resource><extension url="http://hl7.org/fhir/StructureDefinition/implementationguide-page"><valueUri value="StructureDefinition-SVC-QR-UVCI.html"/></extension><reference><reference value="StructureDefinition/SVC-QR-UVCI"/></reference><name value="SVC QR Code for UVCI"/><description value="SVC QR Code for an Immunization card."/><groupingId value="_str_profile"/></resource><resource><extension url="http://hl7.org/fhir/StructureDefinition/implementationguide-page"><valueUri value="QuestionnaireResponse-SVC-QR-UVCEI-QuestionnaireResponse-Example.html"/></extension><reference><reference value="QuestionnaireResponse/SVC-QR-UVCEI-QuestionnaireResponse-Example"/></reference><groupingId value="_other"/></resource><resource><extension url="http://hl7.org/fhir/StructureDefinition/implementationguide-page"><valueUri value="ValueSet-who-svc-vaccines.html"/></extension><reference><reference value="ValueSet/who-svc-vaccines"/></reference><name value="WHO Vaccine List"/><description value="The WHO Vaccine List from [ICD 11](https://icd.who.int/browse11) is used by:&#xA; *  the [SVC Immunization](StructureDefinition-svc-immunization.html)"/><groupingId value="_term_valueset"/></resource><resource><extension url="http://hl7.org/fhir/StructureDefinition/implementationguide-page"><valueUri value="StructureDefinition-svc-bundle.html"/></extension><reference><reference value="StructureDefinition/svc-bundle"/></reference><name value="SVC Bundle"/><description value="An [SVC Bundle](StructureDefinition-svc-bundle.html) is a document bundle containing the Smart Vaccination Certificate (SVC) content."/><groupingId value="_str_profile"/></resource><resource><extension url="http://hl7.org/fhir/StructureDefinition/implementationguide-page"><valueUri value="Basic-svc-basic-qrcode-example.html"/></extension><reference><reference value="Basic/svc-basic-qrcode-example"/></reference><groupingId value="_other"/></resource><resource><extension url="http://hl7.org/fhir/StructureDefinition/implementationguide-page"><valueUri value="StructureDefinition-SVC-LM-QR-UVCI.html"/></extension><reference><reference value="StructureDefinition/SVC-LM-QR-UVCI"/></reference><name value="SVC Logical Model for UVCI QR code"/><description value="SVC QR Code for an Immunization card."/><groupingId value="_str_logicalmodel"/></resource><resource><extension url="http://hl7.org/fhir/StructureDefinition/implementationguide-page"><valueUri value="StructureDefinition-svc-immunization.html"/></extension><reference><reference value="StructureDefinition/svc-immunization"/></reference><name value="SVC Immunization"/><description value="An SVC Immunization contains the content corresponding to a row in the Vaccination Events section of a Paper SVC. While this is not a further profile of the International Patient Summary (IPS) Immunization resouce, this is intended to map into an IPS Immunization resource."/><groupingId value="_str_profile"/></resource><resource><extension url="http://hl7.org/fhir/StructureDefinition/implementationguide-page"><valueUri value="StructureDefinition-SVC-QRCode.html"/></extension><reference><reference value="StructureDefinition/SVC-QRCode"/></reference><name value="SVC QRCode Extension"/><description value="SVC QRCode Extension"/><groupingId value="_str_extension"/></resource><resource><extension url="http://hl7.org/fhir/StructureDefinition/implementationguide-page"><valueUri value="StructureDefinition-SVC-QR-UVCEI.html"/></extension><reference><reference value="StructureDefinition/SVC-QR-UVCEI"/></reference><name value="SVC QR Code for UVCEI"/><description value="SVC QR Code for an Immunization event."/><groupingId value="_str_profile"/></resource><resource><extension url="http://hl7.org/fhir/StructureDefinition/implementationguide-page"><valueUri value="ConceptMap-who-svc-map-icd11-sct-vaccines.html"/></extension><reference><reference value="ConceptMap/who-svc-map-icd11-sct-vaccines"/></reference><description value="Rule-based mappings between ICD-11 and SNOMED CT for COVID-19 Vaccines"/><groupingId value="_map_conceptmap"/></resource><resource><extension url="http://hl7.org/fhir/StructureDefinition/implementationguide-page"><valueUri value="ValueSet-who-svc-vaccinable-conditions.html"/></extension><reference><reference value="ValueSet/who-svc-vaccinable-conditions"/></reference><name value="WHO List of Vaccinable Conditions"/><description value="The WHO Vaccinable Conditions List from [ICD 11](https://icd.who.int/browse11) is used by:&#xA; *  the [SVC Immunization](StructureDefinition-svc-immunization.html)"/><groupingId value="_term_valueset"/></resource><resource><extension url="http://hl7.org/fhir/StructureDefinition/implementationguide-page"><valueUri value="QuestionnaireResponse-SVC-QR-UVCI-QuestionnaireResponse-Example.html"/></extension><reference><reference value="QuestionnaireResponse/SVC-QR-UVCI-QuestionnaireResponse-Example"/></reference><groupingId value="_other"/></resource><resource><extension url="http://hl7.org/fhir/StructureDefinition/implementationguide-page"><valueUri value="ConceptMap-who-svc-map-icd11-sct-disease-targeted.html"/></extension><reference><reference value="ConceptMap/who-svc-map-icd11-sct-disease-targeted"/></reference><description value="Rule-based mappings between ICD-11 and SNOMED CT for COVID-19 Disease or Agent Targeted"/><groupingId value="_map_conceptmap"/></resource><resource><extension url="http://hl7.org/fhir/StructureDefinition/implementationguide-page"><valueUri value="StructureDefinition-SVC-Basic-QRCode.html"/></extension><reference><reference value="StructureDefinition/SVC-Basic-QRCode"/></reference><name value="SVC Basic based QR Code resource"/><description value="SVC Profile of Basic resource for QR Code."/><groupingId value="_str_profile"/></resource><resource><extension url="http://hl7.org/fhir/StructureDefinition/implementationguide-page"><valueUri value="ValueSet-who-svc-vaccines-covid-19.html"/></extension><reference><reference value="ValueSet/who-svc-vaccines-covid-19"/></reference><name value="WHO Vaccine List (COVID-19)"/><description value="WHO Vaccine List (COVID-19) from [ICD 11](https://icd.who.int/browse11)"/><groupingId value="_term_valueset"/></resource><resource><extension url="http://hl7.org/fhir/StructureDefinition/implementationguide-page"><valueUri value="Questionnaire-SVC-QR-UVCI-Questionnaire.html"/></extension><reference><reference value="Questionnaire/SVC-QR-UVCI-Questionnaire"/></reference><name value="SVC QR Code Questionnaire for UVCI"/><description value="SVC QR Code Questionnaire for an Immunization card."/><groupingId value="_str_questionnaire"/></resource><resource><extension url="http://hl7.org/fhir/StructureDefinition/implementationguide-page"><valueUri value="StructureDefinition-svc-practitioner-role.html"/></extension><reference><reference value="StructureDefinition/svc-practitioner-role"/></reference><name value="SVC Practitioner Role"/><description value="Association of an [SVC Practitioner](StructureDefinition-svc-practitioner-role.html) to a managing [SVC Organization](StructureDefinition-svc-orgaznization.html), indicating that an SVC Practitioner is authorized by the public health authority (PHA) to vaccinate an [SVC Patient](StructureDefinition-svc-patient.html)."/><groupingId value="_str_profile"/></resource><resource><extension url="http://hl7.org/fhir/StructureDefinition/implementationguide-page"><valueUri value="Questionnaire-SVC-QR-UVCEI-Questionnaire.html"/></extension><reference><reference value="Questionnaire/SVC-QR-UVCEI-Questionnaire"/></reference><name value="SVC QR Code Questionnaire for UVCEI"/><description value="SVC QR Code Questionnaire for an Immunization event."/><groupingId value="_str_questionnaire"/></resource><resource><extension url="http://hl7.org/fhir/StructureDefinition/implementationguide-page"><valueUri value="StructureDefinition-svc-practitioner.html"/></extension><reference><reference value="StructureDefinition/svc-practitioner"/></reference><name value="SVC Practitioner"/><description value="Container for an SVC Practitioner, which is a Practitioner authorized by the PHA to vaccinate an [SVC Patient](StructureDefinition-svc-patient.html)."/><groupingId value="_str_profile"/></resource><resource><extension url="http://hl7.org/fhir/StructureDefinition/implementationguide-page"><valueUri value="ValueSet-who-svc-disease-targeted-covid-19.html"/></extension><reference><reference value="ValueSet/who-svc-disease-targeted-covid-19"/></reference><name value="WHO Disease or Agent Targeted (COVID-19)"/><description value="WHO Disease or Agent Targeted List (COVID-19) from [ICD 11](https://icd.who.int/browse11)"/><groupingId value="_term_valueset"/></resource><resource><extension url="http://hl7.org/fhir/StructureDefinition/implementationguide-page"><valueUri value="StructureDefinition-svc-provenance.html"/></extension><reference><reference value="StructureDefinition/svc-provenance"/></reference><name value="Provenance of SVC"/><description value="Used to assert the provenance of a public health authority (PHA) over either a Paper or a Digital Smart Vaccination Certificate (SVC)."/><groupingId value="_str_profile"/></resource><resource><extension url="http://hl7.org/fhir/StructureDefinition/implementationguide-page"><valueUri value="StructureDefinition-svc-composition.html"/></extension><reference><reference value="StructureDefinition/svc-composition"/></reference><name value="SVC Composition"/><description value="Describes the logical structure for the health content contained in a SVC.  An [SVC Composition](StructureDefinition-svc-composition.html) should:&#xA; * be accessible from a SVC Registry as located via the WHO Public Key Directory for the PHA referenced in the [author](StructureDefinition-svc-composition-definitions.html#Composition.agent)."/><groupingId value="_str_profile"/></resource><resource><extension url="http://hl7.org/fhir/StructureDefinition/implementationguide-page"><valueUri value="StructureDefinition-svc-patient.html"/></extension><reference><reference value="StructureDefinition/svc-patient"/></reference><name value="SVC Patient"/><description value="Corresponds to the demographic information on the front page of the a paper Smart Vaccination Certificate (SVC)&#xA;&#xA;An SVC_Patient should:&#xA;* set the [identifier.assigner](StructureDefinition-svc-patient-definitions.html#Patient.identifier.assigner) to reference the [SVC Organization](StructureDefinition-svc-organization.html) resource associated to the PHA via the WHO Public Key Directory"/><groupingId value="_str_profile"/></resource><page><nameUrl value="toc.html"/><title value="Table of Contents"/><generation value="html"/><page><nameUrl value="index.html"/><title value="Narrative"/><generation value="html"/><page><nameUrl value="references.html"/><title value="References"/><generation value="html"/></page></page><page><nameUrl value="requirements.html"/><title value="Business Requirements"/><generation value="html"/><page><nameUrl value="concepts.html"/><title value="Concepts"/><generation value="html"/></page><page><nameUrl value="functional.html"/><title value="Functional Requirements"/><generation value="html"/></page><page><nameUrl value="personas.html"/><title value="Personas"/><generation value="html"/></page><page><nameUrl value="workflows.html"/><title value="Workflows"/><generation value="html"/></page><page><nameUrl value="usecases.html"/><title value="Use Cases"/><generation value="html"/></page><page><nameUrl value="dictionary.html"/><title value="Data Dictionary"/><generation value="html"/></page></page><page><nameUrl value="data_exchange.html"/><title value="Data Models and Exchange"/><generation value="html"/><page><nameUrl value="dependencies.html"/><title value="Dependencies"/><generation value="html"/></page><page><nameUrl value="actors.html"/><title value="Actors"/><generation value="html"/></page><page><nameUrl value="transactions.html"/><title value="Transactions"/><generation value="html"/></page><page><nameUrl value="expected_actions.html"/><title value="Expected Actions"/><generation value="html"/></page><page><nameUrl value="content_profiles.html"/><title value="Content Profiles"/><generation value="html"/></page></page><page><nameUrl value="deployment.html"/><title value="Deployment Guidance"/><generation value="html"/><page><nameUrl value="security_privacy.html"/><title value="Security and Privacy Considerations"/><generation value="html"/></page><page><nameUrl value="testing.html"/><title value="Testing"/><generation value="html"/></page><page><nameUrl value="downloads.html"/><title value="Useful Downloads"/><generation value="html"/></page></page><page><nameUrl value="artifacts.html"/><title value="Artifacts Summary"/><generation value="html"/><page><nameUrl value="StructureDefinition-SVC-LM-QR-UVCEI.html"/><title value="SVC Logical Model for UVCEI QR code"/><generation value="generated"/></page><page><nameUrl value="StructureDefinition-SVC-LM-QR-UVCI.html"/><title value="SVC Logical Model for UVCI QR code"/><generation value="generated"/></page><page><nameUrl value="Questionnaire-SVC-QR-UVCI-Questionnaire.html"/><title value="SVC QR Code Questionnaire for UVCI"/><generation value="generated"/></page><page><nameUrl value="Questionnaire-SVC-QR-UVCEI-Questionnaire.html"/><title value="SVC QR Code Questionnaire for UVCEI"/><generation value="generated"/></page><page><nameUrl value="StructureDefinition-Immunization-pre-uv-ips.html"/><title value="Immunization (IPS)"/><generation value="generated"/></page><page><nameUrl value="StructureDefinition-Patient-pre-uv-ips.html"/><title value="Patient (IPS)"/><generation value="generated"/></page><page><nameUrl value="StructureDefinition-svc-organization.html"/><title value="SVC Organization"/><generation value="generated"/></page><page><nameUrl value="StructureDefinition-SVC-QR-UVCI.html"/><title value="SVC QR Code for UVCI"/><generation value="generated"/></page><page><nameUrl value="StructureDefinition-svc-bundle.html"/><title value="SVC Bundle"/><generation value="generated"/></page><page><nameUrl value="StructureDefinition-svc-immunization.html"/><title value="SVC Immunization"/><generation value="generated"/></page><page><nameUrl value="StructureDefinition-SVC-QR-UVCEI.html"/><title value="SVC QR Code for UVCEI"/><generation value="generated"/></page><page><nameUrl value="StructureDefinition-SVC-Basic-QRCode.html"/><title value="SVC Basic based QR Code resource"/><generation value="generated"/></page><page><nameUrl value="StructureDefinition-svc-practitioner-role.html"/><title value="SVC Practitioner Role"/><generation value="generated"/></page><page><nameUrl value="StructureDefinition-svc-practitioner.html"/><title value="SVC Practitioner"/><generation value="generated"/></page><page><nameUrl value="StructureDefinition-svc-provenance.html"/><title value="Provenance of SVC"/><generation value="generated"/></page><page><nameUrl value="StructureDefinition-svc-composition.html"/><title value="SVC Composition"/><generation value="generated"/></page><page><nameUrl value="StructureDefinition-svc-patient.html"/><title value="SVC Patient"/><generation value="generated"/></page><page><nameUrl value="StructureDefinition-SVC-QRCode.html"/><title value="SVC QRCode Extension"/><generation value="generated"/></page><page><nameUrl value="ValueSet-who-svc-vaccines.html"/><title value="WHO Vaccine List"/><generation value="generated"/></page><page><nameUrl value="ValueSet-who-svc-vaccinable-conditions.html"/><title value="WHO List of Vaccinable Conditions"/><generation value="generated"/></page><page><nameUrl value="ValueSet-who-svc-vaccines-covid-19.html"/><title value="WHO Vaccine List (COVID-19)"/><generation value="generated"/></page><page><nameUrl value="ValueSet-who-svc-disease-targeted-covid-19.html"/><title value="WHO Disease or Agent Targeted (COVID-19)"/><generation value="generated"/></page><page><nameUrl value="StructureMap-svc-map-qr-uvci-bundle.html"/><generation value="generated"/></page><page><nameUrl value="ConceptMap-who-svc-map-icd11-sct-vaccines.html"/><generation value="generated"/></page><page><nameUrl value="ConceptMap-who-svc-map-icd11-sct-disease-targeted.html"/><generation value="generated"/></page><page><nameUrl value="QuestionnaireResponse-SVC-QR-UVCEI-QuestionnaireResponse-Example.html"/><generation value="generated"/></page><page><nameUrl value="Basic-svc-basic-qrcode-example.html"/><generation value="generated"/></page><page><nameUrl value="QuestionnaireResponse-SVC-QR-UVCI-QuestionnaireResponse-Example.html"/><generation value="generated"/></page></page></page><parameter><code value="path-pages"/><value value="input/pagecontent"/></parameter><parameter><code value="path-resource"/><value value="input/ips-preadopted"/></parameter><parameter><code value="path-resource"/><value value="input/resources/activitydefinition"/></parameter><parameter><code value="path-resource"/><value value="input/resources/capabilitystatement"/></parameter><parameter><code value="path-resource"/><value value="input/resources/library"/></parameter><parameter><code value="path-resource"/><value value="input/resources/measure"/></parameter><parameter><code value="path-resource"/><value value="input/resources/maps"/></parameter><parameter><code value="path-resource"/><value value="input/resources/examples"/></parameter><parameter><code value="path-resource"/><value value="input/resources/plandefinition"/></parameter><parameter><code value="path-resource"/><value value="input/resources/questionnaire"/></parameter><parameter><code value="path-resource"/><value value="input/vocabulary/codesystem"/></parameter><parameter><code value="path-resource"/><value value="input/vocabulary/valueset"/></parameter><parameter><code value="path-resource"/><value value="input/capabilities"/></parameter><parameter><code value="path-resource"/><value value="input/examples"/></parameter><parameter><code value="path-resource"/><value value="input/extensions"/></parameter><parameter><code value="path-resource"/><value value="input/models"/></parameter><parameter><code value="path-resource"/><value value="input/operations"/></parameter><parameter><code value="path-resource"/><value value="input/profiles"/></parameter><parameter><code value="path-resource"/><value value="input/resources"/></parameter><parameter><code value="path-resource"/><value value="input/vocabulary"/></parameter><parameter><code value="path-resource"/><value value="input/testing"/></parameter><parameter><code value="path-resource"/><value value="input/history"/></parameter><parameter><code value="path-resource"/><value value="fsh-generated/resources"/></parameter><parameter><code value="path-pages"/><value value="template/config"/></parameter><parameter><code value="path-pages"/><value value="input/images"/></parameter><parameter><code value="path-tx-cache"/><value value="input-cache/txcache"/></parameter></definition></ImplementationGuide>