{
  "resourceType" : "Bundle",
  "id" : "b3119079-444a-4d81-ba2a-4c7220efe4b9",
  "meta" : {
    "lastUpdated" : "2021-05-19T11:39:22.048+00:00"
  },
  "type" : "collection",
  "entry" : [{
    "fullUrl" : "https://who-int.github.io/svc/refs/heads/rc2/ValueSet/SHC-QR-Category-Usage-ValueSet",
    "resource" : {
      "resourceType" : "ValueSet",
      "id" : "SHC-QR-Category-Usage-ValueSet",
      "text" : {
        "status" : "generated",
        "div" : "<div xmlns=\"http://www.w3.org/1999/xhtml\"><p>This value set contains 4 concepts</p><p style=\"border: black 1px dotted; background-color: #EEEEEE; padding: 8px; margin-bottom: 8px\">Expansion based on <a href=\"CodeSystem-SHC-QR-Category-Usage-CodeSystem.html\">SHC QR Category Usage Codes v0.2.0 (CodeSystem)</a></p><p>All codes from system <a href=\"CodeSystem-SHC-QR-Category-Usage-CodeSystem.html\"><code>https://who-int.github.io/svc/refs/heads/rc2/CodeSystem/SHC-QR-Category-Usage-CodeSystem</code></a></p><table class=\"codes\"><tr><td style=\"white-space:nowrap\"><b>Code</b></td><td><b>Display</b></td><td><b>Definition</b></td></tr><tr><td style=\"white-space:nowrap\"><a name=\"https---who-int.github.io-svc-refs-heads-rc2-CodeSystem-SHC-QR-Category-Usage-CodeSystem-who\"> </a><a href=\"CodeSystem-SHC-QR-Category-Usage-CodeSystem.html#SHC-QR-Category-Usage-CodeSystem-who\">who</a></td><td>WHO SVC</td><td/></tr><tr><td style=\"white-space:nowrap\"><a name=\"https---who-int.github.io-svc-refs-heads-rc2-CodeSystem-SHC-QR-Category-Usage-CodeSystem-dgc\"> </a><a href=\"CodeSystem-SHC-QR-Category-Usage-CodeSystem.html#SHC-QR-Category-Usage-CodeSystem-dgc\">dgc</a></td><td>EU DGC</td><td/></tr><tr><td style=\"white-space:nowrap\"><a name=\"https---who-int.github.io-svc-refs-heads-rc2-CodeSystem-SHC-QR-Category-Usage-CodeSystem-icao\"> </a><a href=\"CodeSystem-SHC-QR-Category-Usage-CodeSystem.html#SHC-QR-Category-Usage-CodeSystem-icao\">icao</a></td><td>ICAO</td><td/></tr><tr><td style=\"white-space:nowrap\"><a name=\"https---who-int.github.io-svc-refs-heads-rc2-CodeSystem-SHC-QR-Category-Usage-CodeSystem-au\"> </a><a href=\"CodeSystem-SHC-QR-Category-Usage-CodeSystem.html#SHC-QR-Category-Usage-CodeSystem-au\">au</a></td><td>AU</td><td/></tr></table></div>"
      },
      "url" : "https://who-int.github.io/svc/refs/heads/rc2/ValueSet/SHC-QR-Category-Usage-ValueSet",
      "version" : "0.2.0",
      "name" : "SHC_QR_Category_Usage_ValueSet",
      "status" : "active",
      "date" : "2021-05-19T11:39:22+00:00",
      "publisher" : "World Health Organization (WHO)",
      "contact" : [{
        "telecom" : [{
          "system" : "url",
          "value" : "https://www.who.int"
        }]
      }],
      "description" : "Categorization of QR codes by their business usage",
      "expansion" : {
        "identifier" : "urn:uuid:3d1396f9-8f3a-47a0-87a0-8816d7fef9ab",
        "timestamp" : "2021-05-19T11:39:56+00:00",
        "total" : 4,
        "parameter" : [{
          "name" : "excludeNested",
          "valueBoolean" : false
        },
        {
          "name" : "version",
          "valueUri" : "https://who-int.github.io/svc/refs/heads/rc2/CodeSystem/SHC-QR-Category-Usage-CodeSystem|0.2.0"
        }],
        "contains" : [{
          "system" : "https://who-int.github.io/svc/refs/heads/rc2/CodeSystem/SHC-QR-Category-Usage-CodeSystem",
          "code" : "who",
          "display" : "WHO SVC"
        },
        {
          "system" : "https://who-int.github.io/svc/refs/heads/rc2/CodeSystem/SHC-QR-Category-Usage-CodeSystem",
          "code" : "dgc",
          "display" : "EU DGC"
        },
        {
          "system" : "https://who-int.github.io/svc/refs/heads/rc2/CodeSystem/SHC-QR-Category-Usage-CodeSystem",
          "code" : "icao",
          "display" : "ICAO"
        },
        {
          "system" : "https://who-int.github.io/svc/refs/heads/rc2/CodeSystem/SHC-QR-Category-Usage-CodeSystem",
          "code" : "au",
          "display" : "AU"
        }]
      }
    }
  },
  {
    "fullUrl" : "https://who-int.github.io/svc/refs/heads/rc2/ValueSet/SHC-SectionCode-ValueSet",
    "resource" : {
      "resourceType" : "ValueSet",
      "id" : "SHC-SectionCode-ValueSet",
      "text" : {
        "status" : "generated",
        "div" : "<div xmlns=\"http://www.w3.org/1999/xhtml\"><p>This value set contains 2 concepts</p><p style=\"border: black 1px dotted; background-color: #EEEEEE; padding: 8px; margin-bottom: 8px\">Expansion based on <a href=\"CodeSystem-SHC-SectionCode-CodeSystem.html\">SHC QR SectionCode Usage Codes v0.2.0 (CodeSystem)</a></p><p>All codes from system <a href=\"CodeSystem-SHC-SectionCode-CodeSystem.html\"><code>https://who-int.github.io/svc/refs/heads/rc2/CodeSystem/SHC-SectionCode-CodeSystem</code></a></p><table class=\"codes\"><tr><td style=\"white-space:nowrap\"><b>Code</b></td><td><b>Display</b></td><td><b>Definition</b></td></tr><tr><td style=\"white-space:nowrap\"><a name=\"https---who-int.github.io-svc-refs-heads-rc2-CodeSystem-SHC-SectionCode-CodeSystem-qrdoc\"> </a><a href=\"CodeSystem-SHC-SectionCode-CodeSystem.html#SHC-SectionCode-CodeSystem-qrdoc\">qrdoc</a></td><td>QR Code Document</td><td/></tr><tr><td style=\"white-space:nowrap\"><a name=\"https---who-int.github.io-svc-refs-heads-rc2-CodeSystem-SHC-SectionCode-CodeSystem-uri\"> </a><a href=\"CodeSystem-SHC-SectionCode-CodeSystem.html#SHC-SectionCode-CodeSystem-uri\">uri</a></td><td>Smart Health Certificate URI</td><td/></tr></table></div>"
      },
      "url" : "https://who-int.github.io/svc/refs/heads/rc2/ValueSet/SHC-SectionCode-ValueSet",
      "version" : "0.2.0",
      "name" : "SHC_SectionCode_ValueSet",
      "status" : "active",
      "date" : "2021-05-19T11:39:22+00:00",
      "publisher" : "World Health Organization (WHO)",
      "contact" : [{
        "telecom" : [{
          "system" : "url",
          "value" : "https://www.who.int"
        }]
      }],
      "description" : "Content section codes for Smart Health Certificates (SHC)",
      "expansion" : {
        "identifier" : "urn:uuid:f63637d2-84e1-4554-a51a-3203054810e2",
        "timestamp" : "2021-05-19T11:39:57+00:00",
        "total" : 2,
        "parameter" : [{
          "name" : "excludeNested",
          "valueBoolean" : false
        },
        {
          "name" : "version",
          "valueUri" : "https://who-int.github.io/svc/refs/heads/rc2/CodeSystem/SHC-SectionCode-CodeSystem|0.2.0"
        }],
        "contains" : [{
          "system" : "https://who-int.github.io/svc/refs/heads/rc2/CodeSystem/SHC-SectionCode-CodeSystem",
          "code" : "qrdoc",
          "display" : "QR Code Document"
        },
        {
          "system" : "https://who-int.github.io/svc/refs/heads/rc2/CodeSystem/SHC-SectionCode-CodeSystem",
          "code" : "uri",
          "display" : "Smart Health Certificate URI"
        }]
      }
    }
  },
  {
    "fullUrl" : "https://who-int.github.io/svc/refs/heads/rc2/ValueSet/SHC-QR-Format-ValueSet",
    "resource" : {
      "resourceType" : "ValueSet",
      "id" : "SHC-QR-Format-ValueSet",
      "text" : {
        "status" : "generated",
        "div" : "<div xmlns=\"http://www.w3.org/1999/xhtml\"><p>This value set contains 2 concepts</p><p style=\"border: black 1px dotted; background-color: #EEEEEE; padding: 8px; margin-bottom: 8px\">Expansion based on <a href=\"CodeSystem-SHC-QR-Format-CodeSystem.html\">SHC QR Format Codes v0.2.0 (CodeSystem)</a></p><p>All codes from system <a href=\"CodeSystem-SHC-QR-Format-CodeSystem.html\"><code>https://who-int.github.io/svc/refs/heads/rc2/CodeSystem/SHC-QR-Format-CodeSystem</code></a></p><table class=\"codes\"><tr><td style=\"white-space:nowrap\"><b>Code</b></td><td><b>Display</b></td><td><b>Definition</b></td></tr><tr><td style=\"white-space:nowrap\"><a name=\"https---who-int.github.io-svc-refs-heads-rc2-CodeSystem-SHC-QR-Format-CodeSystem-image\"> </a><a href=\"CodeSystem-SHC-QR-Format-CodeSystem.html#SHC-QR-Format-CodeSystem-image\">image</a></td><td>Image</td><td/></tr><tr><td style=\"white-space:nowrap\"><a name=\"https---who-int.github.io-svc-refs-heads-rc2-CodeSystem-SHC-QR-Format-CodeSystem-serialized\"> </a><a href=\"CodeSystem-SHC-QR-Format-CodeSystem.html#SHC-QR-Format-CodeSystem-serialized\">serialized</a></td><td>Serialized QR Content</td><td/></tr></table></div>"
      },
      "url" : "https://who-int.github.io/svc/refs/heads/rc2/ValueSet/SHC-QR-Format-ValueSet",
      "version" : "0.2.0",
      "name" : "SHC_QR_Format_ValueSet",
      "status" : "active",
      "date" : "2021-05-19T11:39:22+00:00",
      "publisher" : "World Health Organization (WHO)",
      "contact" : [{
        "telecom" : [{
          "system" : "url",
          "value" : "https://www.who.int"
        }]
      }],
      "description" : "Format of the representation of QR code",
      "expansion" : {
        "identifier" : "urn:uuid:364bbc1c-e7e3-4b23-a5a1-1f3f36d9bf8b",
        "timestamp" : "2021-05-19T11:40:00+00:00",
        "total" : 2,
        "parameter" : [{
          "name" : "excludeNested",
          "valueBoolean" : false
        },
        {
          "name" : "version",
          "valueUri" : "https://who-int.github.io/svc/refs/heads/rc2/CodeSystem/SHC-QR-Format-CodeSystem|0.2.0"
        }],
        "contains" : [{
          "system" : "https://who-int.github.io/svc/refs/heads/rc2/CodeSystem/SHC-QR-Format-CodeSystem",
          "code" : "image",
          "display" : "Image"
        },
        {
          "system" : "https://who-int.github.io/svc/refs/heads/rc2/CodeSystem/SHC-QR-Format-CodeSystem",
          "code" : "serialized",
          "display" : "Serialized QR Content"
        }]
      }
    }
  },
  {
    "fullUrl" : "https://who-int.github.io/svc/refs/heads/rc2/ValueSet/SHC-Category-ValueSet",
    "resource" : {
      "resourceType" : "ValueSet",
      "id" : "SHC-Category-ValueSet",
      "text" : {
        "status" : "generated",
        "div" : "<div xmlns=\"http://www.w3.org/1999/xhtml\"><p>This value set contains 1 concepts</p><p style=\"border: black 1px dotted; background-color: #EEEEEE; padding: 8px; margin-bottom: 8px\">Expansion based on <a href=\"CodeSystem-SHC-Category-CodeSystem.html\">SHC QR Category Usage Codes v0.2.0 (CodeSystem)</a></p><p>All codes from system <a href=\"CodeSystem-SHC-Category-CodeSystem.html\"><code>https://who-int.github.io/svc/refs/heads/rc2/CodeSystem/SHC-Category-CodeSystem</code></a></p><table class=\"codes\"><tr><td style=\"white-space:nowrap\"><b>Code</b></td><td><b>Display</b></td><td><b>Definition</b></td></tr><tr><td style=\"white-space:nowrap\"><a name=\"https---who-int.github.io-svc-refs-heads-rc2-CodeSystem-SHC-Category-CodeSystem-svc-covid19\"> </a><a href=\"CodeSystem-SHC-Category-CodeSystem.html#SHC-Category-CodeSystem-svc-covid19\">svc-covid19</a></td><td>Smart Vaccination Certificate - COVID19</td><td/></tr></table></div>"
      },
      "url" : "https://who-int.github.io/svc/refs/heads/rc2/ValueSet/SHC-Category-ValueSet",
      "version" : "0.2.0",
      "name" : "SHC_Category_ValueSet",
      "status" : "active",
      "date" : "2021-05-19T11:39:22+00:00",
      "publisher" : "World Health Organization (WHO)",
      "contact" : [{
        "telecom" : [{
          "system" : "url",
          "value" : "https://www.who.int"
        }]
      }],
      "description" : "Content categorization of Smart Health Certificates (SHC)",
      "expansion" : {
        "identifier" : "urn:uuid:3a347145-f4c9-41fb-8c3d-f84d39fadc5b",
        "timestamp" : "2021-05-19T11:40:02+00:00",
        "total" : 1,
        "parameter" : [{
          "name" : "excludeNested",
          "valueBoolean" : false
        },
        {
          "name" : "version",
          "valueUri" : "https://who-int.github.io/svc/refs/heads/rc2/CodeSystem/SHC-Category-CodeSystem|0.2.0"
        }],
        "contains" : [{
          "system" : "https://who-int.github.io/svc/refs/heads/rc2/CodeSystem/SHC-Category-CodeSystem",
          "code" : "svc-covid19",
          "display" : "Smart Vaccination Certificate - COVID19"
        }]
      }
    }
  }]
}