{
  "resourceType" : "Bundle",
  "id" : "6d00c29f-a958-476a-9a47-56be5ab259c4",
  "meta" : {
    "lastUpdated" : "2021-05-19T17:38:37.598+00:00"
  },
  "type" : "collection",
  "entry" : [{
    "fullUrl" : "https://who-int.github.io/svc/refs/heads/rc2/ValueSet/SHC-QR-Category-Usage-ValueSet",
    "resource" : {
      "resourceType" : "ValueSet",
      "id" : "SHC-QR-Category-Usage-ValueSet",
      "text" : {
        "status" : "generated",
        "div" : "<div xmlns=\"http://www.w3.org/1999/xhtml\"><p>This value set contains 4 concepts</p><p style=\"border: black 1px dotted; background-color: #EEEEEE; padding: 8px; margin-bottom: 8px\">Expansion based on <a href=\"CodeSystem-SHC-QR-Category-Usage-CodeSystem.html\">SHC QR Category Usage Codes v0.2.0 (CodeSystem)</a></p><p>All codes from system <a href=\"CodeSystem-SHC-QR-Category-Usage-CodeSystem.html\"><code>https://who-int.github.io/svc/refs/heads/rc2/CodeSystem/SHC-QR-Category-Usage-CodeSystem</code></a></p><table class=\"codes\"><tr><td style=\"white-space:nowrap\"><b>Code</b></td><td><b>Display</b></td><td><b>Definition</b></td></tr><tr><td style=\"white-space:nowrap\"><a name=\"https---who-int.github.io-svc-refs-heads-rc2-CodeSystem-SHC-QR-Category-Usage-CodeSystem-who\"> </a><a href=\"CodeSystem-SHC-QR-Category-Usage-CodeSystem.html#SHC-QR-Category-Usage-CodeSystem-who\">who</a></td><td>WHO SVC</td><td/></tr><tr><td style=\"white-space:nowrap\"><a name=\"https---who-int.github.io-svc-refs-heads-rc2-CodeSystem-SHC-QR-Category-Usage-CodeSystem-dgc\"> </a><a href=\"CodeSystem-SHC-QR-Category-Usage-CodeSystem.html#SHC-QR-Category-Usage-CodeSystem-dgc\">dgc</a></td><td>EU DGC</td><td/></tr><tr><td style=\"white-space:nowrap\"><a name=\"https---who-int.github.io-svc-refs-heads-rc2-CodeSystem-SHC-QR-Category-Usage-CodeSystem-icao\"> </a><a href=\"CodeSystem-SHC-QR-Category-Usage-CodeSystem.html#SHC-QR-Category-Usage-CodeSystem-icao\">icao</a></td><td>ICAO</td><td/></tr><tr><td style=\"white-space:nowrap\"><a name=\"https---who-int.github.io-svc-refs-heads-rc2-CodeSystem-SHC-QR-Category-Usage-CodeSystem-au\"> </a><a href=\"CodeSystem-SHC-QR-Category-Usage-CodeSystem.html#SHC-QR-Category-Usage-CodeSystem-au\">au</a></td><td>AU</td><td/></tr></table></div>"
      },
      "url" : "https://who-int.github.io/svc/refs/heads/rc2/ValueSet/SHC-QR-Category-Usage-ValueSet",
      "version" : "0.2.0",
      "name" : "SHC_QR_Category_Usage_ValueSet",
      "status" : "active",
      "date" : "2021-05-19T17:38:37+00:00",
      "publisher" : "World Health Organization (WHO)",
      "contact" : [{
        "telecom" : [{
          "system" : "url",
          "value" : "https://www.who.int"
        }]
      }],
      "description" : "Categorization of QR codes by their business usage",
      "expansion" : {
        "identifier" : "urn:uuid:0d7e2a3a-efc5-40f8-abd4-17f380f8d363",
        "timestamp" : "2021-05-19T17:39:16+00:00",
        "total" : 4,
        "parameter" : [{
          "name" : "excludeNested",
          "valueBoolean" : false
        },
        {
          "name" : "version",
          "valueUri" : "https://who-int.github.io/svc/refs/heads/rc2/CodeSystem/SHC-QR-Category-Usage-CodeSystem|0.2.0"
        }],
        "contains" : [{
          "system" : "https://who-int.github.io/svc/refs/heads/rc2/CodeSystem/SHC-QR-Category-Usage-CodeSystem",
          "code" : "who",
          "display" : "WHO SVC"
        },
        {
          "system" : "https://who-int.github.io/svc/refs/heads/rc2/CodeSystem/SHC-QR-Category-Usage-CodeSystem",
          "code" : "dgc",
          "display" : "EU DGC"
        },
        {
          "system" : "https://who-int.github.io/svc/refs/heads/rc2/CodeSystem/SHC-QR-Category-Usage-CodeSystem",
          "code" : "icao",
          "display" : "ICAO"
        },
        {
          "system" : "https://who-int.github.io/svc/refs/heads/rc2/CodeSystem/SHC-QR-Category-Usage-CodeSystem",
          "code" : "au",
          "display" : "AU"
        }]
      }
    }
  },
  {
    "fullUrl" : "https://who-int.github.io/svc/refs/heads/rc2/ValueSet/SHC-SectionCode-ValueSet",
    "resource" : {
      "resourceType" : "ValueSet",
      "id" : "SHC-SectionCode-ValueSet",
      "text" : {
        "status" : "generated",
        "div" : "<div xmlns=\"http://www.w3.org/1999/xhtml\"><p>This value set contains 2 concepts</p><p style=\"border: black 1px dotted; background-color: #EEEEEE; padding: 8px; margin-bottom: 8px\">Expansion based on <a href=\"CodeSystem-SHC-SectionCode-CodeSystem.html\">SHC QR SectionCode Usage Codes v0.2.0 (CodeSystem)</a></p><p>All codes from system <a href=\"CodeSystem-SHC-SectionCode-CodeSystem.html\"><code>https://who-int.github.io/svc/refs/heads/rc2/CodeSystem/SHC-SectionCode-CodeSystem</code></a></p><table class=\"codes\"><tr><td style=\"white-space:nowrap\"><b>Code</b></td><td><b>Display</b></td><td><b>Definition</b></td></tr><tr><td style=\"white-space:nowrap\"><a name=\"https---who-int.github.io-svc-refs-heads-rc2-CodeSystem-SHC-SectionCode-CodeSystem-qrdoc\"> </a><a href=\"CodeSystem-SHC-SectionCode-CodeSystem.html#SHC-SectionCode-CodeSystem-qrdoc\">qrdoc</a></td><td>QR Code Document</td><td/></tr><tr><td style=\"white-space:nowrap\"><a name=\"https---who-int.github.io-svc-refs-heads-rc2-CodeSystem-SHC-SectionCode-CodeSystem-uri\"> </a><a href=\"CodeSystem-SHC-SectionCode-CodeSystem.html#SHC-SectionCode-CodeSystem-uri\">uri</a></td><td>Smart Health Certificate URI</td><td/></tr></table></div>"
      },
      "url" : "https://who-int.github.io/svc/refs/heads/rc2/ValueSet/SHC-SectionCode-ValueSet",
      "version" : "0.2.0",
      "name" : "SHC_SectionCode_ValueSet",
      "status" : "active",
      "date" : "2021-05-19T17:38:37+00:00",
      "publisher" : "World Health Organization (WHO)",
      "contact" : [{
        "telecom" : [{
          "system" : "url",
          "value" : "https://www.who.int"
        }]
      }],
      "description" : "Content section codes for Smart Health Certificates (SHC)",
      "expansion" : {
        "identifier" : "urn:uuid:b61fd077-dab6-43cc-a0d9-187a98ce9b6f",
        "timestamp" : "2021-05-19T17:39:17+00:00",
        "total" : 2,
        "parameter" : [{
          "name" : "excludeNested",
          "valueBoolean" : false
        },
        {
          "name" : "version",
          "valueUri" : "https://who-int.github.io/svc/refs/heads/rc2/CodeSystem/SHC-SectionCode-CodeSystem|0.2.0"
        }],
        "contains" : [{
          "system" : "https://who-int.github.io/svc/refs/heads/rc2/CodeSystem/SHC-SectionCode-CodeSystem",
          "code" : "qrdoc",
          "display" : "QR Code Document"
        },
        {
          "system" : "https://who-int.github.io/svc/refs/heads/rc2/CodeSystem/SHC-SectionCode-CodeSystem",
          "code" : "uri",
          "display" : "Smart Health Certificate URI"
        }]
      }
    }
  },
  {
    "fullUrl" : "https://who-int.github.io/svc/refs/heads/rc2/ValueSet/SHC-QR-Format-ValueSet",
    "resource" : {
      "resourceType" : "ValueSet",
      "id" : "SHC-QR-Format-ValueSet",
      "text" : {
        "status" : "generated",
        "div" : "<div xmlns=\"http://www.w3.org/1999/xhtml\"><p>This value set contains 2 concepts</p><p style=\"border: black 1px dotted; background-color: #EEEEEE; padding: 8px; margin-bottom: 8px\">Expansion based on <a href=\"CodeSystem-SHC-QR-Format-CodeSystem.html\">SHC QR Format Codes v0.2.0 (CodeSystem)</a></p><p>All codes from system <a href=\"CodeSystem-SHC-QR-Format-CodeSystem.html\"><code>https://who-int.github.io/svc/refs/heads/rc2/CodeSystem/SHC-QR-Format-CodeSystem</code></a></p><table class=\"codes\"><tr><td style=\"white-space:nowrap\"><b>Code</b></td><td><b>Display</b></td><td><b>Definition</b></td></tr><tr><td style=\"white-space:nowrap\"><a name=\"https---who-int.github.io-svc-refs-heads-rc2-CodeSystem-SHC-QR-Format-CodeSystem-image\"> </a><a href=\"CodeSystem-SHC-QR-Format-CodeSystem.html#SHC-QR-Format-CodeSystem-image\">image</a></td><td>Image</td><td/></tr><tr><td style=\"white-space:nowrap\"><a name=\"https---who-int.github.io-svc-refs-heads-rc2-CodeSystem-SHC-QR-Format-CodeSystem-serialized\"> </a><a href=\"CodeSystem-SHC-QR-Format-CodeSystem.html#SHC-QR-Format-CodeSystem-serialized\">serialized</a></td><td>Serialized QR Content</td><td/></tr></table></div>"
      },
      "url" : "https://who-int.github.io/svc/refs/heads/rc2/ValueSet/SHC-QR-Format-ValueSet",
      "version" : "0.2.0",
      "name" : "SHC_QR_Format_ValueSet",
      "status" : "active",
      "date" : "2021-05-19T17:38:37+00:00",
      "publisher" : "World Health Organization (WHO)",
      "contact" : [{
        "telecom" : [{
          "system" : "url",
          "value" : "https://www.who.int"
        }]
      }],
      "description" : "Format of the representation of QR code",
      "expansion" : {
        "identifier" : "urn:uuid:a87d8074-8ae6-4873-a1ee-83af06001293",
        "timestamp" : "2021-05-19T17:39:19+00:00",
        "total" : 2,
        "parameter" : [{
          "name" : "excludeNested",
          "valueBoolean" : false
        },
        {
          "name" : "version",
          "valueUri" : "https://who-int.github.io/svc/refs/heads/rc2/CodeSystem/SHC-QR-Format-CodeSystem|0.2.0"
        }],
        "contains" : [{
          "system" : "https://who-int.github.io/svc/refs/heads/rc2/CodeSystem/SHC-QR-Format-CodeSystem",
          "code" : "image",
          "display" : "Image"
        },
        {
          "system" : "https://who-int.github.io/svc/refs/heads/rc2/CodeSystem/SHC-QR-Format-CodeSystem",
          "code" : "serialized",
          "display" : "Serialized QR Content"
        }]
      }
    }
  },
  {
    "fullUrl" : "https://who-int.github.io/svc/refs/heads/rc2/ValueSet/SHC-Category-ValueSet",
    "resource" : {
      "resourceType" : "ValueSet",
      "id" : "SHC-Category-ValueSet",
      "text" : {
        "status" : "generated",
        "div" : "<div xmlns=\"http://www.w3.org/1999/xhtml\"><p>This value set contains 1 concepts</p><p style=\"border: black 1px dotted; background-color: #EEEEEE; padding: 8px; margin-bottom: 8px\">Expansion based on <a href=\"CodeSystem-SHC-Category-CodeSystem.html\">SHC QR Category Usage Codes v0.2.0 (CodeSystem)</a></p><p>All codes from system <a href=\"CodeSystem-SHC-Category-CodeSystem.html\"><code>https://who-int.github.io/svc/refs/heads/rc2/CodeSystem/SHC-Category-CodeSystem</code></a></p><table class=\"codes\"><tr><td style=\"white-space:nowrap\"><b>Code</b></td><td><b>Display</b></td><td><b>Definition</b></td></tr><tr><td style=\"white-space:nowrap\"><a name=\"https---who-int.github.io-svc-refs-heads-rc2-CodeSystem-SHC-Category-CodeSystem-svc-covid19\"> </a><a href=\"CodeSystem-SHC-Category-CodeSystem.html#SHC-Category-CodeSystem-svc-covid19\">svc-covid19</a></td><td>Smart Vaccination Certificate - COVID19</td><td/></tr></table></div>"
      },
      "url" : "https://who-int.github.io/svc/refs/heads/rc2/ValueSet/SHC-Category-ValueSet",
      "version" : "0.2.0",
      "name" : "SHC_Category_ValueSet",
      "status" : "active",
      "date" : "2021-05-19T17:38:37+00:00",
      "publisher" : "World Health Organization (WHO)",
      "contact" : [{
        "telecom" : [{
          "system" : "url",
          "value" : "https://www.who.int"
        }]
      }],
      "description" : "Content categorization of Smart Health Certificates (SHC)",
      "expansion" : {
        "identifier" : "urn:uuid:c62a49b7-0fae-4566-8dc6-1ba59b6c3671",
        "timestamp" : "2021-05-19T17:39:23+00:00",
        "total" : 1,
        "parameter" : [{
          "name" : "excludeNested",
          "valueBoolean" : false
        },
        {
          "name" : "version",
          "valueUri" : "https://who-int.github.io/svc/refs/heads/rc2/CodeSystem/SHC-Category-CodeSystem|0.2.0"
        }],
        "contains" : [{
          "system" : "https://who-int.github.io/svc/refs/heads/rc2/CodeSystem/SHC-Category-CodeSystem",
          "code" : "svc-covid19",
          "display" : "Smart Vaccination Certificate - COVID19"
        }]
      }
    }
  }]
}