"Path","Slice Name","Alias(s)","Label","Min","Max","Must Support?","Is Modifier?","Is Summary?","Type(s)","Short","Definition","Comments","Requirements","Default Value","Meaning When Missing","Fixed Value","Pattern","Example","Minimum Value","Maximum Value","Maximum Length","Binding Strength","Binding Description","Binding Value Set","Code","Slicing Discriminator","Slicing Description","Slicing Ordered","Slicing Rules","Base Path","Base Min","Base Max","Condition(s)","Constraint(s)","Mapping: RIM Mapping"
"SVC_QR_UVCI","","","",0,*,"","","","","Base for all elements","SVC_QR_UVCI","","","","","","","","","",,,,,"",,,,"Element",0,*,"ele-1
","ele-1:All FHIR elements must have a @value or children {hasValue() or (children().count() > id.count())}
","n/a"
"SVC_QR_UVCI.id","","","",0,1,"","","","string {[]} {[]}
","Unique id for inter-element referencing","Unique id for the element within a resource (for internal references). This may be any string value that does not contain spaces.","","","","","","","","","",,,,,"",,,,"Element.id",0,1,"","","n/a"
"SVC_QR_UVCI.extension","","extensions
user content","",0,*,"","","","Extension {[]} {[]}
","Additional content defined by implementations","May be used to represent additional information that is not part of the basic definition of the element. To make the use of extensions safe and manageable, there is a strict set of governance  applied to the definition and use of extensions. Though any implementer can define an extension, there is a set of requirements that SHALL be met as part of the definition of the extension.","There can be no stigma associated with the use of extensions by any application, project, or standard - regardless of the institution or jurisdiction that uses or defines the extensions.  The use of extensions is what allows the FHIR specification to retain a core level of simplicity for everyone.","","","","","","","","",,,,,"","value:url}
","Extensions are always sliced by (at least) url",,"open","Element.extension",0,*,"","ele-1:All FHIR elements must have a @value or children {hasValue() or (children().count() > id.count())}
ext-1:Must have either extensions or value[x], not both {extension.exists() != value.exists()}","n/a"
"SVC_QR_UVCI.elements","","","",0,1,"","","","BackboneElement {[]} {[]}
","QR Encoded Elements of SVC UVCI","Elements of the [SVC Bundle](http://hl7.org/fhir/R4/StructureDefinition-svc-bundle.html) which are QR-Encoded","","","","","","","","","",,,,,"",,,,"SVC_QR_UVCI.elements",0,1,"",""
"SVC_QR_UVCI.elements.name","","","",0,1,"","","","string {[]} {[]}
","Name","Name of SVC holder","","","","","","","","","",,,,,"",,,,"SVC_QR_UVCI.elements.name",0,1,"",""
"SVC_QR_UVCI.elements.birthDate","","","",0,1,"","","","date {[]} {[]}
","Date of Birth","Date of birth of SVC holder","","","","","","","","","",,,,,"",,,,"SVC_QR_UVCI.elements.birthDate",0,1,"",""
"SVC_QR_UVCI.elements.patientid","","","",0,1,"","","","string {[]} {[]}
","Paper SVC Patient Identifier","Identifier of the [SVC Patient](http://hl7.org/fhir/R4/StructureDefinition-svc-patient.html) that represents the Paper SVC Card","","","","","","","","","",,,,,"",,,,"SVC_QR_UVCI.elements.patientid",0,1,"",""
"SVC_QR_UVCI.elements.paperid","","","",0,1,"","","","string {[]} {[]}
","Paper SVC Composition Identifier","Identifier of the [SVC Composition](http://hl7.org/fhir/R4/StructureDefinition-svc-composition.html) that represents the Paper SVC Card","","","","","","","","","",,,,,"",,,,"SVC_QR_UVCI.elements.paperid",0,1,"",""
"SVC_QR_UVCI.elements.digitalid","","","",0,1,"","","","string {[]} {[]}
","Digital SVC Composition Identifier","Identifier of the [SVC Composition](http://hl7.org/fhir/R4/StructureDefinition-svc-composition.html) that represents the Digital SVC Card","","","","","","","","","",,,,,"",,,,"SVC_QR_UVCI.elements.digitalid",0,1,"",""
"SVC_QR_UVCI.elements.signature","","","",0,1,"","","","string {[]} {[]}
","SVC Signature ","Signature of the [SVC Bundle](http://hl7.org/fhir/R4/StructureDefinition-svc-bundle.html) using a PHA's DSC","","","","","","","","","",,,,,"",,,,"SVC_QR_UVCI.elements.signature",0,1,"",""
