<?xml version="1.0" encoding="UTF-8"?><CodeSystem xmlns="http://hl7.org/fhir"><id value="DDCC-QR-Category-Usage-CodeSystem"/><text><status value="generated"/><div xmlns="http://www.w3.org/1999/xhtml"><p>This code system https://worldhealthorganization.github.io/ddcc/CodeSystem/DDCC-QR-Category-Usage-CodeSystem defines the following codes:</p><table class="codes"><tr><td style="white-space:nowrap"><b>Code</b></td><td><b>Display</b></td></tr><tr><td style="white-space:nowrap">who<a name="DDCC-QR-Category-Usage-CodeSystem-who"> </a></td><td>WHO SVC</td></tr><tr><td style="white-space:nowrap">dgc<a name="DDCC-QR-Category-Usage-CodeSystem-dgc"> </a></td><td>EU DGC</td></tr><tr><td style="white-space:nowrap">icao<a name="DDCC-QR-Category-Usage-CodeSystem-icao"> </a></td><td>ICAO</td></tr><tr><td style="white-space:nowrap">au<a name="DDCC-QR-Category-Usage-CodeSystem-au"> </a></td><td>AU</td></tr></table></div></text><url value="https://worldhealthorganization.github.io/ddcc/CodeSystem/DDCC-QR-Category-Usage-CodeSystem"/><version value="0.2.1"/><name value="DDCC_QR_Category_Usage_CodeSystem"/><title value="DDCC QR Category Usage Codes"/><status value="active"/><date value="2021-07-30T17:16:36+00:00"/><publisher value="World Health Organization (WHO)"/><contact><telecom><system value="url"/><value value="https://www.who.int"/></telecom></contact><description value="Possible formats available for QR usage."/><content value="complete"/><count value="4"/><concept><code value="who"/><display value="WHO SVC"/></concept><concept><code value="dgc"/><display value="EU DGC"/></concept><concept><code value="icao"/><display value="ICAO"/></concept><concept><code value="au"/><display value="AU"/></concept></CodeSystem>