<?xml version="1.0" encoding="UTF-8"?><StructureDefinition xmlns="http://hl7.org/fhir"><id value="DDCCCoreDataSetCoC"/><text><status value="extensions"/><div xmlns="http://www.w3.org/1999/xhtml"><table border="0" cellpadding="0" cellspacing="0" style="border: 0px #F0F0F0 solid; font-size: 11px; font-family: verdana; vertical-align: top;"><tr style="border: 1px #F0F0F0 solid; font-size: 11px; font-family: verdana; vertical-align: top"><th style="vertical-align: top; text-align : left; background-color: white; border: 0px #F0F0F0 solid; padding:0px 4px 0px 4px" class="hierarchy"><a href="http://hl7.org/fhir/R4/formats.html#table" title="The logical name of the element">Name</a></th><th style="vertical-align: top; text-align : left; background-color: white; border: 0px #F0F0F0 solid; padding:0px 4px 0px 4px" class="hierarchy"><a href="http://hl7.org/fhir/R4/formats.html#table" title="Information about the use of the element">Flags</a></th><th style="vertical-align: top; text-align : left; background-color: white; border: 0px #F0F0F0 solid; padding:0px 4px 0px 4px" class="hierarchy"><a href="http://hl7.org/fhir/R4/formats.html#table" title="Minimum and Maximum # of times the the element can appear in the instance">Card.</a></th><th style="width: 100px" class="hierarchy"><a href="http://hl7.org/fhir/R4/formats.html#table" title="Reference to the type of the element">Type</a></th><th style="vertical-align: top; text-align : left; background-color: white; border: 0px #F0F0F0 solid; padding:0px 4px 0px 4px" class="hierarchy"><a href="http://hl7.org/fhir/R4/formats.html#table" title="Additional information about the element">Description &amp; Constraints</a><span style="float: right"><a href="http://hl7.org/fhir/R4/formats.html#table" title="Legend for this format"><img src="http://hl7.org/fhir/R4/help16.png" alt="doco" style="background-color: inherit"/></a></span></th></tr><tr style="border: 0px #F0F0F0 solid; padding:0px; vertical-align: top; background-color: white"><td style="vertical-align: top; text-align : left; background-color: white; border: 0px #F0F0F0 solid; padding:0px 4px 0px 4px; white-space: nowrap; background-image: url(tbl_bck1.png)" class="hierarchy"><img src="tbl_spacer.png" alt="." style="background-color: inherit" class="hierarchy"/><img src="icon_element.gif" alt="." style="background-color: white; background-color: inherit" title="Element" class="hierarchy"/> <a href="StructureDefinition-DDCCCoreDataSetCoC-definitions.html#DDCCCoreDataSet">DDCCCoreDataSet</a><a name="DDCCCoreDataSet"> </a></td><td style="vertical-align: top; text-align : left; background-color: white; border: 0px #F0F0F0 solid; padding:0px 4px 0px 4px" class="hierarchy"/><td style="vertical-align: top; text-align : left; background-color: white; border: 0px #F0F0F0 solid; padding:0px 4px 0px 4px" class="hierarchy"/><td style="vertical-align: top; text-align : left; background-color: white; border: 0px #F0F0F0 solid; padding:0px 4px 0px 4px" class="hierarchy"><a href="StructureDefinition-DDCCCoreDataSetPoV.html">DDCCCoreDataSetPoV</a></td><td style="vertical-align: top; text-align : left; background-color: white; border: 0px #F0F0F0 solid; padding:0px 4px 0px 4px" class="hierarchy"/></tr>
<tr style="border: 0px #F0F0F0 solid; padding:0px; vertical-align: top; background-color: #F7F7F7"><td style="vertical-align: top; text-align : left; background-color: #F7F7F7; border: 0px #F0F0F0 solid; padding:0px 4px 0px 4px; white-space: nowrap; background-image: url(tbl_bck01.png)" class="hierarchy"><img src="tbl_spacer.png" alt="." style="background-color: inherit" class="hierarchy"/><img src="tbl_vjoin_end.png" alt="." style="background-color: inherit" class="hierarchy"/><img src="icon_element.gif" alt="." style="background-color: #F7F7F7; background-color: inherit" title="Element" class="hierarchy"/> <a href="StructureDefinition-DDCCCoreDataSetCoC-definitions.html#DDCCCoreDataSet.vaccination">vaccination</a><a name="DDCCCoreDataSet.vaccination"> </a></td><td style="vertical-align: top; text-align : left; background-color: #F7F7F7; border: 0px #F0F0F0 solid; padding:0px 4px 0px 4px" class="hierarchy"/><td style="vertical-align: top; text-align : left; background-color: #F7F7F7; border: 0px #F0F0F0 solid; padding:0px 4px 0px 4px" class="hierarchy"/><td style="vertical-align: top; text-align : left; background-color: #F7F7F7; border: 0px #F0F0F0 solid; padding:0px 4px 0px 4px" class="hierarchy"/><td style="vertical-align: top; text-align : left; background-color: #F7F7F7; border: 0px #F0F0F0 solid; padding:0px 4px 0px 4px" class="hierarchy"/></tr>
<tr style="border: 0px #F0F0F0 solid; padding:0px; vertical-align: top; background-color: white"><td style="vertical-align: top; text-align : left; background-color: white; border: 0px #F0F0F0 solid; padding:0px 4px 0px 4px; white-space: nowrap; background-image: url(tbl_bck000.png)" class="hierarchy"><img src="tbl_spacer.png" alt="." style="background-color: inherit" class="hierarchy"/><img src="tbl_blank.png" alt="." style="background-color: inherit" class="hierarchy"/><img src="tbl_vjoin_end.png" alt="." style="background-color: inherit" class="hierarchy"/><img src="icon_primitive.png" alt="." style="background-color: white; background-color: inherit" title="Primitive Data Type" class="hierarchy"/> <a href="StructureDefinition-DDCCCoreDataSetCoC-definitions.html#DDCCCoreDataSet.vaccination.centre" title="The name or identifier of the vaccination facility responsible for providing the vaccination.">centre</a><a name="DDCCCoreDataSet.vaccination.centre"> </a></td><td style="vertical-align: top; text-align : left; background-color: white; border: 0px #F0F0F0 solid; padding:0px 4px 0px 4px" class="hierarchy"/><td style="vertical-align: top; text-align : left; background-color: white; border: 0px #F0F0F0 solid; padding:0px 4px 0px 4px" class="hierarchy">1..1</td><td style="vertical-align: top; text-align : left; background-color: white; border: 0px #F0F0F0 solid; padding:0px 4px 0px 4px" class="hierarchy"><a href="http://hl7.org/fhir/R4/datatypes.html#string">string</a></td><td style="vertical-align: top; text-align : left; background-color: white; border: 0px #F0F0F0 solid; padding:0px 4px 0px 4px" class="hierarchy">Administering centre</td></tr>
<tr><td colspan="5" class="hierarchy"><br/><a href="http://hl7.org/fhir/R4/formats.html#table" title="Legend for this format"><img src="http://hl7.org/fhir/R4/help16.png" alt="doco" style="background-color: inherit"/> Documentation for this format</a></td></tr></table></div></text><url value="http://worldhealthorganization.github.io/ddcc/DDCCCoreDataSetCoC"/><version value="0.2.1"/><name value="DDCCCoreDataSetCoC"/><status value="draft"/><date value="2021-07-30T11:24:17+00:00"/><publisher value="World Health Organization (WHO)"/><contact><telecom><system value="url"/><value value="https://www.who.int"/></telecom></contact><description value="DDCC Core Data - Continuity of Care elements."/><fhirVersion value="4.0.1"/><mapping><identity value="rim"/><uri value="http://hl7.org/v3"/><name value="RIM Mapping"/></mapping><kind value="logical"/><abstract value="false"/><type value="DDCCCoreDataSet"/><baseDefinition value="http://worldhealthorganization.github.io/ddcc/DDCCCoreDataSetPoV"/><derivation value="specialization"/><snapshot><element id="DDCCCoreDataSet"><path value="DDCCCoreDataSet"/><short value="Base for all elements"/><definition value="DDCC Core Data Set"/><min value="0"/><max value="*"/><base><path value="Element"/><min value="0"/><max value="*"/></base><condition value="ele-1"/><constraint><key value="ele-1"/><severity value="error"/><human value="All FHIR elements must have a @value or children"/><expression value="hasValue() or (children().count() &gt; id.count())"/><xpath value="@value|f:*|h:div"/><source value="http://hl7.org/fhir/StructureDefinition/Element"/></constraint><isModifier value="false"/><mapping><identity value="rim"/><map value="n/a"/></mapping></element><element id="DDCCCoreDataSet.id"><path value="DDCCCoreDataSet.id"/><representation value="xmlAttr"/><short value="Unique id for inter-element referencing"/><definition value="Unique id for the element within a resource (for internal references). This may be any string value that does not contain spaces."/><min value="0"/><max value="1"/><base><path value="Element.id"/><min value="0"/><max value="1"/></base><type><extension url="http://hl7.org/fhir/StructureDefinition/structuredefinition-fhir-type"><valueUrl value="string"/></extension><code value="http://hl7.org/fhirpath/System.String"/></type><isModifier value="false"/><isSummary value="false"/><mapping><identity value="rim"/><map value="n/a"/></mapping></element><element id="DDCCCoreDataSet.extension"><path value="DDCCCoreDataSet.extension"/><slicing><discriminator><type value="value"/><path value="url"/></discriminator><description value="Extensions are always sliced by (at least) url"/><rules value="open"/></slicing><short value="Additional content defined by implementations"/><definition value="May be used to represent additional information that is not part of the basic definition of the element. To make the use of extensions safe and manageable, there is a strict set of governance  applied to the definition and use of extensions. Though any implementer can define an extension, there is a set of requirements that SHALL be met as part of the definition of the extension."/><comment value="There can be no stigma associated with the use of extensions by any application, project, or standard - regardless of the institution or jurisdiction that uses or defines the extensions.  The use of extensions is what allows the FHIR specification to retain a core level of simplicity for everyone."/><alias value="extensions"/><alias value="user content"/><min value="0"/><max value="*"/><base><path value="Element.extension"/><min value="0"/><max value="*"/></base><type><code value="Extension"/></type><constraint><key value="ele-1"/><severity value="error"/><human value="All FHIR elements must have a @value or children"/><expression value="hasValue() or (children().count() &gt; id.count())"/><xpath value="@value|f:*|h:div"/><source value="http://hl7.org/fhir/StructureDefinition/Element"/></constraint><constraint><key value="ext-1"/><severity value="error"/><human value="Must have either extensions or value[x], not both"/><expression value="extension.exists() != value.exists()"/><xpath value="exists(f:extension)!=exists(f:*[starts-with(local-name(.), &quot;value&quot;)])"/><source value="http://hl7.org/fhir/StructureDefinition/Extension"/></constraint><isModifier value="false"/><isSummary value="false"/><mapping><identity value="rim"/><map value="n/a"/></mapping></element><element id="DDCCCoreDataSet.name"><path value="DDCCCoreDataSet.name"/><short value="Name"/><definition value="The full name of the vaccinated person"/><min value="1"/><max value="1"/><base><path value="DDCCCoreDataSet.name"/><min value="1"/><max value="1"/></base><type><code value="string"/></type></element><element id="DDCCCoreDataSet.birthDate"><path value="DDCCCoreDataSet.birthDate"/><short value="Date of birth"/><definition value="The vaccinated person&#39;s date of birth (DOB) if known. If unknown, use given DOB for administrative purposes."/><min value="0"/><max value="1"/><base><path value="DDCCCoreDataSet.birthDate"/><min value="0"/><max value="1"/></base><type><code value="date"/></type></element><element id="DDCCCoreDataSet.identifier"><path value="DDCCCoreDataSet.identifier"/><short value="Unique identifier"/><definition value="Unique identifier for the vaccinated person, according to the policies applicable to each country. There can be more than one unique identifier used to link records. (e.g. national ID, health ID, immunization information system ID, medical record ID)."/><min value="0"/><max value="1"/><base><path value="DDCCCoreDataSet.identifier"/><min value="0"/><max value="1"/></base><type><code value="Identifier"/></type></element><element id="DDCCCoreDataSet.sex"><path value="DDCCCoreDataSet.sex"/><short value="Sex"/><definition value="Documentation of a specific instance of sex information for the vaccinated person."/><min value="0"/><max value="1"/><base><path value="DDCCCoreDataSet.sex"/><min value="0"/><max value="1"/></base><type><code value="Coding"/></type><binding><strength value="required"/><valueSet value="http://hl7.org/fhir/ValueSet/administrative-gender"/></binding></element><element id="DDCCCoreDataSet.vaccination"><path value="DDCCCoreDataSet.vaccination"/><short value="Vaccination Event"/><definition value="A vaccination event"/><min value="0"/><max value="*"/><base><path value="DDCCCoreDataSet.vaccination"/><min value="0"/><max value="*"/></base><type><code value="BackboneElement"/></type><constraint><key value="who-ddcc-data-1"/><severity value="error"/><human value="Manufacturer or Marketer SHALL be present"/><expression value="manufacturer.exists() or marketer.exists()"/></constraint></element><element id="DDCCCoreDataSet.vaccination.vaccine"><path value="DDCCCoreDataSet.vaccination.vaccine"/><short value="Vaccine or prophylaxis"/><definition value="Generic description of the vaccine or vaccine sub-type. e.g. COVID-19 mRNA vaccine, HPV vaccine."/><min value="1"/><max value="1"/><base><path value="DDCCCoreDataSet.vaccination.vaccine"/><min value="1"/><max value="1"/></base><type><code value="Coding"/></type><binding><strength value="preferred"/><valueSet value="https://worldhealthorganization.github.io/ddcc/ValueSet/who-ddcc-vaccines-covid-19"/></binding></element><element id="DDCCCoreDataSet.vaccination.brand"><path value="DDCCCoreDataSet.vaccination.brand"/><short value="Vaccine brand"/><definition value="The brand or trade name used to refer to the vaccine received."/><min value="1"/><max value="1"/><base><path value="DDCCCoreDataSet.vaccination.brand"/><min value="1"/><max value="1"/></base><type><code value="Coding"/></type></element><element id="DDCCCoreDataSet.vaccination.manufacturer"><path value="DDCCCoreDataSet.vaccination.manufacturer"/><short value="Vaccine manufacturer"/><definition value="Name of the manufacturer of the vaccine received. e.g. Serum institute of India, AstraZeneca. If vaccine manufacturer is unknown, market authorization holder is REQUIRED."/><min value="0"/><max value="1"/><base><path value="DDCCCoreDataSet.vaccination.manufacturer"/><min value="0"/><max value="1"/></base><type><code value="Coding"/></type></element><element id="DDCCCoreDataSet.vaccination.marketer"><path value="DDCCCoreDataSet.vaccination.marketer"/><short value="Vaccine market authorization holder"/><definition value="Name of the market authorization holder of the vaccine received. If market authorization holder is unknown, vaccine manufacturer is REQUIRED."/><min value="0"/><max value="1"/><base><path value="DDCCCoreDataSet.vaccination.marketer"/><min value="0"/><max value="1"/></base><type><code value="Coding"/></type></element><element id="DDCCCoreDataSet.vaccination.lot"><path value="DDCCCoreDataSet.vaccination.lot"/><short value="Vaccine lot number"/><definition value="Lot number or batch number of vaccination."/><min value="1"/><max value="1"/><base><path value="DDCCCoreDataSet.vaccination.lot"/><min value="1"/><max value="1"/></base><type><code value="string"/></type></element><element id="DDCCCoreDataSet.vaccination.date"><path value="DDCCCoreDataSet.vaccination.date"/><short value="Date of vaccination"/><definition value="Date in which the vaccine was provided."/><min value="1"/><max value="1"/><base><path value="DDCCCoreDataSet.vaccination.date"/><min value="1"/><max value="1"/></base><type><code value="date"/></type></element><element id="DDCCCoreDataSet.vaccination.valid-from"><path value="DDCCCoreDataSet.vaccination.valid_from"/><short value="Vaccination valid from"/><definition value="Date upon which provided vaccination is considered valid."/><min value="0"/><max value="1"/><base><path value="DDCCCoreDataSet.vaccination.valid_from"/><min value="0"/><max value="1"/></base><type><code value="date"/></type></element><element id="DDCCCoreDataSet.vaccination.dose"><path value="DDCCCoreDataSet.vaccination.dose"/><short value="Dose number"/><definition value="Vaccine dose number."/><min value="1"/><max value="1"/><base><path value="DDCCCoreDataSet.vaccination.dose"/><min value="1"/><max value="1"/></base><type><code value="positiveInt"/></type></element><element id="DDCCCoreDataSet.vaccination.totalDoses"><path value="DDCCCoreDataSet.vaccination.totalDoses"/><short value="Total doses"/><definition value="Total expected doses as defined by Member State care plan and immunization programme policies."/><min value="0"/><max value="1"/><base><path value="DDCCCoreDataSet.vaccination.totalDoses"/><min value="0"/><max value="1"/></base><type><code value="positiveInt"/></type></element><element id="DDCCCoreDataSet.vaccination.country"><path value="DDCCCoreDataSet.vaccination.country"/><short value="Country of vaccination"/><definition value="The country in which the individual has been vaccinated."/><min value="1"/><max value="1"/><base><path value="DDCCCoreDataSet.vaccination.country"/><min value="1"/><max value="1"/></base><type><code value="Coding"/></type><binding><strength value="preferred"/><valueSet value="http://hl7.org/fhir/ValueSet/iso3166-1-3"/></binding></element><element id="DDCCCoreDataSet.vaccination.centre"><path value="DDCCCoreDataSet.vaccination.centre"/><short value="Administering centre"/><definition value="The name or identifier of the vaccination facility responsible for providing the vaccination."/><min value="1"/><max value="1"/><base><path value="DDCCCoreDataSet.vaccination.centre"/><min value="0"/><max value="1"/></base><type><code value="string"/></type></element><element id="DDCCCoreDataSet.vaccination.signature"><path value="DDCCCoreDataSet.vaccination.signature"/><short value="Signature of health worker"/><definition value="REQUIRED for PAPER vaccination certificates ONLY. The health worker who provided the vaccination or the supervising clinician&#39;s hand-written signature."/><min value="0"/><max value="1"/><base><path value="DDCCCoreDataSet.vaccination.signature"/><min value="0"/><max value="1"/></base><type><code value="Signature"/></type></element><element id="DDCCCoreDataSet.vaccination.practitioner"><path value="DDCCCoreDataSet.vaccination.practitioner"/><short value="Health worker identifier"/><definition value="OPTIONAL for DIGITAL and PAPER vaccination certificates. The unique identifier for the health worker as determined by the member state. There can be more than one unique identifier used. (e.g. system generated ID, health profession number, cryptographic signature, or any other form of health worker unique identifier). This can be used in lieu of a paper-based signature."/><min value="0"/><max value="1"/><base><path value="DDCCCoreDataSet.vaccination.practitioner"/><min value="0"/><max value="1"/></base><type><code value="Identifier"/></type></element><element id="DDCCCoreDataSet.vaccination.disease"><path value="DDCCCoreDataSet.vaccination.disease"/><short value="Disease or agent targeted"/><definition value="Name of disease vaccinated against (such as COVID-19)."/><min value="0"/><max value="1"/><base><path value="DDCCCoreDataSet.vaccination.disease"/><min value="0"/><max value="1"/></base><type><code value="Coding"/></type><binding><strength value="preferred"/><valueSet value="https://worldhealthorganization.github.io/ddcc/ValueSet/who-ddcc-disease-targeted-covid-19"/></binding></element><element id="DDCCCoreDataSet.vaccination.nextDose"><path value="DDCCCoreDataSet.vaccination.nextDose"/><short value="Due date of next dose"/><definition value="Date on which the next vaccination should be administered, if a next dose is REQUIRED."/><min value="0"/><max value="1"/><base><path value="DDCCCoreDataSet.vaccination.nextDose"/><min value="0"/><max value="1"/></base><type><code value="date"/></type></element><element id="DDCCCoreDataSet.vaccination.period"><path value="DDCCCoreDataSet.vaccination.period"/><short value="Certificate Validity Period"/><min value="0"/><max value="1"/><base><path value="DDCCCoreDataSet.vaccination.period"/><min value="0"/><max value="1"/></base><type><code value="Period"/></type></element><element id="DDCCCoreDataSet.vaccination.period.start"><path value="DDCCCoreDataSet.vaccination.period.start"/><short value="Certificate valid from"/><min value="0"/><max value="1"/><base><path value="DDCCCoreDataSet.vaccination.period.start"/><min value="0"/><max value="1"/></base><type><code value="date"/></type></element><element id="DDCCCoreDataSet.vaccination.period.end"><path value="DDCCCoreDataSet.vaccination.period.end"/><short value="Certificate valid until"/><min value="0"/><max value="1"/><base><path value="DDCCCoreDataSet.vaccination.period.end"/><min value="0"/><max value="1"/></base><type><code value="date"/></type></element><element id="DDCCCoreDataSet.certificate"><path value="DDCCCoreDataSet.certificate"/><short value="Certificate Metadata"/><definition value="Metadata associated with the certificate."/><min value="0"/><max value="1"/><base><path value="DDCCCoreDataSet.certificate"/><min value="0"/><max value="1"/></base><type><code value="BackboneElement"/></type></element><element id="DDCCCoreDataSet.certificate.issuer"><path value="DDCCCoreDataSet.certificate.issuer"/><short value="Certificate issuer"/><min value="1"/><max value="1"/><base><path value="DDCCCoreDataSet.certificate.issuer"/><min value="1"/><max value="1"/></base><type><code value="Reference"/><targetProfile value="https://worldhealthorganization.github.io/ddcc/StructureDefinition/shc-organization"/></type></element><element id="DDCCCoreDataSet.certificate.hcid"><path value="DDCCCoreDataSet.certificate.hcid"/><short value="Health certificate identifier (HCID)"/><min value="1"/><max value="1"/><base><path value="DDCCCoreDataSet.certificate.hcid"/><min value="1"/><max value="1"/></base><type><code value="Identifier"/></type></element><element id="DDCCCoreDataSet.certificate.version"><path value="DDCCCoreDataSet.certificate.version"/><short value="Certificate schema version"/><min value="1"/><max value="1"/><base><path value="DDCCCoreDataSet.certificate.version"/><min value="1"/><max value="1"/></base><type><code value="string"/></type></element></snapshot><differential><element id="DDCCCoreDataSet.vaccination.centre"><path value="DDCCCoreDataSet.vaccination.centre"/><short value="Administering centre"/><definition value="The name or identifier of the vaccination facility responsible for providing the vaccination."/><min value="1"/><max value="1"/><type><code value="string"/></type></element></differential></StructureDefinition>