<?xml version="1.0" encoding="UTF-8"?><ValueSet xmlns="http://hl7.org/fhir"><id value="who-svc-vaccinable-confitions"/><text><status value="generated"/><div xmlns="http://www.w3.org/1999/xhtml"><p>This value set includes codes based on the following rules:</p><ul/></div></text><url value="http://fhir.org/guides/who/svc-rc1/ValueSet/who-svc-vaccinable-confitions"/><version value="0.2.0"/><name value="WHO_SVC_Vaccinable_Conditions"/><title value="WHO List of Vaccinable Conditions"/><status value="draft"/><date value="2021-03-18T21:37:02+00:00"/><publisher value="World Health Organization (WHO)"/><contact><telecom><system value="url"/><value value="https://www.who.int"/></telecom></contact><description value="The WHO Vaccinable Conditions List from [ICD 11](https://icd.who.int/browse11) is used by:&#xA; *  the [SVC Immunization](StructureDefinition-svc-immunization.html) &#xA;"/></ValueSet>