<?xml version="1.0" encoding="UTF-8"?><ValueSet xmlns="http://hl7.org/fhir"><id value="DDCC-QR-Format-ValueSet"/><text><status value="generated"/><div xmlns="http://www.w3.org/1999/xhtml"><ul><li>Include all codes defined in <a href="CodeSystem-DDCC-QR-Format-CodeSystem.html"><code>https://worldhealthorganization.github.io/ddcc/CodeSystem/DDCC-QR-Format-CodeSystem</code></a></li></ul></div></text><url value="https://worldhealthorganization.github.io/ddcc/ValueSet/DDCC-QR-Format-ValueSet"/><version value="0.2.1"/><name value="DDCC_QR_Format_ValueSet"/><status value="active"/><date value="2021-07-29T16:29:48+00:00"/><publisher value="World Health Organization (WHO)"/><contact><telecom><system value="url"/><value value="https://www.who.int"/></telecom></contact><description value="Format of the representation of QR code"/><compose><include><system value="https://worldhealthorganization.github.io/ddcc/CodeSystem/DDCC-QR-Format-CodeSystem"/></include></compose></ValueSet>