{
  "resourceType": "CodeSystem",
  "id": "SHC-Category-CodeSystem",
  "text": {
    "status": "generated",
    "div": "<div xmlns=\"http://www.w3.org/1999/xhtml\"><p>This code system https://who-int.github.io/svc/refs/heads/rc2/CodeSystem/SHC-Category-CodeSystem defines the following codes:</p><table class=\"codes\"><tr><td style=\"white-space:nowrap\"><b>Code</b></td><td><b>Display</b></td></tr><tr><td style=\"white-space:nowrap\">svc-covid19<a name=\"SHC-Category-CodeSystem-svc-covid19\"> </a></td><td>Smart Vaccination Certificate - COVID19</td></tr></table></div>"
  },
  "url": "https://who-int.github.io/svc/refs/heads/rc2/CodeSystem/SHC-Category-CodeSystem",
  "version": "0.2.0",
  "name": "SHC_Category_CodeSystem",
  "title": "SHC QR Category Usage Codes",
  "status": "active",
  "date": "2021-05-13T02:07:21+00:00",
  "publisher": "World Health Organization (WHO)",
  "contact": [
    {
      "telecom": [
        {
          "system": "url",
          "value": "https://www.who.int"
        }
      ]
    }
  ],
  "description": "Categorization of Smart Health Certificates",
  "content": "complete",
  "count": 1,
  "concept": [
    {
      "code": "svc-covid19",
      "display": "Smart Vaccination Certificate - COVID19"
    }
  ]
}