{
  "resourceType": "Immunization",
  "id": "SVC-Immunization-French",
  "meta": {
    "profile": [
      "https://who-int.github.io/svc/refs/heads/rc2/StructureDefinition/svc-immunization"
    ]
  },
  "text": {
    "status": "generated",
    "div": "<div xmlns=\"http://www.w3.org/1999/xhtml\"><p><b>Generated Narrative</b></p><p><b>identifier</b>: id: 123</p><p><b>status</b>: completed</p><p><b>vaccineCode</b>: <span title=\"Codes: {urn:EXAMPLE-who-:smart:vaccine-certificate:RC1:coding XM0CX4}\">XM0CX4</span></p><p><b>patient</b>: <a href=\"SHC-Patient-Example-French\">SHC-Patient-Example-French</a></p><p><b>occurrence</b>: 2021-02-02</p><p><b>lotNumber</b>: 123</p><p><b>expirationDate</b>: 2021-06-30</p><h3>Performers</h3><table class=\"grid\"><tr><td>-</td><td><b>Actor</b></td></tr><tr><td>*</td><td><a href=\"Organization-SHC-Organization-French.html\">Generated Summary: name: Hôpital du gouvernement</a></td></tr></table><h3>ProtocolApplieds</h3><table class=\"grid\"><tr><td>-</td><td><b>Authority</b></td><td><b>TargetDisease</b></td><td><b>DoseNumber[x]</b></td><td><b>SeriesDoses[x]</b></td></tr><tr><td>*</td><td><a href=\"Organization-SHC-Organization-French.html\">Generated Summary: name: Hôpital du gouvernement</a></td><td><span title=\"Codes: {http://id.who.int/icd11/mms RA01.0}\">RA01.0</span></td><td>1</td><td>2</td></tr></table></div>"
  },
  "identifier": [
    {
      "system": "https://who-int.github.io/svc/refs/heads/rc2/test_system",
      "value": "123"
    }
  ],
  "status": "completed",
  "vaccineCode": {
    "coding": [
      {
        "system": "urn:EXAMPLE-who-:smart:vaccine-certificate:RC1:coding",
        "code": "XM0CX4"
      }
    ]
  },
  "patient": {
    "reference": "SHC-Patient-Example-French"
  },
  "occurrenceDateTime": "2021-02-02",
  "lotNumber": "123",
  "expirationDate": "2021-06-30",
  "performer": [
    {
      "actor": {
        "reference": "Organization/SHC-Organization-French"
      }
    }
  ],
  "protocolApplied": [
    {
      "authority": {
        "reference": "Organization/SHC-Organization-French"
      },
      "targetDisease": [
        {
          "coding": [
            {
              "system": "http://id.who.int/icd11/mms",
              "code": "RA01.0"
            }
          ]
        }
      ],
      "doseNumberPositiveInt": 1,
      "seriesDosesPositiveInt": 2
    }
  ]
}