[
  {
    "id": "fhir.who.svc-rc1",
    "type": "ImplementationGuide",
    "url": "http://fhir.org/guides/who/svc-rc1/ImplementationGuide/fhir.who.svc-rc1",
    "version": "0.2.0",
    "name": "SVC_RC1"
  },
  {
    "id": "svc-bundle",
    "type": "StructureDefinition",
    "url": "http://fhir.org/guides/who/svc-rc1/StructureDefinition/svc-bundle",
    "version": "0.2.0",
    "name": "SVC_Bundle"
  },
  {
    "id": "svc-bundle-new",
    "type": "StructureDefinition",
    "url": "http://fhir.org/guides/who/svc-rc1/StructureDefinition/svc-bundle-new",
    "version": "0.2.0",
    "name": "SVC_Bundle_New"
  },
  {
    "id": "svc-bundle-updated",
    "type": "StructureDefinition",
    "url": "http://fhir.org/guides/who/svc-rc1/StructureDefinition/svc-bundle-updated",
    "version": "0.2.0",
    "name": "SVC_Bundle_Updated"
  },
  {
    "id": "svc-composition",
    "type": "StructureDefinition",
    "url": "http://fhir.org/guides/who/svc-rc1/StructureDefinition/svc-composition",
    "version": "0.2.0",
    "name": "SVC_Composition"
  },
  {
    "id": "svc-composition-new",
    "type": "StructureDefinition",
    "url": "http://fhir.org/guides/who/svc-rc1/StructureDefinition/svc-composition-new",
    "version": "0.2.0",
    "name": "SVC_Composition_New"
  },
  {
    "id": "svc-composition-updated",
    "type": "StructureDefinition",
    "url": "http://fhir.org/guides/who/svc-rc1/StructureDefinition/svc-composition-updated",
    "version": "0.2.0",
    "name": "SVC_Composition_Updated"
  },
  {
    "id": "svc-immunization",
    "type": "StructureDefinition",
    "url": "http://fhir.org/guides/who/svc-rc1/StructureDefinition/svc-immunization",
    "version": "0.2.0",
    "name": "SVC_Immunization"
  },
  {
    "id": "svc-organization",
    "type": "StructureDefinition",
    "url": "http://fhir.org/guides/who/svc-rc1/StructureDefinition/svc-organization",
    "version": "0.2.0",
    "name": "SVC_Organization"
  },
  {
    "id": "svc-patient",
    "type": "StructureDefinition",
    "url": "http://fhir.org/guides/who/svc-rc1/StructureDefinition/svc-patient",
    "version": "0.2.0",
    "name": "SVC_Patient"
  },
  {
    "id": "svc-patient-new",
    "type": "StructureDefinition",
    "url": "http://fhir.org/guides/who/svc-rc1/StructureDefinition/svc-patient-new",
    "version": "0.2.0",
    "name": "SVC_Patient_New"
  },
  {
    "id": "svc-patient-updated",
    "type": "StructureDefinition",
    "url": "http://fhir.org/guides/who/svc-rc1/StructureDefinition/svc-patient-updated",
    "version": "0.2.0",
    "name": "SVC_Patient_Updated"
  },
  {
    "id": "svc-practitioner",
    "type": "StructureDefinition",
    "url": "http://fhir.org/guides/who/svc-rc1/StructureDefinition/svc-practitioner",
    "version": "0.2.0",
    "name": "SVC_Practitioner"
  },
  {
    "id": "svc-provenance",
    "type": "StructureDefinition",
    "url": "http://fhir.org/guides/who/svc-rc1/StructureDefinition/svc-provenance",
    "version": "0.2.0",
    "name": "SVC_Provenance"
  },
  {
    "id": "svc-provenance-digital",
    "type": "StructureDefinition",
    "url": "http://fhir.org/guides/who/svc-rc1/StructureDefinition/svc-provenance-digital",
    "version": "0.2.0",
    "name": "SVC_Provenance_Digital"
  },
  {
    "id": "svc-provenance-digital-new",
    "type": "StructureDefinition",
    "url": "http://fhir.org/guides/who/svc-rc1/StructureDefinition/svc-provenance-digital-new",
    "version": "0.2.0",
    "name": "SVC_Provenance_Digital_New"
  },
  {
    "id": "svc-provenance-digital-updated",
    "type": "StructureDefinition",
    "url": "http://fhir.org/guides/who/svc-rc1/StructureDefinition/svc-provenance-digital-updated",
    "version": "0.2.0",
    "name": "SVC_Provenance_Digital_Updated"
  },
  {
    "id": "svc-provenance-paper",
    "type": "StructureDefinition",
    "url": "http://fhir.org/guides/who/svc-rc1/StructureDefinition/svc-provenance-paper",
    "version": "0.2.0",
    "name": "SVC_Provenance_Paper"
  },
  {
    "id": "who-svc-vaccines",
    "type": "ValueSet",
    "url": "http://fhir.org/guides/who/svc-rc1/ValueSet/who-svc-vaccines",
    "version": "0.2.0",
    "name": "WHO_SVC_Vaccines"
  },
  {
    "id": "who-svc-vaccines-covid-19",
    "type": "ValueSet",
    "url": "http://fhir.org/guides/who/svc-rc1/ValueSet/who-svc-vaccines-covid-19",
    "version": "0.2.0",
    "name": "WHO_SVC_Vaccines_COVID_19"
  }
]