{
  "resourceType": "ConceptMap",
  "id": "who-ddcc-map-icd11-sct-disease-targeted",
  "text": {
    "status": "extensions",
    "div": "<div xmlns=\"http://www.w3.org/1999/xhtml\"><h2>ICD_11_SNOMED_CT_COVID19_Disease (http://worldhealthorganization.github.io/ddcc/ConceptMap/WHO_DDCC_Map_ICD11_to_SCT_Disease_Targeted)</h2><p>Mapping from http://id.who.int/icd11/mms to <a href=\"http://terminology.hl7.org/2.1.0/CodeSystem-v3-snomed-CT.html\">http://snomed.info/sct</a></p><p>DRAFT (not intended for production usage). Published on 2021-04-23 by World Health Organization (WHO) (<a href=\"https://www.who.int\">https://www.who.int</a>). </p><div><p>Rule-based mappings between ICD-11 and SNOMED CT for COVID-19 Disease or Agent Targeted</p>\n</div><br/><table class=\"grid\"><tr><td><b>Source Code</b></td><td><b>Relationship</b></td><td><b>Destination Code</b></td></tr><tr><td>RA01</td><td><a href=\"http://hl7.org/fhir/R4/codesystem-concept-map-equivalence.html#equivalent\">is equivalent to</a></td><td>840539006</td></tr></table></div>"
  },
  "url": "http://worldhealthorganization.github.io/ddcc/ConceptMap/WHO_DDCC_Map_ICD11_to_SCT_Disease_Targeted",
  "version": "0.2.1",
  "name": "ICD_11_SNOMED_CT_COVID19_Disease",
  "title": "ConceptMap from ICD-11 to SNOMED CT for Disease or Agent Targeted",
  "status": "draft",
  "experimental": true,
  "date": "2021-04-23",
  "publisher": "World Health Organization (WHO)",
  "contact": [
    {
      "telecom": [
        {
          "system": "url",
          "value": "https://www.who.int"
        }
      ]
    }
  ],
  "description": "Rule-based mappings between ICD-11 and SNOMED CT for COVID-19 Disease or Agent Targeted",
  "sourceCanonical": "http://id.who.int/icd11/mms",
  "targetCanonical": "http://snomed.info/sct",
  "group": [
    {
      "source": "http://id.who.int/icd11/mms",
      "target": "http://snomed.info/sct",
      "element": [
        {
          "code": "RA01",
          "target": [
            {
              "code": "840539006",
              "equivalence": "equivalent"
            }
          ]
        }
      ]
    }
  ]
}