<?xml version="1.0" encoding="UTF-8"?>

<Immunization xmlns="http://hl7.org/fhir">
  <id value="DDCC-Immunization-Chinese"/>
  <meta>
    <profile value="http://worldhealthorganization.github.io/ddcc/StructureDefinition/DDCCImmunization"/>
  </meta>
  <text>
    <status value="extensions"/><div xmlns="http://www.w3.org/1999/xhtml"><p><b>Generated Narrative</b></p><p><b>DDCC Vaccine Brand for Immunization</b>: <span title="{http://worldhealthorganization.github.io/ddcc/CodeSystem/DDCC-Example-Test-CodeSystem TEST}">Test</span></p><p><b>DDCC Country Of Vaccination for Immunization</b>: CHN</p><p><b>status</b>: completed</p><p><b>vaccineCode</b>: <span title="Codes: {http://id.who.int/icd11/mms XM0CX4}">COVID-19 vaccine, replicating viral vector</span></p><p><b>patient</b>: <a href="Patient-DDCC-Patient-Chinese.html">Generated Summary: 奥卢斯·阿杰里乌斯(OFFICIAL); birthDate: 2003-03-03</a></p><p><b>occurrence</b>: 2021-02-02</p><p><b>location</b>: <span>疫苗接种现场</span></p><p><b>lotNumber</b>: 123</p><p><b>expirationDate</b>: 2021-06-30</p><h3>Performers</h3><table class="grid"><tr><td>-</td><td><b>Actor</b></td></tr><tr><td>*</td><td><a href="Organization-DDCC-Organization-Chinese.html">Generated Summary: name: 政府医院</a></td></tr></table><h3>ProtocolApplieds</h3><table class="grid"><tr><td>-</td><td><b>Authority</b></td><td><b>TargetDisease</b></td><td><b>DoseNumber[x]</b></td><td><b>SeriesDoses[x]</b></td></tr><tr><td>*</td><td><a href="Organization-DDCC-Organization-Chinese.html">Generated Summary: name: 政府医院</a></td><td><span title="Codes: {http://id.who.int/icd11/mms RA01}">COVID-19</span></td><td>1</td><td>2</td></tr></table></div>
  </text>
  <extension url="http://worldhealthorganization.github.io/ddcc/StructureDefinition/DDCCVaccineBrand">
    <valueCoding>
      <system value="http://worldhealthorganization.github.io/ddcc/CodeSystem/DDCC-Example-Test-CodeSystem"/>
      <code value="TEST"/>
    </valueCoding>
  </extension>
  <extension url="http://worldhealthorganization.github.io/ddcc/StructureDefinition/DDCCCountryOfVaccination">
    <valueCode value="CHN"/>
  </extension>
  <status value="completed"/>
  <vaccineCode>
    <coding>
      <system value="http://id.who.int/icd11/mms"/>
      <code value="XM0CX4"/>
      <display value="COVID-19 vaccine, replicating viral vector"/>
    </coding>
  </vaccineCode>
  <patient>
    <reference value="Patient/DDCC-Patient-Chinese"/>
  </patient>
  <occurrenceDateTime value="2021-02-02"/>
  <location>
    <display value="&#x75AB;&#x82D7;&#x63A5;&#x79CD;&#x73B0;&#x573A;"/>
  </location>
  <lotNumber value="123"/>
  <expirationDate value="2021-06-30"/>
  <performer>
    <actor>
      <reference value="Organization/DDCC-Organization-Chinese"/>
    </actor>
  </performer>
  <protocolApplied>
    <authority>
      <reference value="Organization/DDCC-Organization-Chinese"/>
    </authority>
    <targetDisease>
      <coding>
        <system value="http://id.who.int/icd11/mms"/>
        <code value="RA01"/>
        <display value="COVID-19"/>
      </coding>
    </targetDisease>
    <doseNumberPositiveInt value="1"/>
    <seriesDosesPositiveInt value="2"/>
  </protocolApplied>
</Immunization>