<div xmlns="http://www.w3.org/1999/xhtml" xmlns:xsi="http://www.w3.org/2001/XMLSchema-instance" xsi:schemaLocation="http://hl7.org/fhir ../../src-generated/schemas/fhir-single.xsd" lang="en">
  <a name="scope">  </a>

      
  
  <p>
    The WHO Digital Documentation of COVID-19 Certificates: Vaccination Status (DDCC:VS) Implementation Guide details how to use Health Level 7 (HL7) Fast Healthcare Interoperability Resources (FHIR) for consistent digital representation of COVID-19 vaccination certificates and interoperability.
  </p>

  <blockquote class="stu-note">
    <ul>
      <li>This version of the implementation guide is based on the current content at <a href="http://WorldHealthOrganization.github.io/ddcc">http://WorldHealthOrganization.github.io/ddcc</a></li>
      <li>   <strong>This implementation guide and set of artifacts are still undergoing development.</strong> 
         <ul><li>This Implementation Guide will be tested within the <a href="https://confluence.hl7.org/pages/viewpage.action?pageId=120750114">International Patient Suumary (IPS)</a> track of the <a href="https://confluence.hl7.org/display/FHIR/2021+-+09+Connectathon+28">HL7 FHIR Connect-a-Thon</a>.</li></ul>
      </li>
      <li>  The DDCC:VS technical specifications and implementation guidance is being issued to facilitate implementation of effective and interoperable digital solutions for vaccination certificates for the purposes of continuity of care and proof of vaccination. The DDCC:VS document contains an overview of high level use cases for digital COVID-19 vaccination certificates including workflows; core data elements mapped to standard code systems; functional and non-functional requirements; an overview of digitally signing a certificate with public key infrastructure (PKI) technology; implementation guidance regarding ethical considerations, privacy and data protection principles, and national governance considerations; and this linked FHIR Implementation Guide for the DDCC:VS scope. </li>
      <li>   This content is for demonstration purposes only. </li>
    </ul>
  </blockquote>
  

  <h3>Summary</h3> <a name="summary"> </a>


  <p>
    This implementation guide contains a standards-compliant specifications for the DDCC:VS technical specifications and guidance document. The implementation guide explicitly encodes computer-interoperable logic, including data models, terminologies, and logic expressions, in a computable language to support implementation of continuity of care and proof of vaccination use cases by Member States.
  </p>
  <p>
    Supporting guidance, recommendations, resources, and standards are included in the <a href="references.html">References</a> and <a href="dependencies.html">Dependencies</a> lists.
   </p>


  <h3>About this implementation guide</h3> <a name="about"> </a>
  
  <p>
    This implementation guide is broken into the following levels of <a href="http://hl7.org/fhir/uv/cpg/2019Sep/documentation-approach.html">knowledge representation</a>:
    <ul>
      <li><a href="index.html">Narrative</a> Contains references to the guidance, guidelines, policies and recommendations underpinning this implementation. guide</li>
      <li><a href="requirements.html">Business Requirements</a> Contains the requirements for this implementation guide including the definition of key concepts, use cases, and a data dictionary.
      </li>
      <li><a href="data_exchange.html">Data Models and Exchange</a> Contains the data models and data exchange protocols with actors and transactions defined.</li>
      <li><a href="deployment.html">Deployment Guidance </a>
      Contains relevant technical specifications and guidance, as well as supporting guidance for adaptation to local contexts.</li>
    </ul>
  </p>  



  <h3>Disclaimer</h3>  <a name="disclaimer"> </a>
  <p>
    The specification herewith documented is a demo working specification, and may not be used for any implementation purposes. 
    This draft is provided without warranty of completeness or consistency, and the official publication supersedes this draft.
    No liability can be inferred from the use or misuse of this specification, or its consequences.
  </p>
</div>  
