{
  "resourceType": "OperationDefinition",
  "id": "DDCC-QuestionnaireResponse-generateHealthCertificate",
  "text": {
    "status": "extensions",
    "div": "<div xmlns=\"http://www.w3.org/1999/xhtml\"><h2>QuestionnaireResponse Generate Health Certificate</h2><p>OPERATION: QuestionnaireResponse Generate Health Certificate</p><p>The official URL for this operation definition is: </p><pre>http://worldhealthorganization.github.io/ddcc/OperationDefinition/DDCC-QuestionnaireResponse-generateHealthCertificate</pre><div><p>Generate one or more signed DDCC Documents based on a <a href=\"StructureDefinition-DDCCQuestionnaireResponse.html\">DDCC QuestionnaireResponse</a></p>\n</div><p>URL: [base]/QuestionnaireResponse/$generateHealthCertificate</p><p>URL: [base]/QuestionnaireResponse/[id]/$generateHealthCertificate</p><p>Parameters</p><table class=\"grid\"><tr><td><b>Use</b></td><td><b>Name</b></td><td><b>Cardinality</b></td><td><b>Type</b></td><td><b>Binding</b></td><td><b>Documentation</b></td></tr><tr><td>IN</td><td>response</td><td>0..1</td><td><a href=\"http://hl7.org/fhir/R4/questionnaireresponse.html\">QuestionnaireResponse</a></td><td/><td><div><p>The questionnaire response resource used to generate the DDCC Document.  Can only use one of response, id, or immunization.</p>\n</div></td></tr><tr><td>IN</td><td>id</td><td>0..1</td><td><a href=\"http://hl7.org/fhir/R4/datatypes.html#id\">id</a></td><td/><td><div><p>The questionnaire response resource id used to generate the DDCC Document.  Can only use one of response, id, or immunization.</p>\n</div></td></tr><tr><td>IN</td><td>immunization</td><td>0..1</td><td><a href=\"http://hl7.org/fhir/R4/references.html#Reference\">Reference</a></td><td/><td><div><p>The Immunization resource generate the DDCC Document. Required with hcid parameter.  Can only use one of response, id, or immunization.</p>\n</div></td></tr><tr><td>IN</td><td>hcid</td><td>0..1</td><td><a href=\"http://hl7.org/fhir/R4/datatypes.html#string\">string</a></td><td/><td><div><p>The HCID used to generate the DDCC Document.  Required with immunization parameter.</p>\n</div></td></tr><tr><td>OUT</td><td>return</td><td>0..1</td><td><a href=\"http://hl7.org/fhir/R4/bundle.html\">Bundle</a></td><td/><td><div><p>The DDCC, including any QR codes, that was created under the <a href=\"transactions.html#submit-health-event-expected-actions\">Generate Health Certificate</a> expected actions</p>\n</div></td></tr></table></div>"
  },
  "url": "http://worldhealthorganization.github.io/ddcc/OperationDefinition/DDCC-QuestionnaireResponse-generateHealthCertificate",
  "version": "0.2.1",
  "name": "QuestionnaireResponse Generate Health Certificate",
  "status": "draft",
  "kind": "operation",
  "experimental": true,
  "date": "2021-06-03",
  "publisher": "World Health Organization (WHO)",
  "contact": [
    {
      "telecom": [
        {
          "system": "url",
          "value": "https://www.who.int"
        }
      ]
    }
  ],
  "description": "Generate one or more signed DDCC Documents based on a [DDCC QuestionnaireResponse](StructureDefinition-DDCCQuestionnaireResponse.html)",
  "code": "generateHealthCertificate",
  "resource": [
    "QuestionnaireResponse"
  ],
  "system": false,
  "type": true,
  "instance": true,
  "parameter": [
    {
      "name": "response",
      "use": "in",
      "min": 0,
      "max": "1",
      "documentation": "The questionnaire response resource used to generate the DDCC Document.  Can only use one of response, id, or immunization.",
      "type": "QuestionnaireResponse"
    },
    {
      "name": "id",
      "use": "in",
      "min": 0,
      "max": "1",
      "documentation": "The questionnaire response resource id used to generate the DDCC Document.  Can only use one of response, id, or immunization.",
      "type": "id"
    },
    {
      "name": "immunization",
      "use": "in",
      "min": 0,
      "max": "1",
      "documentation": "The Immunization resource generate the DDCC Document. Required with hcid parameter.  Can only use one of response, id, or immunization.",
      "type": "Reference"
    },
    {
      "name": "hcid",
      "use": "in",
      "min": 0,
      "max": "1",
      "documentation": "The HCID used to generate the DDCC Document.  Required with immunization parameter.",
      "type": "string"
    },
    {
      "name": "return",
      "use": "out",
      "min": 0,
      "max": "1",
      "documentation": "The DDCC, including any QR codes, that was created under the [Generate Health Certificate](transactions.html#submit-health-event-expected-actions) expected actions",
      "type": "Bundle"
    }
  ]
}