{
  "package": "fhir.who.svc-rc1",
  "version": "0.2.0",
  "fhirVersion": "4.0.1",
  "extensions": [],
  "profiles": {
    "Bundle": [
      {
        "url": "http://fhir.org/guides/who/svc-rc1/StructureDefinition/svc-bundle",
        "title": "SVC Bundle"
      },
      {
        "url": "http://fhir.org/guides/who/svc-rc1/StructureDefinition/svc-bundle-ingested",
        "title": "Ingested SVC Bundle"
      },
      {
        "url": "http://fhir.org/guides/who/svc-rc1/StructureDefinition/svc-bundle-new",
        "title": "New SVC Bundle"
      },
      {
        "url": "http://fhir.org/guides/who/svc-rc1/StructureDefinition/svc-bundle-updated",
        "title": "Updated SVC Bundle"
      }
    ],
    "Composition": [
      {
        "url": "http://fhir.org/guides/who/svc-rc1/StructureDefinition/svc-composition",
        "title": "SVC Composition"
      },
      {
        "url": "http://fhir.org/guides/who/svc-rc1/StructureDefinition/svc-composition-ingested",
        "title": "Ingested SVC Composition"
      },
      {
        "url": "http://fhir.org/guides/who/svc-rc1/StructureDefinition/svc-composition-new",
        "title": "New SVC Composition"
      },
      {
        "url": "http://fhir.org/guides/who/svc-rc1/StructureDefinition/svc-composition-updated",
        "title": "Updated SVC Composition"
      }
    ],
    "Immunization": [
      {
        "url": "http://fhir.org/guides/who/svc-rc1/StructureDefinition/svc-immunization",
        "title": "SVC Immunization"
      },
      {
        "url": "http://fhir.org/guides/who/svc-rc1/StructureDefinition/svc-immunization-new",
        "title": "New SVC Immunization"
      },
      {
        "url": "http://fhir.org/guides/who/svc-rc1/StructureDefinition/svc-immunization-updated",
        "title": "Updated SVC Immunization"
      }
    ],
    "Organization": [
      {
        "url": "http://fhir.org/guides/who/svc-rc1/StructureDefinition/svc-organization",
        "title": "SVC Organization"
      }
    ],
    "Patient": [
      {
        "url": "http://fhir.org/guides/who/svc-rc1/StructureDefinition/svc-patient",
        "title": "SVC Patient"
      },
      {
        "url": "http://fhir.org/guides/who/svc-rc1/StructureDefinition/svc-patient-ingested",
        "title": "Ingested SVC Patient"
      },
      {
        "url": "http://fhir.org/guides/who/svc-rc1/StructureDefinition/svc-patient-new",
        "title": "New SVC Patient"
      },
      {
        "url": "http://fhir.org/guides/who/svc-rc1/StructureDefinition/svc-patient-updated",
        "title": "Updated SVC Patient"
      }
    ],
    "Practitioner": [
      {
        "url": "http://fhir.org/guides/who/svc-rc1/StructureDefinition/svc-practitioner",
        "title": "SVC Practiotioner"
      }
    ],
    "Provenance": [
      {
        "url": "http://fhir.org/guides/who/svc-rc1/StructureDefinition/svc-provenance",
        "title": "Provenance of SVC"
      },
      {
        "url": "http://fhir.org/guides/who/svc-rc1/StructureDefinition/svc-provenance-digital",
        "title": "Provenance of a Digital SVC"
      },
      {
        "url": "http://fhir.org/guides/who/svc-rc1/StructureDefinition/svc-provenance-digital-ingested",
        "title": "Provenance of an Integsted Digital SVC"
      },
      {
        "url": "http://fhir.org/guides/who/svc-rc1/StructureDefinition/svc-provenance-digital-new",
        "title": "Provenance of a New Digital SVC"
      },
      {
        "url": "http://fhir.org/guides/who/svc-rc1/StructureDefinition/svc-provenance-digitalupdated",
        "title": "Provenance of an Updated Digital SVC"
      },
      {
        "url": "http://fhir.org/guides/who/svc-rc1/StructureDefinition/svc-provenance-paper",
        "title": "Provenance of a Paper SVC"
      }
    ]
  },
  "usage": {
    "http://hl7.org/fhir/StructureDefinition/data-absent-reason": [
      "Immunization.occurrence[x]"
    ],
    "http://hl7.org/fhir/StructureDefinition/elementdefinition-bestpractice": [
      "StructureDefinition.snapshot.element.constraint"
    ],
    "http://hl7.org/fhir/StructureDefinition/elementdefinition-bestpractice-explanation": [
      "StructureDefinition.snapshot.element.constraint"
    ],
    "http://hl7.org/fhir/StructureDefinition/elementdefinition-bindingName": [
      "StructureDefinition.snapshot.element.binding"
    ],
    "http://hl7.org/fhir/StructureDefinition/elementdefinition-isCommonBinding": [
      "StructureDefinition.snapshot.element.binding"
    ],
    "http://hl7.org/fhir/StructureDefinition/elementdefinition-maxValueSet": [
      "StructureDefinition.snapshot.element.binding"
    ],
    "http://hl7.org/fhir/StructureDefinition/elementdefinition-translatable": [
      "StructureDefinition.snapshot.element"
    ],
    "http://hl7.org/fhir/StructureDefinition/regex": [
      "StructureDefinition.snapshot.element.type"
    ],
    "http://hl7.org/fhir/StructureDefinition/structuredefinition-category": [
      "StructureDefinition"
    ],
    "http://hl7.org/fhir/StructureDefinition/structuredefinition-explicit-type-name": [
      "StructureDefinition.snapshot.element"
    ],
    "http://hl7.org/fhir/StructureDefinition/structuredefinition-fhir-type": [
      "StructureDefinition.snapshot.element.type"
    ],
    "http://hl7.org/fhir/StructureDefinition/structuredefinition-hierarchy": [
      "StructureDefinition.snapshot.element.type"
    ],
    "http://hl7.org/fhir/StructureDefinition/structuredefinition-security-category": [
      "StructureDefinition"
    ],
    "http://hl7.org/fhir/StructureDefinition/structuredefinition-standards-status": [
      "StructureDefinition.snapshot.element"
    ],
    "http://hl7.org/fhir/StructureDefinition/translation": [
      "Immunization.vaccineCode.coding.display"
    ],
    "http://hl7.org/fhir/tools/StructureDefinition/ig-parameter": [
      "ImplementationGuide.definition"
    ],
    "http://hl7.org/fhir/tools/StructureDefinition/resource-information": [
      "ImplementationGuide.definition.resource"
    ]
  }
}