<?xml version="1.0" encoding="UTF-8"?>

<ImplementationGuide xmlns="http://hl7.org/fhir">
  <id value="fhir.who.svc-rc2"/>
  <text>
    <status value="extensions"/><div xmlns="http://www.w3.org/1999/xhtml"><h2>SVC_RC2</h2><p>The official URL for this implementation guide is: </p><pre>http://fhir.org/guides/who/svc/ImplementationGuide/fhir.who.svc-rc2</pre><div><p>Smart Vaccination Certificate - RC2</p>
</div></div>
  </text>
  <url value="http://fhir.org/guides/who/svc/ImplementationGuide/fhir.who.svc-rc2"/>
  <version value="0.2.0"/>
  <name value="SVC_RC2"/>
  <title value="WHO Smart Vaccination Certificate - RC2"/>
  <status value="draft"/>
  <experimental value="false"/>
  <date value="2021-03-04"/>
  <publisher value="World Health Organization (WHO)"/>
  <contact>
    <telecom>
      <system value="url"/>
      <value value="https://www.who.int"/>
    </telecom>
  </contact>
  <description value="Smart Vaccination Certificate - RC2"/>
  <packageId value="fhir.who.svc-rc2"/>
  <license value="CC0-1.0"/>
  <fhirVersion value="4.0.1"/>
  <dependsOn id="ips">
    <uri value="http://hl7.org/fhir/uv/ips/ImplementationGuide/hl7.fhir.uv.ips"/>
    <packageId value="hl7.fhir.uv.ips"/>
    <version value="current"/>
  </dependsOn>
  <definition>
    <extension url="http://hl7.org/fhir/tools/StructureDefinition/ig-parameter">
      <extension url="code">
        <valueString value="copyrightyear"/>
      </extension>
      <extension url="value">
        <valueString value="2021+"/>
      </extension>
    </extension>
    <extension url="http://hl7.org/fhir/tools/StructureDefinition/ig-parameter">
      <extension url="code">
        <valueString value="releaselabel"/>
      </extension>
      <extension url="value">
        <valueString value="CI Build"/>
      </extension>
    </extension>
    <extension url="http://hl7.org/fhir/tools/StructureDefinition/ig-parameter">
      <extension url="code">
        <valueString value="example-table"/>
      </extension>
      <extension url="value">
        <valueString value="true"/>
      </extension>
    </extension>
    <extension url="http://hl7.org/fhir/tools/StructureDefinition/ig-parameter">
      <extension url="code">
        <valueString value="gen-examples"/>
      </extension>
      <extension url="value">
        <valueString value="true"/>
      </extension>
    </extension>
    <extension url="http://hl7.org/fhir/tools/StructureDefinition/ig-parameter">
      <extension url="code">
        <valueString value="example-list"/>
      </extension>
      <extension url="value">
        <valueString value="true"/>
      </extension>
    </extension>
    <extension url="http://hl7.org/fhir/tools/StructureDefinition/ig-parameter">
      <extension url="code">
        <valueString value="example-table-all"/>
      </extension>
      <extension url="value">
        <valueString value="true"/>
      </extension>
    </extension>
    <extension url="http://hl7.org/fhir/tools/StructureDefinition/ig-parameter">
      <extension url="code">
        <valueString value="example-list-all"/>
      </extension>
      <extension url="value">
        <valueString value="true"/>
      </extension>
    </extension>
    <extension url="http://hl7.org/fhir/tools/StructureDefinition/ig-parameter">
      <extension url="code">
        <valueString value="summary"/>
      </extension>
      <extension url="value">
        <valueString value="true"/>
      </extension>
    </extension>
    <extension url="http://hl7.org/fhir/tools/StructureDefinition/ig-parameter">
      <extension url="code">
        <valueString value="summary-tables"/>
      </extension>
      <extension url="value">
        <valueString value="true"/>
      </extension>
    </extension>
    <extension url="http://hl7.org/fhir/tools/StructureDefinition/ig-parameter">
      <extension url="code">
        <valueString value="content"/>
      </extension>
      <extension url="value">
        <valueString value="true"/>
      </extension>
    </extension>
    <extension url="http://hl7.org/fhir/tools/StructureDefinition/ig-parameter">
      <extension url="code">
        <valueString value="profiles"/>
      </extension>
      <extension url="value">
        <valueString value="true"/>
      </extension>
    </extension>
    <extension url="http://hl7.org/fhir/tools/StructureDefinition/ig-parameter">
      <extension url="code">
        <valueString value="script"/>
      </extension>
      <extension url="value">
        <valueString value="true"/>
      </extension>
    </extension>
    <extension url="http://hl7.org/fhir/tools/StructureDefinition/ig-parameter">
      <extension url="code">
        <valueString value="do-transforms"/>
      </extension>
      <extension url="value">
        <valueString value="true"/>
      </extension>
    </extension>
    <extension url="http://hl7.org/fhir/tools/StructureDefinition/ig-parameter">
      <extension url="code">
        <valueString value="special-url"/>
      </extension>
      <extension url="value">
        <valueString value="http://hl7.org/fhir/uv/ips/StructureDefinition/Patient-pre-uv-ips"/>
      </extension>
    </extension>
    <extension url="http://hl7.org/fhir/tools/StructureDefinition/ig-parameter">
      <extension url="code">
        <valueString value="special-url"/>
      </extension>
      <extension url="value">
        <valueString value="http://hl7.org/fhir/uv/ips/StructureDefinition/Immunization-pre-uv-ips"/>
      </extension>
    </extension>
    <extension url="http://hl7.org/fhir/tools/StructureDefinition/ig-parameter">
      <extension url="code">
        <valueString value="path-suppressed-warnings"/>
      </extension>
      <extension url="value">
        <valueString value="input/ignoreWarnings.txt"/>
      </extension>
    </extension>
    <extension url="http://hl7.org/fhir/tools/StructureDefinition/ig-parameter">
      <extension url="code">
        <valueString value="path-binary"/>
      </extension>
      <extension url="value">
        <valueString value="input/cql"/>
      </extension>
    </extension>
    <extension url="http://hl7.org/fhir/tools/StructureDefinition/ig-parameter">
      <extension url="code">
        <valueString value="autoload-resources"/>
      </extension>
      <extension url="value">
        <valueString value="true"/>
      </extension>
    </extension>
    <extension url="http://hl7.org/fhir/tools/StructureDefinition/ig-parameter">
      <extension url="code">
        <valueString value="path-liquid"/>
      </extension>
      <extension url="value">
        <valueString value="template/liquid"/>
      </extension>
    </extension>
    <extension url="http://hl7.org/fhir/tools/StructureDefinition/ig-parameter">
      <extension url="code">
        <valueString value="path-liquid"/>
      </extension>
      <extension url="value">
        <valueString value="input/liquid"/>
      </extension>
    </extension>
    <extension url="http://hl7.org/fhir/tools/StructureDefinition/ig-parameter">
      <extension url="code">
        <valueString value="path-qa"/>
      </extension>
      <extension url="value">
        <valueString value="temp/qa"/>
      </extension>
    </extension>
    <extension url="http://hl7.org/fhir/tools/StructureDefinition/ig-parameter">
      <extension url="code">
        <valueString value="path-temp"/>
      </extension>
      <extension url="value">
        <valueString value="temp/pages"/>
      </extension>
    </extension>
    <extension url="http://hl7.org/fhir/tools/StructureDefinition/ig-parameter">
      <extension url="code">
        <valueString value="path-output"/>
      </extension>
      <extension url="value">
        <valueString value="output"/>
      </extension>
    </extension>
    <extension url="http://hl7.org/fhir/tools/StructureDefinition/ig-parameter">
      <extension url="code">
        <valueString value="path-history"/>
      </extension>
      <extension url="value">
        <valueString value="http://fhir.org/guides/who/svc/history.html"/>
      </extension>
    </extension>
    <extension url="http://hl7.org/fhir/tools/StructureDefinition/ig-parameter">
      <extension url="code">
        <valueString value="template-html"/>
      </extension>
      <extension url="value">
        <valueString value="template-page.html"/>
      </extension>
    </extension>
    <extension url="http://hl7.org/fhir/tools/StructureDefinition/ig-parameter">
      <extension url="code">
        <valueString value="template-md"/>
      </extension>
      <extension url="value">
        <valueString value="template-page-md.html"/>
      </extension>
    </extension>
    <extension url="http://hl7.org/fhir/tools/StructureDefinition/ig-parameter">
      <extension url="code">
        <valueString value="apply-contact"/>
      </extension>
      <extension url="value">
        <valueString value="true"/>
      </extension>
    </extension>
    <extension url="http://hl7.org/fhir/tools/StructureDefinition/ig-parameter">
      <extension url="code">
        <valueString value="apply-context"/>
      </extension>
      <extension url="value">
        <valueString value="true"/>
      </extension>
    </extension>
    <extension url="http://hl7.org/fhir/tools/StructureDefinition/ig-parameter">
      <extension url="code">
        <valueString value="apply-copyright"/>
      </extension>
      <extension url="value">
        <valueString value="true"/>
      </extension>
    </extension>
    <extension url="http://hl7.org/fhir/tools/StructureDefinition/ig-parameter">
      <extension url="code">
        <valueString value="apply-jurisdiction"/>
      </extension>
      <extension url="value">
        <valueString value="true"/>
      </extension>
    </extension>
    <extension url="http://hl7.org/fhir/tools/StructureDefinition/ig-parameter">
      <extension url="code">
        <valueString value="apply-license"/>
      </extension>
      <extension url="value">
        <valueString value="true"/>
      </extension>
    </extension>
    <extension url="http://hl7.org/fhir/tools/StructureDefinition/ig-parameter">
      <extension url="code">
        <valueString value="apply-publisher"/>
      </extension>
      <extension url="value">
        <valueString value="true"/>
      </extension>
    </extension>
    <extension url="http://hl7.org/fhir/tools/StructureDefinition/ig-parameter">
      <extension url="code">
        <valueString value="apply-version"/>
      </extension>
      <extension url="value">
        <valueString value="true"/>
      </extension>
    </extension>
    <extension url="http://hl7.org/fhir/tools/StructureDefinition/ig-parameter">
      <extension url="code">
        <valueString value="active-tables"/>
      </extension>
      <extension url="value">
        <valueString value="true"/>
      </extension>
    </extension>
    <resource>
      <extension url="http://hl7.org/fhir/tools/StructureDefinition/resource-information">
        <valueString value="StructureDefinition:resource"/>
      </extension>
      <reference>
        <reference value="StructureDefinition/Patient-pre-uv-ips"/>
      </reference>
      <name value="Patient (IPS)"/>
      <description value="This profile represents the constraints applied to the Patient resource by the International Patient Summary (IPS) FHIR Implementation Guide and describes the minimum expectations for the Patient resource when used in the IPS composition or in one of the referred resources."/>
    </resource>
    <resource>
      <extension url="http://hl7.org/fhir/tools/StructureDefinition/resource-information">
        <valueString value="StructureDefinition:resource"/>
      </extension>
      <reference>
        <reference value="StructureDefinition/Immunization-pre-uv-ips"/>
      </reference>
      <name value="Immunization (IPS)"/>
      <description value="This profile represents the constraints applied to the Immunization resource by the International Patient Summary (IPS) FHIR Implementation Guide. A record of an immunization is represented in the patient summary as an instance of an Immunization resource constrained by this profile.&#xD;&#xA;&#xD;&#xA;It describes the event of a patient being administered a vaccination or a record of a vaccination as reported by a patient, a clinician or another party."/>
    </resource>
    <resource>
      <extension url="http://hl7.org/fhir/tools/StructureDefinition/resource-information">
        <valueString value="StructureMap"/>
      </extension>
      <reference>
        <reference value="StructureMap/svc-map-qr-uvci-bundle"/>
      </reference>
    </resource>
    <resource>
      <extension url="http://hl7.org/fhir/tools/StructureDefinition/resource-information">
        <valueString value="StructureDefinition:resource"/>
      </extension>
      <reference>
        <reference value="StructureDefinition/svc-qr-uvci"/>
      </reference>
    </resource>
    <resource>
      <extension url="http://hl7.org/fhir/tools/StructureDefinition/resource-information">
        <valueString value="ValueSet"/>
      </extension>
      <reference>
        <reference value="ValueSet/who-svc-vaccines"/>
      </reference>
      <name value="WHO Vaccine List"/>
      <description value="The WHO Vaccine List from [ICD 11](https://icd.who.int/browse11) is used by:&#xA; *  the [SVC Immunization](StructureDefinition-svc-immunization.html)"/>
    </resource>
    <resource>
      <extension url="http://hl7.org/fhir/tools/StructureDefinition/resource-information">
        <valueString value="CodeSystem"/>
      </extension>
      <reference>
        <reference value="CodeSystem/SVC-Basic-Resource"/>
      </reference>
      <name value="CodeSystem for SVC Basic Resources."/>
    </resource>
    <resource>
      <extension url="http://hl7.org/fhir/tools/StructureDefinition/resource-information">
        <valueString value="StructureDefinition:resource"/>
      </extension>
      <reference>
        <reference value="StructureDefinition/svc-bundle"/>
      </reference>
      <name value="SVC Bundle"/>
      <description value="An [SVC Bundle](StructureDefinition-svc-bundle.html) is a document bundle containing the Smart Vaccination Certificate (SVC) content."/>
    </resource>
    <resource>
      <extension url="http://hl7.org/fhir/tools/StructureDefinition/resource-information">
        <valueString value="StructureDefinition:resource"/>
      </extension>
      <reference>
        <reference value="StructureDefinition/svc-patient"/>
      </reference>
      <name value="SVC Patient"/>
      <description value="Corresponds to the demographic information on the front page of the a paper Smart Vaccination Certificate (SVC)&#xA;&#xA;An SVC_Patient should:&#xA;* set the [identifier.assigner](StructureDefinition-svc-patient-definitions.html#Patient.identifier.assigner) to reference the [SVC Organization](StructureDefinition-svc-organization.html) resource associated to the PHA via the WHO Public Key Directory"/>
    </resource>
    <resource>
      <extension url="http://hl7.org/fhir/tools/StructureDefinition/resource-information">
        <valueString value="ValueSet"/>
      </extension>
      <reference>
        <reference value="ValueSet/who-svc-vaccines-covid-19"/>
      </reference>
      <name value="WHO Vaccine List (COVID-19)"/>
      <description value="WHO Vaccine List (COVID-19) from [ICD 11](https://icd.who.int/browse11)"/>
    </resource>
    <resource>
      <extension url="http://hl7.org/fhir/tools/StructureDefinition/resource-information">
        <valueString value="Basic"/>
      </extension>
      <reference>
        <reference value="Basic/svc-basic-qrcode-example"/>
      </reference>
    </resource>
    <resource>
      <extension url="http://hl7.org/fhir/tools/StructureDefinition/resource-information">
        <valueString value="StructureDefinition:resource"/>
      </extension>
      <reference>
        <reference value="StructureDefinition/SVC-Basic-QRCode"/>
      </reference>
      <name value="SVC Basic based QR Code resource"/>
      <description value="SVC Profile of Basic resource for QR Code."/>
    </resource>
    <resource>
      <extension url="http://hl7.org/fhir/tools/StructureDefinition/resource-information">
        <valueString value="StructureDefinition:resource"/>
      </extension>
      <reference>
        <reference value="StructureDefinition/svc-practitioner-role"/>
      </reference>
      <name value="SVC Practitioner Role"/>
      <description value="Association of an [SVC Practitioner](StructureDefinition-svc-practitioner-role.html) to a managing [SVC Organization](StructureDefinition-svc-orgaznization.html), indicating that an SVC Practitioner is authorized by the public health authority (PHA) to vaccinate an [SVC Patient](StructureDefinition-svc-patient.html)."/>
    </resource>
    <resource>
      <extension url="http://hl7.org/fhir/tools/StructureDefinition/resource-information">
        <valueString value="ValueSet"/>
      </extension>
      <reference>
        <reference value="ValueSet/who-svc-vaccinable-conditions"/>
      </reference>
      <name value="WHO List of Vaccinable Conditions"/>
      <description value="The WHO Vaccinable Conditions List from [ICD 11](https://icd.who.int/browse11) is used by:&#xA; *  the [SVC Immunization](StructureDefinition-svc-immunization.html)"/>
    </resource>
    <resource>
      <extension url="http://hl7.org/fhir/tools/StructureDefinition/resource-information">
        <valueString value="StructureDefinition:resource"/>
      </extension>
      <reference>
        <reference value="StructureDefinition/svc-organization"/>
      </reference>
      <name value="SVC Organization"/>
      <description value="Abstraction for an SVC Organization. There should be an SVC Organization associated to each public health authortiy (PHA) in the WHO Public Key Directory."/>
    </resource>
    <resource>
      <extension url="http://hl7.org/fhir/tools/StructureDefinition/resource-information">
        <valueString value="StructureDefinition:extension"/>
      </extension>
      <reference>
        <reference value="StructureDefinition/SVC-QRCode"/>
      </reference>
      <name value="SVC QRCode Extension"/>
      <description value="SVC QRCode Extension"/>
    </resource>
    <resource>
      <extension url="http://hl7.org/fhir/tools/StructureDefinition/resource-information">
        <valueString value="StructureDefinition:resource"/>
      </extension>
      <reference>
        <reference value="StructureDefinition/svc-composition"/>
      </reference>
      <name value="SVC Composition"/>
      <description value="Describes the logical structure for the health content contained in a SVC.  An [SVC Composition](StructureDefinition-svc-composition.html) should:&#xA; * be accessible from a SVC Registry as located via the WHO Public Key Directory for the PHA referenced in the [author](StructureDefinition-svc-composition-definitions.html#Composition.agent)."/>
    </resource>
    <resource>
      <extension url="http://hl7.org/fhir/tools/StructureDefinition/resource-information">
        <valueString value="StructureDefinition:resource"/>
      </extension>
      <reference>
        <reference value="StructureDefinition/svc-provenance"/>
      </reference>
      <name value="Provenance of SVC"/>
      <description value="Used to assert the provenance of a public health authority (PHA) over either a Paper or a Digital Smart Vaccination Certificate (SVC)."/>
    </resource>
    <resource>
      <extension url="http://hl7.org/fhir/tools/StructureDefinition/resource-information">
        <valueString value="StructureDefinition:resource"/>
      </extension>
      <reference>
        <reference value="StructureDefinition/svc-practitioner"/>
      </reference>
      <name value="SVC Practitioner"/>
      <description value="Container for an SVC Practitioner, which is a Practitioner authorized by the PHA to vaccinate an [SVC Patient](StructureDefinition-svc-patient.html)."/>
    </resource>
    <resource>
      <extension url="http://hl7.org/fhir/tools/StructureDefinition/resource-information">
        <valueString value="ValueSet"/>
      </extension>
      <reference>
        <reference value="ValueSet/SVC-Basic-Resource"/>
      </reference>
      <name value="ValueSet for SVC Basic Resources."/>
    </resource>
    <resource>
      <extension url="http://hl7.org/fhir/tools/StructureDefinition/resource-information">
        <valueString value="StructureDefinition:resource"/>
      </extension>
      <reference>
        <reference value="StructureDefinition/svc-immunization"/>
      </reference>
      <name value="SVC Immunization"/>
      <description value="An SVC Immunization contains the content corresponding to a row in the Vaccination Events section of a Paper SVC. While this is not a further profile of the International Patient Summary (IPS) Immunization resouce, this is intended to map into an IPS Immunization resource."/>
    </resource>
    <page>
      <nameUrl value="toc.html"/>
      <title value="Table of Contents"/>
      <generation value="html"/>
      <page>
        <nameUrl value="index.html"/>
        <title value="Narrative"/>
        <generation value="html"/>
        <page>
          <nameUrl value="references.html"/>
          <title value="References"/>
          <generation value="html"/>
        </page>
      </page>
      <page>
        <nameUrl value="requirements.html"/>
        <title value="Business Requirements"/>
        <generation value="html"/>
        <page>
          <nameUrl value="concepts.html"/>
          <title value="Concepts"/>
          <generation value="html"/>
        </page>
        <page>
          <nameUrl value="functional.html"/>
          <title value="Functional Requirements"/>
          <generation value="html"/>
        </page>
        <page>
          <nameUrl value="personas.html"/>
          <title value="Personas"/>
          <generation value="html"/>
        </page>
        <page>
          <nameUrl value="workflows.html"/>
          <title value="Workflows"/>
          <generation value="html"/>
        </page>
        <page>
          <nameUrl value="usecases.html"/>
          <title value="Use Cases"/>
          <generation value="html"/>
        </page>
        <page>
          <nameUrl value="dictionary.html"/>
          <title value="Data Dictionary"/>
          <generation value="html"/>
        </page>
      </page>
      <page>
        <nameUrl value="data_exchange.html"/>
        <title value="Data Models and Exchange"/>
        <generation value="html"/>
        <page>
          <nameUrl value="dependencies.html"/>
          <title value="Dependencies"/>
          <generation value="html"/>
        </page>
        <page>
          <nameUrl value="actors.html"/>
          <title value="Actors"/>
          <generation value="html"/>
        </page>
        <page>
          <nameUrl value="transactions.html"/>
          <title value="Transactions"/>
          <generation value="html"/>
        </page>
        <page>
          <nameUrl value="expected_actions.html"/>
          <title value="Expected Actions"/>
          <generation value="html"/>
        </page>
        <page>
          <nameUrl value="content_profiles.html"/>
          <title value="Content Profiles"/>
          <generation value="html"/>
        </page>
      </page>
      <page>
        <nameUrl value="deployment.html"/>
        <title value="Deployment Guidance"/>
        <generation value="html"/>
        <page>
          <nameUrl value="security_privacy.html"/>
          <title value="Security and Privacy Considerations"/>
          <generation value="html"/>
        </page>
        <page>
          <nameUrl value="testing.html"/>
          <title value="Testing"/>
          <generation value="html"/>
        </page>
        <page>
          <nameUrl value="downloads.html"/>
          <title value="Useful Downloads"/>
          <generation value="html"/>
        </page>
      </page>
    </page>
    <parameter>
      <code value="path-pages"/>
      <value value="input/pagecontent"/>
    </parameter>
    <parameter>
      <code value="path-resource"/>
      <value value="input/ips-preadopted"/>
    </parameter>
    <parameter>
      <code value="path-resource"/>
      <value value="input/resources/activitydefinition"/>
    </parameter>
    <parameter>
      <code value="path-resource"/>
      <value value="input/resources/capabilitystatement"/>
    </parameter>
    <parameter>
      <code value="path-resource"/>
      <value value="input/resources/library"/>
    </parameter>
    <parameter>
      <code value="path-resource"/>
      <value value="input/resources/measure"/>
    </parameter>
    <parameter>
      <code value="path-resource"/>
      <value value="input/resources/maps"/>
    </parameter>
    <parameter>
      <code value="path-resource"/>
      <value value="input/resources/examples"/>
    </parameter>
    <parameter>
      <code value="path-resource"/>
      <value value="input/resources/plandefinition"/>
    </parameter>
    <parameter>
      <code value="path-resource"/>
      <value value="input/resources/questionnaire"/>
    </parameter>
    <parameter>
      <code value="path-resource"/>
      <value value="input/vocabulary/codesystem"/>
    </parameter>
    <parameter>
      <code value="path-resource"/>
      <value value="input/vocabulary/valueset"/>
    </parameter>
    <parameter>
      <code value="path-resource"/>
      <value value="input/capabilities"/>
    </parameter>
    <parameter>
      <code value="path-resource"/>
      <value value="input/examples"/>
    </parameter>
    <parameter>
      <code value="path-resource"/>
      <value value="input/extensions"/>
    </parameter>
    <parameter>
      <code value="path-resource"/>
      <value value="input/models"/>
    </parameter>
    <parameter>
      <code value="path-resource"/>
      <value value="input/operations"/>
    </parameter>
    <parameter>
      <code value="path-resource"/>
      <value value="input/profiles"/>
    </parameter>
    <parameter>
      <code value="path-resource"/>
      <value value="input/resources"/>
    </parameter>
    <parameter>
      <code value="path-resource"/>
      <value value="input/vocabulary"/>
    </parameter>
    <parameter>
      <code value="path-resource"/>
      <value value="input/testing"/>
    </parameter>
    <parameter>
      <code value="path-resource"/>
      <value value="input/history"/>
    </parameter>
    <parameter>
      <code value="path-resource"/>
      <value value="fsh-generated/resources"/>
    </parameter>
    <parameter>
      <code value="path-pages"/>
      <value value="template/config"/>
    </parameter>
    <parameter>
      <code value="path-pages"/>
      <value value="input/images"/>
    </parameter>
    <parameter>
      <code value="path-tx-cache"/>
      <value value="input-cache/txcache"/>
    </parameter>
  </definition>
</ImplementationGuide>