<div xmlns="http://www.w3.org/1999/xhtml" xmlns:xsi="http://www.w3.org/2001/XMLSchema-instance" xsi:schemaLocation="http://hl7.org/fhir ../../input-cache/schemas/R5/fhir-single.xsd">


  <h3>Print New SVC Card</h3><a name="print_new"/>
    {% include print_new.svg %}
  <h3>Digitize  Patient Demographics</h3><a name="record_imm"/>

  <h3>Digitize Immuniztaion Event</h3><a name="record_imm"/>

  <h3>Request Digital SVC</h3><a name="request_digital_svc"/>
    {% include request_digital.svg %}
  
  
  
</div>
