<?xml version="1.0" encoding="UTF-8"?>

<ValueSet xmlns="http://hl7.org/fhir">
  <id value="SVC-Basic-Resource"/>
  <text>
    <status value="generated"/><div xmlns="http://www.w3.org/1999/xhtml"><ul><li>Include all codes defined in <a href="CodeSystem-SVC-Basic-Resource.html"><code>https://who-int.github.io/svc/refs/heads/rc2/CodeSystem/SVC-Basic-Resource</code></a></li></ul></div>
  </text>
  <url value="https://who-int.github.io/svc/refs/heads/rc2/ValueSet/SVC-Basic-Resource"/>
  <version value="0.2.0"/>
  <name value="SVCBasicResourceValueSet"/>
  <title value="ValueSet for SVC Basic Resources."/>
  <status value="active"/>
  <date value="2021-04-09T17:17:39+00:00"/>
  <publisher value="World Health Organization (WHO)"/>
  <contact>
    <telecom>
      <system value="url"/>
      <value value="https://www.who.int"/>
    </telecom>
  </contact>
  <compose>
    <include>
      <system value="https://who-int.github.io/svc/refs/heads/rc2/CodeSystem/SVC-Basic-Resource"/>
    </include>
  </compose>
</ValueSet>