{"resourceType":"ImplementationGuide","id":"fhir.who.svc-rc1","text":{"status":"extensions","div":"<div xmlns=\"http://www.w3.org/1999/xhtml\"><h2>SVC_RC1</h2><p>The official URL for this implementation guide is: </p><pre>http://fhir.org/guides/who/svc-rc1/ImplementationGuide/fhir.who.svc-rc1</pre><div><p>Smart Vaccination Certificate - RC1</p>\n</div></div>"},"url":"http://fhir.org/guides/who/svc-rc1/ImplementationGuide/fhir.who.svc-rc1","version":"0.2.0","name":"SVC_RC1","title":"WHO Smart Vaccination Certificate - RC1","status":"draft","experimental":false,"date":"2021-03-04","publisher":"World Health Organization (WHO)","contact":[{"telecom":[{"system":"url","value":"https://www.who.int"}]}],"description":"Smart Vaccination Certificate - RC1","packageId":"fhir.who.svc-rc1","license":"CC0-1.0","fhirVersion":["4.0.1"],"dependsOn":[{"id":"ips","uri":"http://hl7.org/fhir/uv/ips","packageId":"hl7.fhir.uv.ips","version":"1.0.0"}],"definition":{"extension":[{"extension":[{"url":"code","valueString":"copyrightyear"},{"url":"value","valueString":"2021+"}],"url":"http://hl7.org/fhir/tools/StructureDefinition/ig-parameter"},{"extension":[{"url":"code","valueString":"releaselabel"},{"url":"value","valueString":"CI Build"}],"url":"http://hl7.org/fhir/tools/StructureDefinition/ig-parameter"},{"extension":[{"url":"code","valueString":"path-suppressed-warnings"},{"url":"value","valueString":"input/ignoreWarnings.txt"}],"url":"http://hl7.org/fhir/tools/StructureDefinition/ig-parameter"},{"extension":[{"url":"code","valueString":"path-binary"},{"url":"value","valueString":"input/cql"}],"url":"http://hl7.org/fhir/tools/StructureDefinition/ig-parameter"},{"extension":[{"url":"code","valueString":"autoload-resources"},{"url":"value","valueString":"true"}],"url":"http://hl7.org/fhir/tools/StructureDefinition/ig-parameter"},{"extension":[{"url":"code","valueString":"path-liquid"},{"url":"value","valueString":"template/liquid"}],"url":"http://hl7.org/fhir/tools/StructureDefinition/ig-parameter"},{"extension":[{"url":"code","valueString":"path-liquid"},{"url":"value","valueString":"input/liquid"}],"url":"http://hl7.org/fhir/tools/StructureDefinition/ig-parameter"},{"extension":[{"url":"code","valueString":"path-qa"},{"url":"value","valueString":"temp/qa"}],"url":"http://hl7.org/fhir/tools/StructureDefinition/ig-parameter"},{"extension":[{"url":"code","valueString":"path-temp"},{"url":"value","valueString":"temp/pages"}],"url":"http://hl7.org/fhir/tools/StructureDefinition/ig-parameter"},{"extension":[{"url":"code","valueString":"path-output"},{"url":"value","valueString":"output"}],"url":"http://hl7.org/fhir/tools/StructureDefinition/ig-parameter"},{"extension":[{"url":"code","valueString":"path-history"},{"url":"value","valueString":"http://fhir.org/guides/who/svc-rc1/history.html"}],"url":"http://hl7.org/fhir/tools/StructureDefinition/ig-parameter"},{"extension":[{"url":"code","valueString":"template-html"},{"url":"value","valueString":"template-page.html"}],"url":"http://hl7.org/fhir/tools/StructureDefinition/ig-parameter"},{"extension":[{"url":"code","valueString":"template-md"},{"url":"value","valueString":"template-page-md.html"}],"url":"http://hl7.org/fhir/tools/StructureDefinition/ig-parameter"},{"extension":[{"url":"code","valueString":"apply-contact"},{"url":"value","valueString":"true"}],"url":"http://hl7.org/fhir/tools/StructureDefinition/ig-parameter"},{"extension":[{"url":"code","valueString":"apply-context"},{"url":"value","valueString":"true"}],"url":"http://hl7.org/fhir/tools/StructureDefinition/ig-parameter"},{"extension":[{"url":"code","valueString":"apply-copyright"},{"url":"value","valueString":"true"}],"url":"http://hl7.org/fhir/tools/StructureDefinition/ig-parameter"},{"extension":[{"url":"code","valueString":"apply-jurisdiction"},{"url":"value","valueString":"true"}],"url":"http://hl7.org/fhir/tools/StructureDefinition/ig-parameter"},{"extension":[{"url":"code","valueString":"apply-license"},{"url":"value","valueString":"true"}],"url":"http://hl7.org/fhir/tools/StructureDefinition/ig-parameter"},{"extension":[{"url":"code","valueString":"apply-publisher"},{"url":"value","valueString":"true"}],"url":"http://hl7.org/fhir/tools/StructureDefinition/ig-parameter"},{"extension":[{"url":"code","valueString":"apply-version"},{"url":"value","valueString":"true"}],"url":"http://hl7.org/fhir/tools/StructureDefinition/ig-parameter"},{"extension":[{"url":"code","valueString":"active-tables"},{"url":"value","valueString":"true"}],"url":"http://hl7.org/fhir/tools/StructureDefinition/ig-parameter"}],"grouping":[{"id":"_str_abstractprofile","name":"Structures: Abstract Profiles","description":"These are profiles on resources or data types that describe patterns used by other profiles, but cannot be instantiated directly.  I.e. instances can conform to profiles *based* on these abstract profiles, but do not declare conformance to the abstract profiles themselves."},{"id":"_str_profile","name":"Structures: Resource Profiles","description":"These define constraints on FHIR resources for systems conforming to this implementation guide"},{"id":"_term_valueset","name":"Terminology: Value Sets","description":"These define sets of codes used by systems conforming to this implementation guide"}],"resource":[{"extension":[{"url":"http://hl7.org/fhir/StructureDefinition/implementationguide-page","valueUri":"StructureDefinition-svc-patient-new.html"}],"reference":{"reference":"StructureDefinition/svc-patient-new"},"name":"New SVC Patient","description":"Correponds to the demographic information on the front page of a new Paper SVC.\n\nWhen a new Paper SVC is issued, the following rules apply:\n  * a Person.identifier entry is generated with system set to 'urn:uuid' and value set to a v4 UUID.","groupingId":"_str_profile"},{"extension":[{"url":"http://hl7.org/fhir/StructureDefinition/implementationguide-page","valueUri":"StructureDefinition-svc-composition-new.html"}],"reference":{"reference":"StructureDefinition/svc-composition-new"},"name":"New SVC Composition","description":"Empty container for the health content contained on a new Paper SVC.\n\nWhen a new Paper SVC is issued, the following rules apply to a New SVC Composition:\n  * a Person.identifier entry is generated for a SVC Patient with system set to 'urn:uuid' and value set to a v4 UUID.\n  * Composition.author is set to reference the Organization resource associated to the PHA via the WHO Smart Directory\n  * set the status to #preliminary\n  * for each row of the Paper SVC, an New SVC Immunization should be generated and an entry should be created to reference this","groupingId":"_str_profile"},{"extension":[{"url":"http://hl7.org/fhir/StructureDefinition/implementationguide-page","valueUri":"StructureDefinition-svc-provenance-digital-ingested.html"}],"reference":{"reference":"StructureDefinition/svc-provenance-digital-ingested"},"name":"Provenance of an Integsted Digital SVC","description":"The Provenance of a Digital SVC is used to assert the provenance of a Public Health Auhority (PHA) over a Digital SVC document it is ingesting from a Paper SVC or Digital SVC issued by an external PHA.   When a PHA ingests an external SVC it should:\n * generate an Updated SVC Patient resource using the content contained in the SVC Patient from the external SVC.  The identifer of the external SVC Patient should be preserved\n * generate an Updated SVC Composition  \n\nThe Provenacne of Ingested Digital SVC should:\n * be generated by a PHA when ingests a Paper SVC or Digital SVC from another PHA\n * set entity.role.quotation  to #quotation\n * set entity.what to reference the SVC Composition in the external SVC\n * set target to the id of the new Digital SVC is generated by the PHA\n * updated by a PHA when content is transferred from a Paper SVC \n\nThe PHA may:\n * print a QR-code to place on the back page of the external Paper SVC which encodes the Provenance of an Ingested Digital SVC.\n * issue and print a new Paper SVC containing an Updated SVC Bundle","groupingId":"_str_profile"},{"extension":[{"url":"http://hl7.org/fhir/StructureDefinition/implementationguide-page","valueUri":"StructureDefinition-svc-immunization-updated.html"}],"reference":{"reference":"StructureDefinition/svc-immunization-updated"},"name":"Updated SVC Immunization","description":"An Updated SVC Immunization contains the content to be encoded in a QR-code row in the Vaccination Events section of the Paper SVC.  The QR-code is either placed as a sticker over an existing QR-code with the same Identiiifer or printed directly on a reissued Paper SVC.\n\nAn updated SVC Immunization is derived from an existing SVC Immunization according to the following rules:\n * preserve the content from the existing SVC Immunization\n * amend this by transferring the vaccination event content from the Paper SVC into the SVC Immunization resource\n * optionally update the patient to reference an appropriate SVC Patient as determined by the PHA after Patient deduplication","groupingId":"_str_profile"},{"extension":[{"url":"http://hl7.org/fhir/StructureDefinition/implementationguide-page","valueUri":"ValueSet-who-svc-vaccines.html"}],"reference":{"reference":"ValueSet/who-svc-vaccines"},"name":"WHO Vaccine List","description":"WHO Vaccine List","groupingId":"_term_valueset"},{"extension":[{"url":"http://hl7.org/fhir/StructureDefinition/implementationguide-page","valueUri":"StructureDefinition-svc-bundle.html"}],"reference":{"reference":"StructureDefinition/svc-bundle"},"name":"SVC Bundle","description":"An SVC Bundle contains the content to be encoded in QR-code on the front page of a Paper SVC.","groupingId":"_str_abstractprofile"},{"extension":[{"url":"http://hl7.org/fhir/StructureDefinition/implementationguide-page","valueUri":"StructureDefinition-svc-provenance-paper.html"}],"reference":{"reference":"StructureDefinition/svc-provenance-paper"},"name":"Provenance of a Paper SVC","description":"The [Provenance of a Paper SVC](StructureDefinition-svc-provenance-paper.html) is used to assert the provenance of a Public Health Auhority (PHA) over a Paper SVC document at time of printing. A Paper SVC document may be a newly issued  or it may be a re-issue of an existing SVC document.\n\nWhen a new Paper SVC is printed, the following rules apply:\n * generate a [New SVC Patient](StructureDefinition-svc-patient-new.html) and a [New SVC Composition](StructureDefinition-svc-composition-new.html) resource \n * set the [agent.onBehalfOf](StructureDefinition-svc-provenance-paper-definitions.html#Provenance.agent.onBehalfOf) to reference the generated [New SVC Patient](StructureDefinition-svc-patient-new.html) resource \n * set the [agent.who]](StructureDefinition-svc-provenance-papar-definitions.html#Provenance.agent.who) to reference the Organization resource associated to the PHA via the WHO Smart Directory\n * set the [entity.role.what](StructureDefinition-svc-provenance-papar-definitions.html#Provenance.entity.role.waht) to reference the generated [New SVC Composition](StructureDefinition-svc-composition-new.html) resource","groupingId":"_str_profile"},{"extension":[{"url":"http://hl7.org/fhir/StructureDefinition/implementationguide-page","valueUri":"StructureDefinition-svc-provenance.html"}],"reference":{"reference":"StructureDefinition/svc-provenance"},"name":"Provenance of SVC","description":"Used to assert the provenance of a Public Health Auhority (PHA) over either a Paper or a Digital Smart Vaccination Card (SVC). This profile is not intended to be instantiated directly, rather a  [Provenance of an New Digital SVC](StructureDefinition-svc-provenance-digital-new.html), [Provenance of an Updated Digital SVC](StructureDefinition-svc-provenance-digital-udpated.html),  a [Provenance of an Ingested Digital SVC](StructureDefinition-svc-provenance-digital-ingested.html) or a [Provenance of an Paper SVC](StructureDefinition-svc-provenance-paper.html) should be used.","groupingId":"_str_abstractprofile"},{"extension":[{"url":"http://hl7.org/fhir/StructureDefinition/implementationguide-page","valueUri":"StructureDefinition-svc-bundle-new.html"}],"reference":{"reference":"StructureDefinition/svc-bundle-new"},"name":"New SVC Bundle","description":"An SVC Bundle contains the content to be encoded in QR-code on the front page of a Paper SVC.\n\nAn new SVC Bundle is derived from an existing SVC Bundle according to the following rules:\n * preserve the content in the existing SVC Bundle\n * amend this by transferring the non-digital demographic content  from the Paper SVC into the SVC Patient resource","groupingId":"_str_profile"},{"extension":[{"url":"http://hl7.org/fhir/StructureDefinition/implementationguide-page","valueUri":"StructureDefinition-svc-patient.html"}],"reference":{"reference":"StructureDefinition/svc-patient"},"name":"SVC Patient","description":"Correponds to the demographic information on the front page of the Paper SVC. This profile is not intended to be instantiated directly, rather a New SVC Patient or an Updated SVC Patient should be used.  \nA SVC_Patient should:\n* set the assigner of an identifier to reference the Organization resource associated to the PHA via the WHO Smart Directory","groupingId":"_str_abstractprofile"},{"extension":[{"url":"http://hl7.org/fhir/StructureDefinition/implementationguide-page","valueUri":"StructureDefinition-svc-immunization.html"}],"reference":{"reference":"StructureDefinition/svc-immunization"},"name":"SVC Immunization","description":"An SVC Immunization contains the content to be encoded in a QR-code on a row in the Vaccination Events section of the Paper SVC. This profile is not intended to be instantiated directly, rather a New SVC Immunization or an Updated SVC Composition should be used.","groupingId":"_str_abstractprofile"},{"extension":[{"url":"http://hl7.org/fhir/StructureDefinition/implementationguide-page","valueUri":"StructureDefinition-svc-provenance-digital-new.html"}],"reference":{"reference":"StructureDefinition/svc-provenance-digital-new"},"name":"Provenance of a New Digital SVC","description":"The Provenance of a New Digital SVC is used to assert the provenance of a Public Health Auhority (PHA) over a new Digital SVC document.  \n\nThe Provencance of a New Dgivial SVC should:\n * be generated at the time of printing a new Paper SVC\n * have as target a New SVC Composition \n * set the role to derived\n * set the agent.behalfOf to refence a New SVC Patient","groupingId":"_str_profile"},{"extension":[{"url":"http://hl7.org/fhir/StructureDefinition/implementationguide-page","valueUri":"StructureDefinition-svc-composition.html"}],"reference":{"reference":"StructureDefinition/svc-composition"},"name":"SVC Composition","description":"Container for the health content contained on a Paper SVC.  This profile is not intended to be instantiated directly, rather a New SVC Composition or a Updarted SVC Composition should be used.\n\nA SVC Composition be accessible from a SVC Registry as located via the WHO SMART Directory for the PHA referenced in the author.","groupingId":"_str_abstractprofile"},{"extension":[{"url":"http://hl7.org/fhir/StructureDefinition/implementationguide-page","valueUri":"StructureDefinition-svc-provenance-digital.html"}],"reference":{"reference":"StructureDefinition/svc-provenance-digital"},"name":"Provenance of a Digital SVC","description":"Abstraction for the Provenance of a Digital SVC.  This profile is not intended to be instantiated directly, rather a   [Provenance of an New Digital SVC](StructureDefinition-svc-provenance-digital-new.html), [Provenance of an Updated Digital SVC](StructureDefinition-svc-provenance-digital-udpated.html),  or a [Provenance of an Ingested Digital SVC](StructureDefinition-svc-provenance-digital-ingested.html) should be used.\n\nNon-digital content in a Paper SVC may be digitized by a PHA by any of the following methods:\n  * Issue and print a QR-sticker which encodes an updated SVC Bundle  to place on the front page of the Paper SVC.  \n  * The issuing PHA may re-issue and print a new Paper SVC such that:\n      * the QR-code on the front page encodes an [Updated SVC Bundle](StructureDefinition-svc-bundle-updated.html).\n      * the demographic content on the front page is printed with the content transferred from the Paper SVC to an [Updated SVC Patient](StructureDefinition-svc-bundle-updated.html).\n      * the rows in the Vaccination Events section are printed with the transferred vaccination content from the Paper SVC into [Updated SVC Immunuzation](StructureDefinition-svc-immunization-updated.html) resources","groupingId":"_str_abstractprofile"},{"extension":[{"url":"http://hl7.org/fhir/StructureDefinition/implementationguide-page","valueUri":"StructureDefinition-svc-composition-updated.html"}],"reference":{"reference":"StructureDefinition/svc-composition-updated"},"name":"Updated SVC Composition","description":"Populated container for the health content contained on a reissued Paper SVC which\n\nWhen a Paper SVC is reissued, the following rules apply:\n  * status is set to final\n  * each row in the Vaccination Events section of the Paper SVC should contain a QR-code encoding an SVC Immunization\n  * transfer written content from the Vaccination Events section of the existing Paper SVC into corresponding Updated SVC Immunizations\n  * preserve entries in the from the external SVC Composition that correspond to Updated SVC Immunizations \n\n\nAn Update SVC Composition may:\n * contain any other relevant health information appropriate to share (e.g. test results) according to the policy of the PHA.  It is up to the PHAs to define and manage bilateral data access policies.","groupingId":"_str_profile"},{"extension":[{"url":"http://hl7.org/fhir/StructureDefinition/implementationguide-page","valueUri":"StructureDefinition-svc-bundle-ingested.html"}],"reference":{"reference":"StructureDefinition/svc-bundle-ingested"},"name":"Ingested SVC Bundle","description":"An Ingested SVC Bundle is generated PHA when the PHA transfers content from a Paper SVC issued by an extenral PHA, in which case it should:\n * generate an Updated SVC Patient \n * generate an Ingested SVC Compostion","groupingId":"_str_profile"},{"extension":[{"url":"http://hl7.org/fhir/StructureDefinition/implementationguide-page","valueUri":"StructureDefinition-svc-organization.html"}],"reference":{"reference":"StructureDefinition/svc-organization"},"name":"SVC Organization","description":"Abstraction for an SVC Organization. There should be an SVC Organization associated to each PHA in the WHO Smart Directory.","groupingId":"_str_profile"},{"extension":[{"url":"http://hl7.org/fhir/StructureDefinition/implementationguide-page","valueUri":"StructureDefinition-svc-immunization-new.html"}],"reference":{"reference":"StructureDefinition/svc-immunization-new"},"name":"New SVC Immunization","description":"A New SVC Immunization contains the content to be encoded in a QR-code on a row in the Vaccination Events section of the Paper SVC.\n\nWhen a new Paper SVC is issued, the following rules apply to a New SVC Immnuization::\n  * the patient reference is set to the New Patient Resource that was generated","groupingId":"_str_profile"},{"extension":[{"url":"http://hl7.org/fhir/StructureDefinition/implementationguide-page","valueUri":"StructureDefinition-svc-provenance-digitalupdated.html"}],"reference":{"reference":"StructureDefinition/svc-provenance-digitalupdated"},"name":"Provenance of an Updated Digital SVC","description":"The Provenance of a Digital SVC is used to assert the provenance of a Public Health Auhority (PHA) over an updated Digital SVC document.  \n\nThe Provenance of an Updated Digital SVC should:\n * contain the Updated SVC Patient demographic content tranferred from a Paper SVC\n * contain the Updated SVC Immunization content tranferred from a Paper SVC \n * be generated by a PHA when a Paper SVC document is printed by a PHA, in which case:\n * set entity.role.quotation to #deriverd\n * set entity role.what to reference the Updated SVC Composition associated to Paper SVC","groupingId":"_str_profile"},{"extension":[{"url":"http://hl7.org/fhir/StructureDefinition/implementationguide-page","valueUri":"StructureDefinition-svc-composition-ingested.html"}],"reference":{"reference":"StructureDefinition/svc-composition-ingested"},"name":"Ingested SVC Composition","description":"Populated container for the health content contained on a  Paper SVC issued by a PHA when ingesting an SVC issued by an external PHA\n\nAn Ingested SVC Composition should:\n  * set status #final\n  * be accessible from a SVC Registry as located via the WHO SMART Directory for the associated PHA  \n  * transfer written content from the Vaccination Events section of the existing Paper SVC into corresponding Updated SVC Immunizations\n  * preserve entries in the from the external SVC Composition that correspond to Updated SVC Immunizations \n\nAn Ingested SVC Composition may be:\n  * derived from a New SVC Compostion generated by the PHA\n  * derived from located an existing Updated SVC Composition under the provenace of the PHA\n  * contain any other relevant health information appropriate to share (e.g. test results) according to the policy of the PHA.  It is up to the PHAs to define and manage bilateral data access policies.","groupingId":"_str_profile"},{"extension":[{"url":"http://hl7.org/fhir/StructureDefinition/implementationguide-page","valueUri":"ValueSet-who-svc-vaccines-covid-19.html"}],"reference":{"reference":"ValueSet/who-svc-vaccines-covid-19"},"name":"WHO Vaccine List (COVID-19)","description":"WHO Vaccine List (COVID-19)","groupingId":"_term_valueset"},{"extension":[{"url":"http://hl7.org/fhir/StructureDefinition/implementationguide-page","valueUri":"StructureDefinition-svc-patient-updated.html"}],"reference":{"reference":"StructureDefinition/svc-patient-updated"},"name":"Updated SVC Patient","description":"Correponds to the demographic information on the front page of a Paper SVC which is reissued by a PHA.  Written demographic content from the Paper SVC should be used to populate the Updated SVC Patient.","groupingId":"_str_profile"},{"extension":[{"url":"http://hl7.org/fhir/StructureDefinition/implementationguide-page","valueUri":"StructureDefinition-svc-bundle-updated.html"}],"reference":{"reference":"StructureDefinition/svc-bundle-updated"},"name":"Updated SVC Bundle","description":"An Updated SVC Bundle is generated PHA when the PHA transfers content from a Paper SVC in which case it should:\n * generate an Updated SVC Patient \n * generate an Updated SVC Compostion","groupingId":"_str_profile"},{"extension":[{"url":"http://hl7.org/fhir/StructureDefinition/implementationguide-page","valueUri":"StructureDefinition-svc-practitioner.html"}],"reference":{"reference":"StructureDefinition/svc-practitioner"},"name":"SVC Practiotioner","description":"Container for an SVC Practitioner, which is a Practitioner authorized by the PHA to vaccinate an SVC Patient.","groupingId":"_str_profile"},{"extension":[{"url":"http://hl7.org/fhir/StructureDefinition/implementationguide-page","valueUri":"StructureDefinition-svc-patient-ingested.html"}],"reference":{"reference":"StructureDefinition/svc-patient-ingested"},"name":"Ingested SVC Patient","description":"Correponds to the demographic information on the front page a of Paper SVC which is ingested by a PHA from an external PHA.  \n\nThe following rules apply to an Ingested SVC Patient:\n * the identifier in the SVC Patient from the external SVC should be preserved in the Ingested SVC Patient\n * demographic content from the extenal SVC may be used to populate the Ingested SVC Patient.","groupingId":"_str_profile"}],"page":{"nameUrl":"toc.html","title":"Table of Contents","generation":"html","page":[{"nameUrl":"index.html","title":"Narrative","generation":"html","page":[{"nameUrl":"references.html","title":"References","generation":"html"}]},{"nameUrl":"requirements.html","title":"Business Requirements","generation":"html","page":[{"nameUrl":"concepts.html","title":"Concepts","generation":"html"},{"nameUrl":"functional.html","title":"Functional Requirements","generation":"html"},{"nameUrl":"personas.html","title":"Personas","generation":"html"},{"nameUrl":"workflows.html","title":"Workflows","generation":"html"},{"nameUrl":"usecases.html","title":"Use Cases","generation":"html"},{"nameUrl":"dictionary.html","title":"Data Dictionary","generation":"html"}]},{"nameUrl":"data_exchange.html","title":"Data Models and Exchange ","generation":"html","page":[{"nameUrl":"dependencies.html","title":"Dependencies","generation":"html"},{"nameUrl":"actors.html","title":"Actors","generation":"html"},{"nameUrl":"transactions.html","title":"Transactions","generation":"html"},{"nameUrl":"expected_actions.html","title":"Expected Actions","generation":"html"},{"nameUrl":"content_profiles.html","title":"Content Profiles","generation":"html"}]},{"nameUrl":"deployment.html","title":"Deployment Guidance","generation":"html","page":[{"nameUrl":"security_privacy.html","title":"Security and Privacy Considerations","generation":"html"},{"nameUrl":"testing.html","title":"Testing","generation":"html"},{"nameUrl":"instant_openhie.html","title":"Instant OpenHIE","generation":"html"},{"nameUrl":"downloads.html","title":"Useful Downloads","generation":"html"}]},{"nameUrl":"artifacts.html","title":"Artifacts Summary","generation":"html","page":[{"nameUrl":"StructureDefinition-svc-bundle.html","title":"SVC Bundle","generation":"generated"},{"nameUrl":"StructureDefinition-svc-provenance.html","title":"Provenance of SVC","generation":"generated"},{"nameUrl":"StructureDefinition-svc-patient.html","title":"SVC Patient","generation":"generated"},{"nameUrl":"StructureDefinition-svc-immunization.html","title":"SVC Immunization","generation":"generated"},{"nameUrl":"StructureDefinition-svc-composition.html","title":"SVC Composition","generation":"generated"},{"nameUrl":"StructureDefinition-svc-provenance-digital.html","title":"Provenance of a Digital SVC","generation":"generated"},{"nameUrl":"StructureDefinition-svc-patient-new.html","title":"New SVC Patient","generation":"generated"},{"nameUrl":"StructureDefinition-svc-composition-new.html","title":"New SVC Composition","generation":"generated"},{"nameUrl":"StructureDefinition-svc-provenance-digital-ingested.html","title":"Provenance of an Integsted Digital SVC","generation":"generated"},{"nameUrl":"StructureDefinition-svc-immunization-updated.html","title":"Updated SVC Immunization","generation":"generated"},{"nameUrl":"StructureDefinition-svc-provenance-paper.html","title":"Provenance of a Paper SVC","generation":"generated"},{"nameUrl":"StructureDefinition-svc-bundle-new.html","title":"New SVC Bundle","generation":"generated"},{"nameUrl":"StructureDefinition-svc-provenance-digital-new.html","title":"Provenance of a New Digital SVC","generation":"generated"},{"nameUrl":"StructureDefinition-svc-composition-updated.html","title":"Updated SVC Composition","generation":"generated"},{"nameUrl":"StructureDefinition-svc-bundle-ingested.html","title":"Ingested SVC Bundle","generation":"generated"},{"nameUrl":"StructureDefinition-svc-organization.html","title":"SVC Organization","generation":"generated"},{"nameUrl":"StructureDefinition-svc-immunization-new.html","title":"New SVC Immunization","generation":"generated"},{"nameUrl":"StructureDefinition-svc-provenance-digitalupdated.html","title":"Provenance of an Updated Digital SVC","generation":"generated"},{"nameUrl":"StructureDefinition-svc-composition-ingested.html","title":"Ingested SVC Composition","generation":"generated"},{"nameUrl":"StructureDefinition-svc-patient-updated.html","title":"Updated SVC Patient","generation":"generated"},{"nameUrl":"StructureDefinition-svc-bundle-updated.html","title":"Updated SVC Bundle","generation":"generated"},{"nameUrl":"StructureDefinition-svc-practitioner.html","title":"SVC Practiotioner","generation":"generated"},{"nameUrl":"StructureDefinition-svc-patient-ingested.html","title":"Ingested SVC Patient","generation":"generated"},{"nameUrl":"ValueSet-who-svc-vaccines.html","title":"WHO Vaccine List","generation":"generated"},{"nameUrl":"ValueSet-who-svc-vaccines-covid-19.html","title":"WHO Vaccine List (COVID-19)","generation":"generated"}]}]},"parameter":[{"code":"path-pages","value":"input/pagecontent"},{"code":"path-resource","value":"input/resources/activitydefinition"},{"code":"path-resource","value":"input/resources/capabilitystatement"},{"code":"path-resource","value":"input/resources/library"},{"code":"path-resource","value":"input/resources/measure"},{"code":"path-resource","value":"input/resources/plandefinition"},{"code":"path-resource","value":"input/resources/questionnaire"},{"code":"path-resource","value":"input/vocabulary/codesystem"},{"code":"path-resource","value":"input/vocabulary/valueset"},{"code":"path-resource","value":"input/capabilities"},{"code":"path-resource","value":"input/examples"},{"code":"path-resource","value":"input/extensions"},{"code":"path-resource","value":"input/models"},{"code":"path-resource","value":"input/operations"},{"code":"path-resource","value":"input/profiles"},{"code":"path-resource","value":"input/resources"},{"code":"path-resource","value":"input/vocabulary"},{"code":"path-resource","value":"input/testing"},{"code":"path-resource","value":"input/history"},{"code":"path-resource","value":"fsh-generated/resources"},{"code":"path-pages","value":"template/config"},{"code":"path-pages","value":"input/images"},{"code":"path-tx-cache","value":"input-cache/txcache"}]}}