{"resourceType":"ValueSet","id":"DDCC-QR-Category-Usage-ValueSet","text":{"status":"generated","div":"<div xmlns=\"http://www.w3.org/1999/xhtml\"><ul><li>Include all codes defined in <a href=\"CodeSystem-DDCC-QR-Category-Usage-CodeSystem.html\"><code>https://worldhealthorganization.github.io/ddcc/CodeSystem/DDCC-QR-Category-Usage-CodeSystem</code></a></li></ul></div>"},"url":"https://worldhealthorganization.github.io/ddcc/ValueSet/DDCC-QR-Category-Usage-ValueSet","version":"0.2.1","name":"DDCC_QR_Category_Usage_ValueSet","status":"active","date":"2021-07-22T03:08:33+00:00","publisher":"World Health Organization (WHO)","contact":[{"telecom":[{"system":"url","value":"https://www.who.int"}]}],"description":"Categorization of QR codes by their business usage","compose":{"include":[{"system":"https://worldhealthorganization.github.io/ddcc/CodeSystem/DDCC-QR-Category-Usage-CodeSystem"}]}}