{"resourceType":"ValueSet","id":"who-ddcc-disease-targeted-covid-19","text":{"status":"generated","div":"<div xmlns=\"http://www.w3.org/1999/xhtml\"><ul><li>Include these codes as defined in <code>http://id.who.int/icd11/mms</code><table class=\"none\"><tr><td style=\"white-space:nowrap\"><b>Code</b></td><td><b>Display</b></td></tr><tr><td>RA01</td><td>COVID-19</td></tr><tr><td>RA01.0</td><td>COVID-19, virus identified</td></tr><tr><td>RA01.1</td><td>COVID-19, virus not identified</td></tr></table></li></ul></div>"},"url":"http://worldhealthorganization.github.io/ddcc/ValueSet/who-ddcc-disease-targeted-covid-19","version":"0.2.1","name":"WHO_DDCC_Disease_Targeted_COVID_19","title":"WHO Disease or Agent Targeted (COVID-19)","status":"draft","date":"2021-08-03T22:29:42+00:00","publisher":"World Health Organization (WHO)","contact":[{"telecom":[{"system":"url","value":"https://www.who.int"}]}],"description":"WHO Disease or Agent Targeted List (COVID-19) from [ICD 11](https://icd.who.int/browse11)","compose":{"include":[{"system":"http://id.who.int/icd11/mms","concept":[{"code":"RA01","display":"COVID-19"},{"code":"RA01.0","display":"COVID-19, virus identified"},{"code":"RA01.1","display":"COVID-19, virus not identified"}]}]}}