{"resourceType":"ValueSet","id":"DDCC-QR-Format-ValueSet","text":{"status":"generated","div":"<div xmlns=\"http://www.w3.org/1999/xhtml\"><ul><li>Include all codes defined in <a href=\"CodeSystem-DDCC-QR-Format-CodeSystem.html\"><code>http://worldhealthorganization.github.io/ddcc/CodeSystem/DDCC-QR-Format-CodeSystem</code></a></li></ul></div>"},"url":"http://worldhealthorganization.github.io/ddcc/ValueSet/DDCC-QR-Format-ValueSet","version":"0.2.1","name":"DDCC_QR_Format_ValueSet","title":"DDCC QR Format Codes","status":"active","date":"2021-08-27T19:36:40+00:00","publisher":"World Health Organization (WHO)","contact":[{"telecom":[{"system":"url","value":"https://www.who.int"}]}],"description":"Format of the representation of QR code","compose":{"include":[{"system":"http://worldhealthorganization.github.io/ddcc/CodeSystem/DDCC-QR-Format-CodeSystem"}]}}