{"resourceType":"ValueSet","id":"DDCC-QR-Format-ValueSet","text":{"status":"generated","div":"<div xmlns=\"http://www.w3.org/1999/xhtml\"><ul><li>Include all codes defined in <a href=\"CodeSystem-DDCC-QR-Format-CodeSystem.html\"><code>https://worldhealthorganization.github.io/ddcc/CodeSystem/DDCC-QR-Format-CodeSystem</code></a></li></ul></div>"},"url":"https://worldhealthorganization.github.io/ddcc/ValueSet/DDCC-QR-Format-ValueSet","version":"0.2.1","name":"DDCC_QR_Format_ValueSet","status":"active","date":"2021-07-26T21:04:18+00:00","publisher":"World Health Organization (WHO)","contact":[{"telecom":[{"system":"url","value":"https://www.who.int"}]}],"description":"Format of the representation of QR code","compose":{"include":[{"system":"https://worldhealthorganization.github.io/ddcc/CodeSystem/DDCC-QR-Format-CodeSystem"}]}}