{
  "resourceType": "Bundle",
  "id": "Example-English",
  "type": "document",
  "entry": [
    {
      "fullUrl": "https://worldhealthorganization.github.io/ddcc/StructureDefinition/DDCCComposition",
      "resource": {
        "resourceType": "Composition",
        "id": "DDCC-Composition-Example-English",
        "meta": {
          "profile": [
            "https://worldhealthorganization.github.io/ddcc/StructureDefinition/DDCCComposition"
          ]
        },
        "text": {
          "status": "generated",
          "div": "<div xmlns=\"http://www.w3.org/1999/xhtml\"><p><b>Generated Narrative</b></p><p><b>identifier</b>: id: 999123456123456123456</p><p><b>status</b>: final</p><p><b>type</b>: <span title=\"Codes: {http://loinc.org 82593-5}\">Immunization summary report</span></p><p><b>date</b>: 2020-05-22</p><p><b>author</b>: <a href=\"#Organization_DDCC-Organization-English\">See above (Organization/DDCC-Organization-English)</a></p><p><b>title</b>: Digital Documentation of COVID-19 Certificate (DDCC)</p><h3>Attesters</h3><table class=\"grid\"><tr><td>-</td><td><b>Mode</b></td><td><b>Party</b></td></tr><tr><td>*</td><td>official</td><td><a href=\"#Organization_DDCC-Organization-English\">See above (Organization/DDCC-Organization-English)</a></td></tr></table></div>"
        },
        "identifier": {
          "system": "urn:EXAMPLE-who-:ddcc:composition:ids",
          "value": "999123456123456123456"
        },
        "status": "final",
        "type": {
          "coding": [
            {
              "system": "http://loinc.org",
              "code": "82593-5"
            }
          ]
        },
        "subject": {
          "reference": "Patient/DDCC-Patient-English"
        },
        "date": "2020-05-22",
        "author": [
          {
            "reference": "Organization/DDCC-Organization-English"
          }
        ],
        "title": "Digital Documentation of COVID-19 Certificate (DDCC)",
        "attester": [
          {
            "mode": "official",
            "party": {
              "reference": "Organization/DDCC-Organization-English"
            }
          }
        ],
        "section": [
          {
            "code": {
              "coding": [
                {
                  "system": "http://loinc.org",
                  "code": "11369-6"
                }
              ]
            },
            "focus": {
              "reference": "Immunization/DDCC-Immunization-English"
            },
            "entry": [
              {
                "reference": "Immunization/DDCC-Immunization-English"
              }
            ]
          }
        ]
      }
    },
    {
      "fullUrl": "http://www.example.org/fhir/Patient/DDCC-Patient-English",
      "resource": {
        "resourceType": "Patient",
        "id": "DDCC-Patient-English",
        "meta": {
          "profile": [
            "https://worldhealthorganization.github.io/ddcc/StructureDefinition/DDCCPatient"
          ]
        },
        "text": {
          "status": "generated",
          "div": "<div xmlns=\"http://www.w3.org/1999/xhtml\"><p><b>Generated Narrative</b></p><p><b>name</b>: Aulus Agerius(OFFICIAL)</p><p><b>birthDate</b>: 2003-03-03</p></div>"
        },
        "name": [
          {
            "use": "official",
            "text": "Aulus Agerius"
          }
        ],
        "birthDate": "2003-03-03"
      }
    },
    {
      "fullUrl": "http://www.example.org/fhir/Patient/DDCC-Organization-English",
      "resource": {
        "resourceType": "Organization",
        "id": "DDCC-Organization-English",
        "meta": {
          "profile": [
            "https://worldhealthorganization.github.io/ddcc/StructureDefinition/DDCCOrganization"
          ]
        },
        "text": {
          "status": "generated",
          "div": "<div xmlns=\"http://www.w3.org/1999/xhtml\"><p><b>Generated Narrative</b></p><p><b>name</b>: Government Hospital</p></div>"
        },
        "name": "Government Hospital"
      }
    },
    {
      "fullUrl": "http://www.example.org/fhir/Patient/DDCC-Immunization-English",
      "resource": {
        "resourceType": "Immunization",
        "id": "DDCC-Immunization-English",
        "meta": {
          "profile": [
            "https://worldhealthorganization.github.io/ddcc/StructureDefinition/DDCCImmunization"
          ]
        },
        "text": {
          "status": "extensions",
          "div": "<div xmlns=\"http://www.w3.org/1999/xhtml\"><p><b>Generated Narrative</b></p><p><b>DDCC Vaccine Brand for Immunization</b>: <span title=\"{urn:EXAMPLE-who-:smart:vaccine-certificate:RC1:coding TEST}\">TEST</span></p><p><b>DDCC Country Of Vaccination for Immunization</b>: CHE</p><p><b>status</b>: completed</p><p><b>vaccineCode</b>: <span title=\"Codes: {urn:EXAMPLE-who-:smart:vaccine-certificate:RC1:coding XM0CX4}\">XM0CX4</span></p><p><b>patient</b>: <a href=\"#Patient_DDCC-Patient-English\">See above (Patient/DDCC-Patient-English)</a></p><p><b>occurrence</b>: 2021-02-02</p><p><b>location</b>: <span>Vaccination Site</span></p><p><b>lotNumber</b>: 123</p><p><b>expirationDate</b>: 2021-06-30</p><h3>Performers</h3><table class=\"grid\"><tr><td>-</td><td><b>Actor</b></td></tr><tr><td>*</td><td><a href=\"#Organization_DDCC-Organization-English\">See above (Organization/DDCC-Organization-English)</a></td></tr></table><h3>ProtocolApplieds</h3><table class=\"grid\"><tr><td>-</td><td><b>Authority</b></td><td><b>TargetDisease</b></td><td><b>DoseNumber[x]</b></td><td><b>SeriesDoses[x]</b></td></tr><tr><td>*</td><td><a href=\"#Organization_DDCC-Organization-English\">See above (Organization/DDCC-Organization-English)</a></td><td><span title=\"Codes: {http://id.who.int/icd11/mms RA01.0}\">RA01.0</span></td><td>1</td><td>2</td></tr></table></div>"
        },
        "extension": [
          {
            "url": "https://worldhealthorganization.github.io/ddcc/StructureDefinition/DDCCVaccineBrand",
            "valueCoding": {
              "system": "urn:EXAMPLE-who-:smart:vaccine-certificate:RC1:coding",
              "code": "TEST"
            }
          },
          {
            "url": "https://worldhealthorganization.github.io/ddcc/StructureDefinition/DDCCCountryOfVaccination",
            "valueCode": "CHE"
          }
        ],
        "status": "completed",
        "vaccineCode": {
          "coding": [
            {
              "system": "urn:EXAMPLE-who-:smart:vaccine-certificate:RC1:coding",
              "code": "XM0CX4"
            }
          ]
        },
        "patient": {
          "reference": "Patient/DDCC-Patient-English"
        },
        "occurrenceDateTime": "2021-02-02",
        "location": {
          "display": "Vaccination Site"
        },
        "lotNumber": "123",
        "expirationDate": "2021-06-30",
        "performer": [
          {
            "actor": {
              "reference": "Organization/DDCC-Organization-English"
            }
          }
        ],
        "protocolApplied": [
          {
            "authority": {
              "reference": "Organization/DDCC-Organization-English"
            },
            "targetDisease": [
              {
                "coding": [
                  {
                    "system": "http://id.who.int/icd11/mms",
                    "code": "RA01.0"
                  }
                ]
              }
            ],
            "doseNumberPositiveInt": 1,
            "seriesDosesPositiveInt": 2
          }
        ]
      }
    }
  ]
}