{
  "resourceType": "ImplementationGuide",
  "id": "fhir.who.ddcc-vs",
  "text": {
    "status": "extensions",
    "div": "<div xmlns=\"http://www.w3.org/1999/xhtml\"><h2>DDCC_VS</h2><p>The official URL for this implementation guide is: </p><pre>http://worldhealthorganization.github.io/ddcc/ImplementationGuide/fhir.who.ddcc-vs</pre><div><p>Digital Documentation of COVID-19 Certificates: Vaccination Status</p>\n</div></div>"
  },
  "url": "http://worldhealthorganization.github.io/ddcc/ImplementationGuide/fhir.who.ddcc-vs",
  "version": "0.2.1",
  "name": "DDCC_VS",
  "title": "WHO Digital Documentation of COVID-19 Certificates: Vaccination Status (DDCC:VS)",
  "status": "draft",
  "experimental": false,
  "date": "2021-06-03",
  "publisher": "World Health Organization (WHO)",
  "contact": [
    {
      "telecom": [
        {
          "system": "url",
          "value": "https://www.who.int"
        }
      ]
    }
  ],
  "description": "Digital Documentation of COVID-19 Certificates: Vaccination Status",
  "packageId": "fhir.who.ddcc-vs",
  "license": "CC0-1.0",
  "fhirVersion": [
    "4.0.1"
  ],
  "dependsOn": [
    {
      "id": "ips",
      "uri": "http://hl7.org/fhir/uv/ips/ImplementationGuide/hl7.fhir.uv.ips",
      "packageId": "hl7.fhir.uv.ips",
      "version": "1.0.0"
    },
    {
      "id": "sdc",
      "uri": "http://hl7.org/fhir/uv/sdc/ImplementationGuide/hl7.fhir.uv.sdc",
      "packageId": "hl7.fhir.uv.sdc",
      "version": "current"
    },
    {
      "id": "mhd",
      "uri": "http://profiles.ihe.net/ITI/MHD/ImplementationGuide/ihe.mhd.fhir",
      "packageId": "ihe.mhd.fhir",
      "version": "current"
    }
  ],
  "definition": {
    "extension": [
      {
        "extension": [
          {
            "url": "code",
            "valueString": "copyrightyear"
          },
          {
            "url": "value",
            "valueString": "2021+"
          }
        ],
        "url": "http://hl7.org/fhir/tools/StructureDefinition/ig-parameter"
      },
      {
        "extension": [
          {
            "url": "code",
            "valueString": "releaselabel"
          },
          {
            "url": "value",
            "valueString": "CI Build"
          }
        ],
        "url": "http://hl7.org/fhir/tools/StructureDefinition/ig-parameter"
      },
      {
        "extension": [
          {
            "url": "code",
            "valueString": "example-table"
          },
          {
            "url": "value",
            "valueString": "true"
          }
        ],
        "url": "http://hl7.org/fhir/tools/StructureDefinition/ig-parameter"
      },
      {
        "extension": [
          {
            "url": "code",
            "valueString": "generate"
          },
          {
            "url": "value",
            "valueString": "example-narratives"
          }
        ],
        "url": "http://hl7.org/fhir/tools/StructureDefinition/ig-parameter"
      },
      {
        "extension": [
          {
            "url": "code",
            "valueString": "example-list"
          },
          {
            "url": "value",
            "valueString": "true"
          }
        ],
        "url": "http://hl7.org/fhir/tools/StructureDefinition/ig-parameter"
      },
      {
        "extension": [
          {
            "url": "code",
            "valueString": "example-table-all"
          },
          {
            "url": "value",
            "valueString": "true"
          }
        ],
        "url": "http://hl7.org/fhir/tools/StructureDefinition/ig-parameter"
      },
      {
        "extension": [
          {
            "url": "code",
            "valueString": "example-list-all"
          },
          {
            "url": "value",
            "valueString": "true"
          }
        ],
        "url": "http://hl7.org/fhir/tools/StructureDefinition/ig-parameter"
      },
      {
        "extension": [
          {
            "url": "code",
            "valueString": "summary"
          },
          {
            "url": "value",
            "valueString": "true"
          }
        ],
        "url": "http://hl7.org/fhir/tools/StructureDefinition/ig-parameter"
      },
      {
        "extension": [
          {
            "url": "code",
            "valueString": "summary-tables"
          },
          {
            "url": "value",
            "valueString": "true"
          }
        ],
        "url": "http://hl7.org/fhir/tools/StructureDefinition/ig-parameter"
      },
      {
        "extension": [
          {
            "url": "code",
            "valueString": "content"
          },
          {
            "url": "value",
            "valueString": "true"
          }
        ],
        "url": "http://hl7.org/fhir/tools/StructureDefinition/ig-parameter"
      },
      {
        "extension": [
          {
            "url": "code",
            "valueString": "profiles"
          },
          {
            "url": "value",
            "valueString": "true"
          }
        ],
        "url": "http://hl7.org/fhir/tools/StructureDefinition/ig-parameter"
      },
      {
        "extension": [
          {
            "url": "code",
            "valueString": "script"
          },
          {
            "url": "value",
            "valueString": "true"
          }
        ],
        "url": "http://hl7.org/fhir/tools/StructureDefinition/ig-parameter"
      },
      {
        "extension": [
          {
            "url": "code",
            "valueString": "do-transforms"
          },
          {
            "url": "value",
            "valueString": "true"
          }
        ],
        "url": "http://hl7.org/fhir/tools/StructureDefinition/ig-parameter"
      },
      {
        "extension": [
          {
            "url": "code",
            "valueString": "special-url"
          },
          {
            "url": "value",
            "valueString": "http://hl7.org/fhir/uv/ips/StructureDefinition/Patient-pre-uv-ips"
          }
        ],
        "url": "http://hl7.org/fhir/tools/StructureDefinition/ig-parameter"
      },
      {
        "extension": [
          {
            "url": "code",
            "valueString": "special-url"
          },
          {
            "url": "value",
            "valueString": "http://hl7.org/fhir/uv/ips/StructureDefinition/Immunization-pre-uv-ips"
          }
        ],
        "url": "http://hl7.org/fhir/tools/StructureDefinition/ig-parameter"
      },
      {
        "extension": [
          {
            "url": "code",
            "valueString": "path-suppressed-warnings"
          },
          {
            "url": "value",
            "valueString": "input/ignoreWarnings.txt"
          }
        ],
        "url": "http://hl7.org/fhir/tools/StructureDefinition/ig-parameter"
      },
      {
        "extension": [
          {
            "url": "code",
            "valueString": "path-binary"
          },
          {
            "url": "value",
            "valueString": "input/cql"
          }
        ],
        "url": "http://hl7.org/fhir/tools/StructureDefinition/ig-parameter"
      },
      {
        "extension": [
          {
            "url": "code",
            "valueString": "do-transforms"
          },
          {
            "url": "value",
            "valueString": "true"
          }
        ],
        "url": "http://hl7.org/fhir/tools/StructureDefinition/ig-parameter"
      },
      {
        "extension": [
          {
            "url": "code",
            "valueString": "gen-examples"
          },
          {
            "url": "value",
            "valueString": "true"
          }
        ],
        "url": "http://hl7.org/fhir/tools/StructureDefinition/ig-parameter"
      },
      {
        "extension": [
          {
            "url": "code",
            "valueString": "autoload-resources"
          },
          {
            "url": "value",
            "valueString": "true"
          }
        ],
        "url": "http://hl7.org/fhir/tools/StructureDefinition/ig-parameter"
      },
      {
        "extension": [
          {
            "url": "code",
            "valueString": "path-liquid"
          },
          {
            "url": "value",
            "valueString": "template/liquid"
          }
        ],
        "url": "http://hl7.org/fhir/tools/StructureDefinition/ig-parameter"
      },
      {
        "extension": [
          {
            "url": "code",
            "valueString": "path-liquid"
          },
          {
            "url": "value",
            "valueString": "input/liquid"
          }
        ],
        "url": "http://hl7.org/fhir/tools/StructureDefinition/ig-parameter"
      },
      {
        "extension": [
          {
            "url": "code",
            "valueString": "path-qa"
          },
          {
            "url": "value",
            "valueString": "temp/qa"
          }
        ],
        "url": "http://hl7.org/fhir/tools/StructureDefinition/ig-parameter"
      },
      {
        "extension": [
          {
            "url": "code",
            "valueString": "path-temp"
          },
          {
            "url": "value",
            "valueString": "temp/pages"
          }
        ],
        "url": "http://hl7.org/fhir/tools/StructureDefinition/ig-parameter"
      },
      {
        "extension": [
          {
            "url": "code",
            "valueString": "path-output"
          },
          {
            "url": "value",
            "valueString": "output"
          }
        ],
        "url": "http://hl7.org/fhir/tools/StructureDefinition/ig-parameter"
      },
      {
        "extension": [
          {
            "url": "code",
            "valueString": "path-history"
          },
          {
            "url": "value",
            "valueString": "http://worldhealthorganization.github.io/ddcc/history.html"
          }
        ],
        "url": "http://hl7.org/fhir/tools/StructureDefinition/ig-parameter"
      },
      {
        "extension": [
          {
            "url": "code",
            "valueString": "template-html"
          },
          {
            "url": "value",
            "valueString": "template-page.html"
          }
        ],
        "url": "http://hl7.org/fhir/tools/StructureDefinition/ig-parameter"
      },
      {
        "extension": [
          {
            "url": "code",
            "valueString": "template-md"
          },
          {
            "url": "value",
            "valueString": "template-page-md.html"
          }
        ],
        "url": "http://hl7.org/fhir/tools/StructureDefinition/ig-parameter"
      },
      {
        "extension": [
          {
            "url": "code",
            "valueString": "apply-contact"
          },
          {
            "url": "value",
            "valueString": "true"
          }
        ],
        "url": "http://hl7.org/fhir/tools/StructureDefinition/ig-parameter"
      },
      {
        "extension": [
          {
            "url": "code",
            "valueString": "apply-context"
          },
          {
            "url": "value",
            "valueString": "true"
          }
        ],
        "url": "http://hl7.org/fhir/tools/StructureDefinition/ig-parameter"
      },
      {
        "extension": [
          {
            "url": "code",
            "valueString": "apply-copyright"
          },
          {
            "url": "value",
            "valueString": "true"
          }
        ],
        "url": "http://hl7.org/fhir/tools/StructureDefinition/ig-parameter"
      },
      {
        "extension": [
          {
            "url": "code",
            "valueString": "apply-jurisdiction"
          },
          {
            "url": "value",
            "valueString": "true"
          }
        ],
        "url": "http://hl7.org/fhir/tools/StructureDefinition/ig-parameter"
      },
      {
        "extension": [
          {
            "url": "code",
            "valueString": "apply-license"
          },
          {
            "url": "value",
            "valueString": "true"
          }
        ],
        "url": "http://hl7.org/fhir/tools/StructureDefinition/ig-parameter"
      },
      {
        "extension": [
          {
            "url": "code",
            "valueString": "apply-publisher"
          },
          {
            "url": "value",
            "valueString": "true"
          }
        ],
        "url": "http://hl7.org/fhir/tools/StructureDefinition/ig-parameter"
      },
      {
        "extension": [
          {
            "url": "code",
            "valueString": "apply-version"
          },
          {
            "url": "value",
            "valueString": "true"
          }
        ],
        "url": "http://hl7.org/fhir/tools/StructureDefinition/ig-parameter"
      },
      {
        "extension": [
          {
            "url": "code",
            "valueString": "active-tables"
          },
          {
            "url": "value",
            "valueString": "true"
          }
        ],
        "url": "http://hl7.org/fhir/tools/StructureDefinition/ig-parameter"
      }
    ],
    "resource": [
      {
        "extension": [
          {
            "url": "http://hl7.org/fhir/tools/StructureDefinition/resource-information",
            "valueString": "Bundle"
          }
        ],
        "reference": {
          "reference": "Bundle/IPS-Immunization-Example-Bundle-01"
        },
        "name": "IPS Example Immunization Bundle",
        "description": "Example Bundle for an IPS Immunization"
      },
      {
        "extension": [
          {
            "url": "http://hl7.org/fhir/tools/StructureDefinition/resource-information",
            "valueString": "Patient"
          }
        ],
        "reference": {
          "reference": "Patient/DDCC-Patient-English"
        },
        "name": "English DDCC Patient Example",
        "description": "Example DDCC Patient in English",
        "exampleCanonical": "http://worldhealthorganization.github.io/ddcc/StructureDefinition/DDCCPatient"
      },
      {
        "extension": [
          {
            "url": "http://hl7.org/fhir/tools/StructureDefinition/resource-information",
            "valueString": "Immunization"
          }
        ],
        "reference": {
          "reference": "Immunization/DDCC-Immunization-English"
        },
        "name": "English DDCC Immunization Example",
        "description": "Example DDCC Immunization in English",
        "exampleCanonical": "http://worldhealthorganization.github.io/ddcc/StructureDefinition/DDCCImmunization"
      },
      {
        "extension": [
          {
            "url": "http://hl7.org/fhir/tools/StructureDefinition/resource-information",
            "valueString": "Composition"
          }
        ],
        "reference": {
          "reference": "Composition/DDCC-Composition-Example-English"
        },
        "name": "English DDCC Composition Example",
        "description": "Example DDCC Composition in English",
        "exampleCanonical": "http://worldhealthorganization.github.io/ddcc/StructureDefinition/DDCCComposition"
      },
      {
        "extension": [
          {
            "url": "http://hl7.org/fhir/tools/StructureDefinition/resource-information",
            "valueString": "Organization"
          }
        ],
        "reference": {
          "reference": "Organization/DDCC-Organization-English"
        },
        "name": "English DDCC Organization Example",
        "description": "Example DDCC Organization in English",
        "exampleCanonical": "http://worldhealthorganization.github.io/ddcc/StructureDefinition/DDCCOrganization"
      },
      {
        "extension": [
          {
            "url": "http://hl7.org/fhir/tools/StructureDefinition/resource-information",
            "valueString": "ImmunizationRecommendation"
          }
        ],
        "reference": {
          "reference": "ImmunizationRecommendation/DDCC-ImmunizationRecommendation-English"
        },
        "name": "English DDCC ImmunizationRecommendation Example",
        "description": "Example DDCC ImmunizationRecommendation in English",
        "exampleCanonical": "http://worldhealthorganization.github.io/ddcc/StructureDefinition/DDCCImmunizationRecommendation"
      },
      {
        "extension": [
          {
            "url": "http://hl7.org/fhir/tools/StructureDefinition/resource-information",
            "valueString": "Bundle"
          }
        ],
        "reference": {
          "reference": "Bundle/Example-English"
        },
        "name": "English DDCC Bundle Example",
        "description": "Example DDCC Bundle in English",
        "exampleCanonical": "http://worldhealthorganization.github.io/ddcc/StructureDefinition/DDCCImmunization"
      },
      {
        "extension": [
          {
            "url": "http://hl7.org/fhir/tools/StructureDefinition/resource-information",
            "valueString": "QuestionnaireResponse"
          }
        ],
        "reference": {
          "reference": "QuestionnaireResponse/DDCC-VS-QuestionnaireResponse-Example"
        },
        "name": "English DDCC:VS QuestionnaireResponse Example",
        "description": "Example DDCC:VS QuestionnaireResponse in English",
        "exampleCanonical": "http://worldhealthorganization.github.io/ddcc/StructureDefinition/DDCCQuestionnaireResponse"
      },
      {
        "extension": [
          {
            "url": "http://hl7.org/fhir/tools/StructureDefinition/resource-information",
            "valueString": "Bundle"
          }
        ],
        "reference": {
          "reference": "Bundle/DDCC-TX-SHE-bundle-example-1"
        },
        "name": "English DDCC Submit Health Event Request Bundle",
        "description": "Example DDCC Bundle for the [Submit Health Event Request](StructureDefinition-DDCCSubmitHealthEventRequest.html) in English",
        "exampleCanonical": "http://worldhealthorganization.github.io/ddcc/StructureDefinition/DDCCSubmitHealthEventRequest"
      },
      {
        "extension": [
          {
            "url": "http://hl7.org/fhir/tools/StructureDefinition/resource-information",
            "valueString": "Patient"
          }
        ],
        "reference": {
          "reference": "Patient/DDCC-Patient-Arabic"
        },
        "name": "Arabic DDCC Patient Example",
        "description": "Example DDCC Patient in Arabic",
        "exampleCanonical": "http://worldhealthorganization.github.io/ddcc/StructureDefinition/DDCCPatient"
      },
      {
        "extension": [
          {
            "url": "http://hl7.org/fhir/tools/StructureDefinition/resource-information",
            "valueString": "Immunization"
          }
        ],
        "reference": {
          "reference": "Immunization/DDCC-Immunization-Arabic"
        },
        "name": "Arabic DDCC Immunization Example",
        "description": "Example DDCC Immunization in Arabic",
        "exampleCanonical": "http://worldhealthorganization.github.io/ddcc/StructureDefinition/DDCCImmunization"
      },
      {
        "extension": [
          {
            "url": "http://hl7.org/fhir/tools/StructureDefinition/resource-information",
            "valueString": "Composition"
          }
        ],
        "reference": {
          "reference": "Composition/DDCC-Composition-Example-Arabic"
        },
        "name": "Arabic DDCC Composition Example",
        "description": "Example DDCC Composition in Arabic",
        "exampleCanonical": "http://worldhealthorganization.github.io/ddcc/StructureDefinition/DDCCComposition"
      },
      {
        "extension": [
          {
            "url": "http://hl7.org/fhir/tools/StructureDefinition/resource-information",
            "valueString": "Organization"
          }
        ],
        "reference": {
          "reference": "Organization/DDCC-Organization-Arabic"
        },
        "name": "Arabic DDCC Organization Example",
        "description": "Example DDCC Organization in Arabic",
        "exampleCanonical": "http://worldhealthorganization.github.io/ddcc/StructureDefinition/DDCCOrganization"
      },
      {
        "extension": [
          {
            "url": "http://hl7.org/fhir/tools/StructureDefinition/resource-information",
            "valueString": "ImmunizationRecommendation"
          }
        ],
        "reference": {
          "reference": "ImmunizationRecommendation/DDCC-ImmunizationRecommendation-Arabic"
        },
        "name": "Arabic DDCC ImmunizationRecommendation Example",
        "description": "Example DDCC ImmunizationRecommendation in Arabic",
        "exampleCanonical": "http://worldhealthorganization.github.io/ddcc/StructureDefinition/DDCCImmunizationRecommendation"
      },
      {
        "extension": [
          {
            "url": "http://hl7.org/fhir/tools/StructureDefinition/resource-information",
            "valueString": "Bundle"
          }
        ],
        "reference": {
          "reference": "Bundle/Example-Arabic"
        },
        "name": "Arabic DDCC Bundle Example",
        "description": "Example DDCC Bundle in Arabic",
        "exampleCanonical": "http://worldhealthorganization.github.io/ddcc/StructureDefinition/DDCCImmunization"
      },
      {
        "extension": [
          {
            "url": "http://hl7.org/fhir/tools/StructureDefinition/resource-information",
            "valueString": "Patient"
          }
        ],
        "reference": {
          "reference": "Patient/DDCC-Patient-Chinese"
        },
        "name": "Chinese DDCC Patient Example",
        "description": "Example DDCC Patient in Chinese",
        "exampleCanonical": "http://worldhealthorganization.github.io/ddcc/StructureDefinition/DDCCPatient"
      },
      {
        "extension": [
          {
            "url": "http://hl7.org/fhir/tools/StructureDefinition/resource-information",
            "valueString": "Immunization"
          }
        ],
        "reference": {
          "reference": "Immunization/DDCC-Immunization-Chinese"
        },
        "name": "Chinese DDCC Immunization Example",
        "description": "Example DDCC Immunization in Chinese",
        "exampleCanonical": "http://worldhealthorganization.github.io/ddcc/StructureDefinition/DDCCImmunization"
      },
      {
        "extension": [
          {
            "url": "http://hl7.org/fhir/tools/StructureDefinition/resource-information",
            "valueString": "Composition"
          }
        ],
        "reference": {
          "reference": "Composition/DDCC-Composition-Example-Chinese"
        },
        "name": "Chinese DDCC Composition Example",
        "description": "Example DDCC Composition in Chinese",
        "exampleCanonical": "http://worldhealthorganization.github.io/ddcc/StructureDefinition/DDCCComposition"
      },
      {
        "extension": [
          {
            "url": "http://hl7.org/fhir/tools/StructureDefinition/resource-information",
            "valueString": "Organization"
          }
        ],
        "reference": {
          "reference": "Organization/DDCC-Organization-Chinese"
        },
        "name": "Chinese DDCC Organization Example",
        "description": "Example DDCC Organization in Chinese",
        "exampleCanonical": "http://worldhealthorganization.github.io/ddcc/StructureDefinition/DDCCOrganization"
      },
      {
        "extension": [
          {
            "url": "http://hl7.org/fhir/tools/StructureDefinition/resource-information",
            "valueString": "ImmunizationRecommendation"
          }
        ],
        "reference": {
          "reference": "ImmunizationRecommendation/DDCC-ImmunizationRecommendation-Chinese"
        },
        "name": "Chinese DDCC ImmunizationRecommendation Example",
        "description": "Example DDCC ImmunizationRecommendation in Chinese",
        "exampleCanonical": "http://worldhealthorganization.github.io/ddcc/StructureDefinition/DDCCImmunizationRecommendation"
      },
      {
        "extension": [
          {
            "url": "http://hl7.org/fhir/tools/StructureDefinition/resource-information",
            "valueString": "Bundle"
          }
        ],
        "reference": {
          "reference": "Bundle/Example-Chinese"
        },
        "name": "Chinese DDCC Bundle Example",
        "description": "Example DDCC Bundle in Chinese",
        "exampleCanonical": "http://worldhealthorganization.github.io/ddcc/StructureDefinition/DDCCImmunization"
      },
      {
        "extension": [
          {
            "url": "http://hl7.org/fhir/tools/StructureDefinition/resource-information",
            "valueString": "Patient"
          }
        ],
        "reference": {
          "reference": "Patient/DDCC-Patient-French"
        },
        "name": "French DDCC Patient Example",
        "description": "Example DDCC Patient in French",
        "exampleCanonical": "http://worldhealthorganization.github.io/ddcc/StructureDefinition/DDCCPatient"
      },
      {
        "extension": [
          {
            "url": "http://hl7.org/fhir/tools/StructureDefinition/resource-information",
            "valueString": "Immunization"
          }
        ],
        "reference": {
          "reference": "Immunization/DDCC-Immunization-French"
        },
        "name": "French DDCC Immunization Example",
        "description": "Example DDCC Immunization in French",
        "exampleCanonical": "http://worldhealthorganization.github.io/ddcc/StructureDefinition/DDCCImmunization"
      },
      {
        "extension": [
          {
            "url": "http://hl7.org/fhir/tools/StructureDefinition/resource-information",
            "valueString": "Composition"
          }
        ],
        "reference": {
          "reference": "Composition/DDCC-Composition-Example-French"
        },
        "name": "French DDCC Composition Example",
        "description": "Example DDCC Composition in French",
        "exampleCanonical": "http://worldhealthorganization.github.io/ddcc/StructureDefinition/DDCCComposition"
      },
      {
        "extension": [
          {
            "url": "http://hl7.org/fhir/tools/StructureDefinition/resource-information",
            "valueString": "Organization"
          }
        ],
        "reference": {
          "reference": "Organization/DDCC-Organization-French"
        },
        "name": "French DDCC Organization Example",
        "description": "Example DDCC Organization in French",
        "exampleCanonical": "http://worldhealthorganization.github.io/ddcc/StructureDefinition/DDCCOrganization"
      },
      {
        "extension": [
          {
            "url": "http://hl7.org/fhir/tools/StructureDefinition/resource-information",
            "valueString": "ImmunizationRecommendation"
          }
        ],
        "reference": {
          "reference": "ImmunizationRecommendation/DDCC-ImmunizationRecommendation-French"
        },
        "name": "French DDCC ImmunizationRecommendation Example",
        "description": "Example DDCC ImmunizationRecommendation in French",
        "exampleCanonical": "http://worldhealthorganization.github.io/ddcc/StructureDefinition/DDCCImmunizationRecommendation"
      },
      {
        "extension": [
          {
            "url": "http://hl7.org/fhir/tools/StructureDefinition/resource-information",
            "valueString": "Bundle"
          }
        ],
        "reference": {
          "reference": "Bundle/Example-French"
        },
        "name": "French DDCC Bundle Example",
        "description": "Example DDCC Bundle in French",
        "exampleCanonical": "http://worldhealthorganization.github.io/ddcc/StructureDefinition/DDCCImmunization"
      },
      {
        "extension": [
          {
            "url": "http://hl7.org/fhir/tools/StructureDefinition/resource-information",
            "valueString": "Patient"
          }
        ],
        "reference": {
          "reference": "Patient/DDCC-Patient-Russian"
        },
        "name": "Russian DDCC Patient Example",
        "description": "Example DDCC Patient in Russian",
        "exampleCanonical": "http://worldhealthorganization.github.io/ddcc/StructureDefinition/DDCCPatient"
      },
      {
        "extension": [
          {
            "url": "http://hl7.org/fhir/tools/StructureDefinition/resource-information",
            "valueString": "Immunization"
          }
        ],
        "reference": {
          "reference": "Immunization/DDCC-Immunization-Russian"
        },
        "name": "Russian DDCC Immunization Example",
        "description": "Example DDCC Immunization in Russian",
        "exampleCanonical": "http://worldhealthorganization.github.io/ddcc/StructureDefinition/DDCCImmunization"
      },
      {
        "extension": [
          {
            "url": "http://hl7.org/fhir/tools/StructureDefinition/resource-information",
            "valueString": "Composition"
          }
        ],
        "reference": {
          "reference": "Composition/DDCC-Composition-Example-Russian"
        },
        "name": "Russian DDCC Composition Example",
        "description": "Example DDCC Composition in Russian",
        "exampleCanonical": "http://worldhealthorganization.github.io/ddcc/StructureDefinition/DDCCComposition"
      },
      {
        "extension": [
          {
            "url": "http://hl7.org/fhir/tools/StructureDefinition/resource-information",
            "valueString": "Organization"
          }
        ],
        "reference": {
          "reference": "Organization/DDCC-Organization-Russian"
        },
        "name": "Russian DDCC Organization Example",
        "description": "Example DDCC Organization in Russian",
        "exampleCanonical": "http://worldhealthorganization.github.io/ddcc/StructureDefinition/DDCCOrganization"
      },
      {
        "extension": [
          {
            "url": "http://hl7.org/fhir/tools/StructureDefinition/resource-information",
            "valueString": "ImmunizationRecommendation"
          }
        ],
        "reference": {
          "reference": "ImmunizationRecommendation/DDCC-ImmunizationRecommendation-Russian"
        },
        "name": "Russian DDCC ImmunizationRecommendation Example",
        "description": "Example DDCC ImmunizationRecommendation in Russian",
        "exampleCanonical": "http://worldhealthorganization.github.io/ddcc/StructureDefinition/DDCCImmunizationRecommendation"
      },
      {
        "extension": [
          {
            "url": "http://hl7.org/fhir/tools/StructureDefinition/resource-information",
            "valueString": "Bundle"
          }
        ],
        "reference": {
          "reference": "Bundle/Example-Russian"
        },
        "name": "Russian DDCC Bundle Example",
        "description": "Example DDCC Bundle in Russian",
        "exampleCanonical": "http://worldhealthorganization.github.io/ddcc/StructureDefinition/DDCCImmunization"
      },
      {
        "extension": [
          {
            "url": "http://hl7.org/fhir/tools/StructureDefinition/resource-information",
            "valueString": "Patient"
          }
        ],
        "reference": {
          "reference": "Patient/DDCC-Patient-Spanish"
        },
        "name": "Spanish DDCC Patient Example",
        "description": "Example DDCC Patient in Spanish",
        "exampleCanonical": "http://worldhealthorganization.github.io/ddcc/StructureDefinition/DDCCPatient"
      },
      {
        "extension": [
          {
            "url": "http://hl7.org/fhir/tools/StructureDefinition/resource-information",
            "valueString": "Immunization"
          }
        ],
        "reference": {
          "reference": "Immunization/DDCC-Immunization-Spanish"
        },
        "name": "Spanish DDCC Immunization Example",
        "description": "Example DDCC Immunization in Spanish",
        "exampleCanonical": "http://worldhealthorganization.github.io/ddcc/StructureDefinition/DDCCImmunization"
      },
      {
        "extension": [
          {
            "url": "http://hl7.org/fhir/tools/StructureDefinition/resource-information",
            "valueString": "Composition"
          }
        ],
        "reference": {
          "reference": "Composition/DDCC-Composition-Example-Spanish"
        },
        "name": "Spanish DDCC Composition Example",
        "description": "Example DDCC Composition in Spanish",
        "exampleCanonical": "http://worldhealthorganization.github.io/ddcc/StructureDefinition/DDCCComposition"
      },
      {
        "extension": [
          {
            "url": "http://hl7.org/fhir/tools/StructureDefinition/resource-information",
            "valueString": "Organization"
          }
        ],
        "reference": {
          "reference": "Organization/DDCC-Organization-Spanish"
        },
        "name": "Spanish DDCC Organization Example",
        "description": "Example DDCC Organization in Spanish",
        "exampleCanonical": "http://worldhealthorganization.github.io/ddcc/StructureDefinition/DDCCOrganization"
      },
      {
        "extension": [
          {
            "url": "http://hl7.org/fhir/tools/StructureDefinition/resource-information",
            "valueString": "ImmunizationRecommendation"
          }
        ],
        "reference": {
          "reference": "ImmunizationRecommendation/DDCC-ImmunizationRecommendation-Spanish"
        },
        "name": "Spanish DDCC ImmunizationRecommendation Example",
        "description": "Example DDCC ImmunizationRecommendation in Spanish",
        "exampleCanonical": "http://worldhealthorganization.github.io/ddcc/StructureDefinition/DDCCImmunizationRecommendation"
      },
      {
        "extension": [
          {
            "url": "http://hl7.org/fhir/tools/StructureDefinition/resource-information",
            "valueString": "Bundle"
          }
        ],
        "reference": {
          "reference": "Bundle/Example-Spanish"
        },
        "name": "Spanish DDCC Bundle Example",
        "description": "Example DDCC Bundle in Spanish",
        "exampleCanonical": "http://worldhealthorganization.github.io/ddcc/StructureDefinition/DDCCImmunization"
      },
      {
        "extension": [
          {
            "url": "http://hl7.org/fhir/tools/StructureDefinition/resource-information",
            "valueString": "StructureMap"
          }
        ],
        "reference": {
          "reference": "StructureMap/QRespToCoreDataSet"
        }
      },
      {
        "extension": [
          {
            "url": "http://hl7.org/fhir/tools/StructureDefinition/resource-information",
            "valueString": "StructureMap"
          }
        ],
        "reference": {
          "reference": "StructureMap/ddcc-to-coredataset"
        },
        "name": "DDCC to Core Data Set",
        "description": "Mapping to go from the DDCC to the Core Data Set"
      },
      {
        "extension": [
          {
            "url": "http://hl7.org/fhir/tools/StructureDefinition/resource-information",
            "valueString": "StructureMap"
          }
        ],
        "reference": {
          "reference": "StructureMap/ddcc-to-eu-dcc"
        },
        "name": "DDCC to EU DCC",
        "description": "Mapping to go from the DDCC to the EU DCC"
      },
      {
        "extension": [
          {
            "url": "http://hl7.org/fhir/tools/StructureDefinition/resource-information",
            "valueString": "StructureMap"
          }
        ],
        "reference": {
          "reference": "StructureMap/svc-map-qr-uvci-bundle"
        }
      },
      {
        "extension": [
          {
            "url": "http://hl7.org/fhir/tools/StructureDefinition/resource-information",
            "valueString": "CapabilityStatement"
          }
        ],
        "reference": {
          "reference": "CapabilityStatement/WHO.DDCC.Generator"
        },
        "name": "WHO DDCC Generator",
        "description": "CapabilityStatement for WHO DDCC Generator actor."
      },
      {
        "extension": [
          {
            "url": "http://hl7.org/fhir/tools/StructureDefinition/resource-information",
            "valueString": "StructureDefinition:resource"
          }
        ],
        "reference": {
          "reference": "StructureDefinition/Immunization-pre-uv-ips"
        },
        "name": "Immunization (IPS)",
        "description": "This profile represents the constraints applied to the Immunization resource by the International Patient Summary (IPS) FHIR Implementation Guide. A record of an immunization is represented in the patient summary as an instance of an Immunization resource constrained by this profile.\r\n\r\nIt describes the event of a patient being administered a vaccination or a record of a vaccination as reported by a patient, a clinician or another party."
      },
      {
        "extension": [
          {
            "url": "http://hl7.org/fhir/tools/StructureDefinition/resource-information",
            "valueString": "CapabilityStatement"
          }
        ],
        "reference": {
          "reference": "CapabilityStatement/WHO.DDCC.RegistryService"
        },
        "name": "WHO DDCC Registry Service",
        "description": "CapabilityStatement for WHO DDCC Registry Service actor."
      },
      {
        "extension": [
          {
            "url": "http://hl7.org/fhir/tools/StructureDefinition/resource-information",
            "valueString": "StructureDefinition:resource"
          }
        ],
        "reference": {
          "reference": "StructureDefinition/Patient-pre-uv-ips"
        },
        "name": "Patient (IPS)",
        "description": "This profile represents the constraints applied to the Patient resource by the International Patient Summary (IPS) FHIR Implementation Guide and describes the minimum expectations for the Patient resource when used in the IPS composition or in one of the referred resources."
      },
      {
        "extension": [
          {
            "url": "http://hl7.org/fhir/tools/StructureDefinition/resource-information",
            "valueString": "QuestionnaireResponse"
          }
        ],
        "reference": {
          "reference": "QuestionnaireResponse/DDCC-VS-QuestionnaireResponse-Arabic"
        },
        "name": "Example QuestionnaireResponse - DDCC-VS-QuestionnaireResponse-Arabic",
        "exampleCanonical": "http://worldhealthorganization.github.io/ddcc/StructureDefinition/DDCCQuestionnaireResponse"
      },
      {
        "extension": [
          {
            "url": "http://hl7.org/fhir/tools/StructureDefinition/resource-information",
            "valueString": "StructureDefinition:resource"
          }
        ],
        "reference": {
          "reference": "StructureDefinition/DDCCPractitionerRole"
        },
        "name": "DDCC Practitioner Role",
        "description": "Association of an [DDCC Practitioner](StructureDefinition-DDCCPractitioner.html) to a \nmanaging [DDCC Organization](StructureDefinition-DDCCOrganization.html), indicating \nthat an DDCC Practitioner is authorized by the public health authority (PHA) to \nvaccinate an [DDCC Patient](StructureDefinition-DDCCPatient.html)."
      },
      {
        "extension": [
          {
            "url": "http://hl7.org/fhir/tools/StructureDefinition/resource-information",
            "valueString": "StructureDefinition:resource"
          }
        ],
        "reference": {
          "reference": "StructureDefinition/DDCCPractitioner"
        },
        "name": "DDCC Practitioner",
        "description": "Container for an DDCC Practitioner, which is a Practitioner authorized by the PHA to \nvaccinate an [DDCC Patient](StructureDefinition-DDCCPatient.html)."
      },
      {
        "extension": [
          {
            "url": "http://hl7.org/fhir/tools/StructureDefinition/resource-information",
            "valueString": "CodeSystem"
          }
        ],
        "reference": {
          "reference": "CodeSystem/DDCC-Example-Test-CodeSystem"
        },
        "name": "DDCC Codes for examples",
        "description": "Example codes for example resources."
      },
      {
        "extension": [
          {
            "url": "http://hl7.org/fhir/tools/StructureDefinition/resource-information",
            "valueString": "Questionnaire"
          }
        ],
        "reference": {
          "reference": "Questionnaire/DDCCVSCoreDataSetQuestionnaire"
        },
        "name": "DDCC Core Data Set Questionnaire",
        "description": "DDCC Questionnaire for an Immunization event.",
        "exampleCanonical": "http://worldhealthorganization.github.io/ddcc/StructureDefinition/DDCCQuestionnaire"
      },
      {
        "extension": [
          {
            "url": "http://hl7.org/fhir/tools/StructureDefinition/resource-information",
            "valueString": "StructureDefinition:resource"
          }
        ],
        "reference": {
          "reference": "StructureDefinition/DDCCFolder"
        },
        "name": "DDCC Folder",
        "description": "DDCC Folder of the Paper Certificate"
      },
      {
        "extension": [
          {
            "url": "http://hl7.org/fhir/tools/StructureDefinition/resource-information",
            "valueString": "Bundle"
          }
        ],
        "reference": {
          "reference": "Bundle/DDCC-TX-SHE-bundle-example-Russian"
        },
        "name": "Example Bundle - DDCC-TX-SHE-bundle-example-Russian",
        "exampleCanonical": "http://worldhealthorganization.github.io/ddcc/StructureDefinition/DDCCSubmitHealthEventRequest"
      },
      {
        "extension": [
          {
            "url": "http://hl7.org/fhir/tools/StructureDefinition/resource-information",
            "valueString": "QuestionnaireResponse"
          }
        ],
        "reference": {
          "reference": "QuestionnaireResponse/DDCC-VS-QuestionnaireResponse-French"
        },
        "name": "Example QuestionnaireResponse - DDCC-VS-QuestionnaireResponse-French",
        "exampleCanonical": "http://worldhealthorganization.github.io/ddcc/StructureDefinition/DDCCQuestionnaireResponse"
      },
      {
        "extension": [
          {
            "url": "http://hl7.org/fhir/tools/StructureDefinition/resource-information",
            "valueString": "StructureDefinition:extension"
          }
        ],
        "reference": {
          "reference": "StructureDefinition/DDCCVaccineValidFrom"
        },
        "name": "DDCC Vaccine Valid From",
        "description": "Date upon which provided vaccination is considered valid"
      },
      {
        "extension": [
          {
            "url": "http://hl7.org/fhir/tools/StructureDefinition/resource-information",
            "valueString": "CodeSystem"
          }
        ],
        "reference": {
          "reference": "CodeSystem/DDCC-QR-Format-CodeSystem"
        },
        "name": "DDCC QR Format Codes",
        "description": "Possible formats available for QR data."
      },
      {
        "extension": [
          {
            "url": "http://hl7.org/fhir/tools/StructureDefinition/resource-information",
            "valueString": "StructureDefinition:resource"
          }
        ],
        "reference": {
          "reference": "StructureDefinition/DDCCImmunization"
        },
        "name": "DDCC Immunization",
        "description": "A DDCC Immunization contains the content corresponding to a row in the Vaccination \nEvents section of a Paper DDCC. While this is not a further profile of the International\nPatient Summary (IPS) Immunization resouce, this is intended to map into an IPS \nImmunization resource."
      },
      {
        "extension": [
          {
            "url": "http://hl7.org/fhir/tools/StructureDefinition/resource-information",
            "valueString": "StructureDefinition:resource"
          }
        ],
        "reference": {
          "reference": "StructureDefinition/DDCCSubmissionSet"
        },
        "name": "DDCC Submission Set",
        "description": "DDCC Submission Set for ITI-65"
      },
      {
        "extension": [
          {
            "url": "http://hl7.org/fhir/tools/StructureDefinition/resource-information",
            "valueString": "StructureDefinition:extension"
          }
        ],
        "reference": {
          "reference": "StructureDefinition/DDCCCountryOfVaccination"
        },
        "name": "DDCC Country Of Vaccination for Immunization",
        "description": "DDCC Country Of Vaccination for Immunization"
      },
      {
        "extension": [
          {
            "url": "http://hl7.org/fhir/tools/StructureDefinition/resource-information",
            "valueString": "Bundle"
          }
        ],
        "reference": {
          "reference": "Bundle/DDCC-TX-SHE-bundle-example-Chinese"
        },
        "name": "Example Bundle - DDCC-TX-SHE-bundle-example-Chinese",
        "exampleCanonical": "http://worldhealthorganization.github.io/ddcc/StructureDefinition/DDCCSubmitHealthEventRequest"
      },
      {
        "extension": [
          {
            "url": "http://hl7.org/fhir/tools/StructureDefinition/resource-information",
            "valueString": "CodeSystem"
          }
        ],
        "reference": {
          "reference": "CodeSystem/DDCC-QR-Category-Usage-CodeSystem"
        },
        "name": "DDCC QR Category Usage Codes",
        "description": "Possible formats available for QR usage."
      },
      {
        "extension": [
          {
            "url": "http://hl7.org/fhir/tools/StructureDefinition/resource-information",
            "valueString": "Bundle"
          }
        ],
        "reference": {
          "reference": "Bundle/DDCC-TX-SHE-bundle-example-Arabic"
        },
        "name": "Example Bundle - DDCC-TX-SHE-bundle-example-Arabic",
        "exampleCanonical": "http://worldhealthorganization.github.io/ddcc/StructureDefinition/DDCCSubmitHealthEventRequest"
      },
      {
        "extension": [
          {
            "url": "http://hl7.org/fhir/tools/StructureDefinition/resource-information",
            "valueString": "StructureDefinition:resource:abstract"
          }
        ],
        "reference": {
          "reference": "StructureDefinition/DDCCQuestionnaire"
        },
        "name": "DDCC Questionniare",
        "description": "Describes the logical structure for a questionnaire associacted to a DDCC which includes a Structure Map to generate the relevant DDCC from a given [DDCC QuestionnaireResponse](StructureDefinition-DDCCQuestionnaireResponse.html) which responds to the DDCC Questionnaire."
      },
      {
        "extension": [
          {
            "url": "http://hl7.org/fhir/tools/StructureDefinition/resource-information",
            "valueString": "StructureDefinition:resource"
          }
        ],
        "reference": {
          "reference": "StructureDefinition/DDCCImmunizationRecommendation"
        },
        "name": "DDCC Immunization Recommendation",
        "description": "A DDCC Immunization Recommendation contains the content corresponding to when\na patient should return for a booster shot."
      },
      {
        "extension": [
          {
            "url": "http://hl7.org/fhir/tools/StructureDefinition/resource-information",
            "valueString": "Questionnaire"
          }
        ],
        "reference": {
          "reference": "Questionnaire/DDCCHCIDRegistrationQuestionnaire"
        },
        "name": "DDCC HCID Registration Questionnaire",
        "description": "DDCC HCID Registration Questionnaire",
        "exampleCanonical": "http://worldhealthorganization.github.io/ddcc/StructureDefinition/DDCCQuestionnaireSDC"
      },
      {
        "extension": [
          {
            "url": "http://hl7.org/fhir/tools/StructureDefinition/resource-information",
            "valueString": "StructureDefinition:extension"
          }
        ],
        "reference": {
          "reference": "StructureDefinition/DDCCVaccineBrand"
        },
        "name": "DDCC Vaccine Brand for Immunization",
        "description": "DDCC Vaccine Brand for Immunization"
      },
      {
        "extension": [
          {
            "url": "http://hl7.org/fhir/tools/StructureDefinition/resource-information",
            "valueString": "ConceptMap"
          }
        ],
        "reference": {
          "reference": "ConceptMap/who-ddcc-map-icd11-sct-disease-targeted"
        },
        "name": "ConceptMap from ICD-11 to SNOMED CT for Disease or Agent Targeted",
        "description": "Rule-based mappings between ICD-11 and SNOMED CT for COVID-19 Disease or Agent Targeted"
      },
      {
        "extension": [
          {
            "url": "http://hl7.org/fhir/tools/StructureDefinition/resource-information",
            "valueString": "QuestionnaireResponse"
          }
        ],
        "reference": {
          "reference": "QuestionnaireResponse/DDCC-VS-QuestionnaireResponse-Spanish"
        },
        "name": "Example QuestionnaireResponse - DDCC-VS-QuestionnaireResponse-Spanish",
        "exampleCanonical": "http://worldhealthorganization.github.io/ddcc/StructureDefinition/DDCCQuestionnaireResponse"
      },
      {
        "extension": [
          {
            "url": "http://hl7.org/fhir/tools/StructureDefinition/resource-information",
            "valueString": "ValueSet"
          }
        ],
        "reference": {
          "reference": "ValueSet/who-ddcc-disease-targeted-covid-19"
        },
        "name": "WHO Disease or Agent Targeted (COVID-19)",
        "description": "WHO Disease or Agent Targeted List (COVID-19) from [ICD 11](https://icd.who.int/browse11)"
      },
      {
        "extension": [
          {
            "url": "http://hl7.org/fhir/tools/StructureDefinition/resource-information",
            "valueString": "ConceptMap"
          }
        ],
        "reference": {
          "reference": "ConceptMap/who-ddcc-map-icd11-icd10-disease-targeted"
        },
        "name": "ConceptMap from ICD-10 to SNOMED CT for Disease or Agent Targeted",
        "description": "Rule-based mappings between ICD-11 and ICD-10 for COVID-19 Disease or Agent Targeted"
      },
      {
        "extension": [
          {
            "url": "http://hl7.org/fhir/tools/StructureDefinition/resource-information",
            "valueString": "CodeSystem"
          }
        ],
        "reference": {
          "reference": "CodeSystem/DDCC-Folder-DesignationType"
        },
        "name": "DDCC Designation Types for Folder",
        "description": "DDCC Designation Types to use for DDCC Folders."
      },
      {
        "extension": [
          {
            "url": "http://hl7.org/fhir/tools/StructureDefinition/resource-information",
            "valueString": "QuestionnaireResponse"
          }
        ],
        "reference": {
          "reference": "QuestionnaireResponse/DDCC-VS-QuestionnaireResponse-Chinese"
        },
        "name": "Example QuestionnaireResponse - DDCC-VS-QuestionnaireResponse-Chinese",
        "exampleCanonical": "http://worldhealthorganization.github.io/ddcc/StructureDefinition/DDCCQuestionnaireResponse"
      },
      {
        "extension": [
          {
            "url": "http://hl7.org/fhir/tools/StructureDefinition/resource-information",
            "valueString": "ValueSet"
          }
        ],
        "reference": {
          "reference": "ValueSet/DDCC-QR-Format-ValueSet"
        },
        "name": "DDCC QR Format Codes",
        "description": "Format of the representation of QR code"
      },
      {
        "extension": [
          {
            "url": "http://hl7.org/fhir/tools/StructureDefinition/resource-information",
            "valueString": "StructureDefinition:resource"
          }
        ],
        "reference": {
          "reference": "StructureDefinition/DDCCSubmitHealthEventResponse"
        },
        "name": "DDCC Submit Health Event Response",
        "description": "A DDCC Submit Health Event Response](StructureDefinition-DDCCSubmitHealthEventRespose.html) is a transaction reponse bundle containing the operation outcomes for the submission of one or more health certificates under the [Submit Health Event](transactions.html#submit-health-event) transaction."
      },
      {
        "extension": [
          {
            "url": "http://hl7.org/fhir/tools/StructureDefinition/resource-information",
            "valueString": "QuestionnaireResponse"
          }
        ],
        "reference": {
          "reference": "QuestionnaireResponse/DDCC-VS-QuestionnaireResponse-Russian"
        },
        "name": "Example QuestionnaireResponse - DDCC-VS-QuestionnaireResponse-Russian",
        "exampleCanonical": "http://worldhealthorganization.github.io/ddcc/StructureDefinition/DDCCQuestionnaireResponse"
      },
      {
        "extension": [
          {
            "url": "http://hl7.org/fhir/tools/StructureDefinition/resource-information",
            "valueString": "StructureDefinition:resource"
          }
        ],
        "reference": {
          "reference": "StructureDefinition/DDCCComposition"
        },
        "name": "DDCC Composition",
        "description": "Describes the logical structure for a Digital Documentation of COVID-19 Certificates \n(DDCC)."
      },
      {
        "extension": [
          {
            "url": "http://hl7.org/fhir/tools/StructureDefinition/resource-information",
            "valueString": "ValueSet"
          }
        ],
        "reference": {
          "reference": "ValueSet/DDCC-Folder-DesignationType"
        },
        "name": "DDCC DesignationTypes for Folder",
        "description": "DDCC Designation Types ValueSet for DDCC Folders."
      },
      {
        "extension": [
          {
            "url": "http://hl7.org/fhir/tools/StructureDefinition/resource-information",
            "valueString": "StructureDefinition:logical"
          }
        ],
        "reference": {
          "reference": "StructureDefinition/DDCCCoreDataSetCoC"
        },
        "name": "DDCC Core Data Set Logical Model - Continuity of Care",
        "description": "Data elements for the DDCC Core Data Set - Continuity of Care."
      },
      {
        "extension": [
          {
            "url": "http://hl7.org/fhir/tools/StructureDefinition/resource-information",
            "valueString": "StructureDefinition:resource"
          }
        ],
        "reference": {
          "reference": "StructureDefinition/DDCCPatient"
        },
        "name": "DDCC Patient",
        "description": "A DDCCPatient should:\n* if the [identifier.assigner](StructureDefinition-DDCCPatient-definitions.html#Patient.identifier] is set then the value of [identifier.assigner](StructureDefinition-DDCCPatient-definitions.html#Patient.identifier.assigner) should be set to reference the [DDCC Organization](StructureDefinition-DDCCOrganization.html) resource associated to the PHA.\n* obeys who-ddcc-patient-1"
      },
      {
        "extension": [
          {
            "url": "http://hl7.org/fhir/tools/StructureDefinition/resource-information",
            "valueString": "StructureDefinition:resource"
          }
        ],
        "reference": {
          "reference": "StructureDefinition/DDCCProvideDocumentBundle"
        },
        "name": "DDCC Provide Document Bundle",
        "description": "DDCC Provide Document Bundle for ITI-65"
      },
      {
        "extension": [
          {
            "url": "http://hl7.org/fhir/tools/StructureDefinition/resource-information",
            "valueString": "StructureDefinition:resource"
          }
        ],
        "reference": {
          "reference": "StructureDefinition/DDCCSubmitHealthEventRequest"
        },
        "name": "DDCC Submit Health Event Request",
        "description": "An [DDCC Submit Health Event Request](StructureDefinition-DDCCSubmitHealthEventRequest.html) is a transaction bundle containing the content of health events which are being submitted under the [Submit Health Event](transactions.html#submit-health-event) transaction."
      },
      {
        "extension": [
          {
            "url": "http://hl7.org/fhir/tools/StructureDefinition/resource-information",
            "valueString": "StructureDefinition:resource"
          }
        ],
        "reference": {
          "reference": "StructureDefinition/DDCCDocument"
        },
        "name": "DDCC Document",
        "description": "A [DDCC Document](StructureDefinition-DDCCDocument.html) is a document bundle containing the DDCC."
      },
      {
        "extension": [
          {
            "url": "http://hl7.org/fhir/tools/StructureDefinition/resource-information",
            "valueString": "StructureDefinition:resource"
          }
        ],
        "reference": {
          "reference": "StructureDefinition/DDCCAddBundle"
        },
        "name": "DDCC Add Bundle",
        "description": "Bundle to be transformed to from the DDCC QuestionnaireResponse\nto add on the DDCC generator."
      },
      {
        "extension": [
          {
            "url": "http://hl7.org/fhir/tools/StructureDefinition/resource-information",
            "valueString": "StructureDefinition:resource"
          }
        ],
        "reference": {
          "reference": "StructureDefinition/DDCCQuestionnaireSDC"
        },
        "name": "DDCC Questionnaire based on SDC",
        "description": "DDCC Questionniare based on SDC Populatable Questionnaire with additional extension"
      },
      {
        "extension": [
          {
            "url": "http://hl7.org/fhir/tools/StructureDefinition/resource-information",
            "valueString": "StructureDefinition:resource"
          }
        ],
        "reference": {
          "reference": "StructureDefinition/DDCCDocumentReference"
        },
        "name": "DDCC Document Reference",
        "description": "A [DDCC Document Reference](StructureDefinition-DDCCDocumentReference.html) is a \ndocument reference to a [DDCC Document](StructureDefinition-DDCCDocument.html) \ncontaining the DDCC.\nThe content attachment url will point to a DDCC Document."
      },
      {
        "extension": [
          {
            "url": "http://hl7.org/fhir/tools/StructureDefinition/resource-information",
            "valueString": "ConceptMap"
          }
        ],
        "reference": {
          "reference": "ConceptMap/who-ddcc-map-icd11-sct-vaccines"
        },
        "name": "ConceptMap from ICD-11 to SNOMED CT for Vaccines",
        "description": "Rule-based mappings between ICD-11 and SNOMED CT for COVID-19 Vaccines"
      },
      {
        "extension": [
          {
            "url": "http://hl7.org/fhir/tools/StructureDefinition/resource-information",
            "valueString": "StructureDefinition:resource"
          }
        ],
        "reference": {
          "reference": "StructureDefinition/DDCCOrganization"
        },
        "name": "DDCC Organization",
        "description": "Abstraction for a DDCC Organization. There should be a DDCC Organization associated \nto each public health authortiy (PHA)"
      },
      {
        "extension": [
          {
            "url": "http://hl7.org/fhir/tools/StructureDefinition/resource-information",
            "valueString": "Bundle"
          }
        ],
        "reference": {
          "reference": "Bundle/DDCC-TX-SHE-bundle-example-Spanish"
        },
        "name": "Example Bundle - DDCC-TX-SHE-bundle-example-Spanish",
        "exampleCanonical": "http://worldhealthorganization.github.io/ddcc/StructureDefinition/DDCCSubmitHealthEventRequest"
      },
      {
        "extension": [
          {
            "url": "http://hl7.org/fhir/tools/StructureDefinition/resource-information",
            "valueString": "StructureDefinition:extension"
          }
        ],
        "reference": {
          "reference": "StructureDefinition/DDCCVaccineMarketAuthorization"
        },
        "name": "DDCC Vaccine Market Authorization for Immunization",
        "description": "DDCC Vaccine Market Authorization for Immunization"
      },
      {
        "extension": [
          {
            "url": "http://hl7.org/fhir/tools/StructureDefinition/resource-information",
            "valueString": "OperationDefinition"
          }
        ],
        "reference": {
          "reference": "OperationDefinition/DDCC-QuestionnaireResponse-generateHealthCertificate"
        },
        "name": "OperationDefinition for generating a health certificate (DDCC) that is signed.",
        "description": "Generate one or more signed DDCC Documents based on a [DDCC QuestionnaireResponse](StructureDefinition-DDCCQuestionnaireResponse.html)"
      },
      {
        "extension": [
          {
            "url": "http://hl7.org/fhir/tools/StructureDefinition/resource-information",
            "valueString": "ValueSet"
          }
        ],
        "reference": {
          "reference": "ValueSet/DDCC-QR-Category-Usage-ValueSet"
        },
        "name": "DDCC QR Category Usage Codes",
        "description": "Categorization of QR codes by their business usage"
      },
      {
        "extension": [
          {
            "url": "http://hl7.org/fhir/tools/StructureDefinition/resource-information",
            "valueString": "StructureDefinition:resource"
          }
        ],
        "reference": {
          "reference": "StructureDefinition/DDCCGenerateHealthCertificateParameters"
        },
        "name": "DDCC Generate Health Certificate Parameters",
        "description": "Parameters for the [DDCC Generate Health Certificate Operation](OperationDefinition-DDCC-QuestionnaireResponse-generateHealthCertificate.html)."
      },
      {
        "extension": [
          {
            "url": "http://hl7.org/fhir/tools/StructureDefinition/resource-information",
            "valueString": "StructureDefinition:logical"
          }
        ],
        "reference": {
          "reference": "StructureDefinition/DDCCCoreDataSetPoV"
        },
        "name": "DDCC Core Data Set Logical Model - Proof of Vaccination",
        "description": "Data elements for the DDCC Core Data Set - Proof of Vaccination."
      },
      {
        "extension": [
          {
            "url": "http://hl7.org/fhir/tools/StructureDefinition/resource-information",
            "valueString": "ValueSet"
          }
        ],
        "reference": {
          "reference": "ValueSet/who-ddcc-vaccines-covid-19"
        },
        "name": "WHO Vaccine List (COVID-19)",
        "description": "WHO Vaccine List (COVID-19) from [ICD 11](https://icd.who.int/browse11)"
      },
      {
        "extension": [
          {
            "url": "http://hl7.org/fhir/tools/StructureDefinition/resource-information",
            "valueString": "StructureDefinition:resource:abstract"
          }
        ],
        "reference": {
          "reference": "StructureDefinition/DDCCQuestionnaireResponse"
        },
        "name": "DDCC Questionnaire Response",
        "description": "Describes the logical structure for a questionnaire response associacted to a [DDCC Questionaire](StructureDefinition-DDCCQuestionnaire.html)."
      },
      {
        "extension": [
          {
            "url": "http://hl7.org/fhir/tools/StructureDefinition/resource-information",
            "valueString": "StructureDefinition:resource"
          }
        ],
        "reference": {
          "reference": "StructureDefinition/DDCCDocumentReferenceQR"
        },
        "name": "DDCC DocumentReference return for QR",
        "description": "DDCC DocumentReference for QR codes including the QR image and the serialized content."
      },
      {
        "extension": [
          {
            "url": "http://hl7.org/fhir/tools/StructureDefinition/resource-information",
            "valueString": "Bundle"
          }
        ],
        "reference": {
          "reference": "Bundle/DDCC-TX-SHE-bundle-example-French"
        },
        "name": "Example Bundle - DDCC-TX-SHE-bundle-example-French",
        "exampleCanonical": "http://worldhealthorganization.github.io/ddcc/StructureDefinition/DDCCSubmitHealthEventRequest"
      }
    ],
    "page": {
      "nameUrl": "toc.html",
      "title": "Table of Contents",
      "generation": "html",
      "page": [
        {
          "nameUrl": "index.html",
          "title": "Narrative",
          "generation": "html",
          "page": [
            {
              "nameUrl": "references.html",
              "title": "References",
              "generation": "html"
            }
          ]
        },
        {
          "nameUrl": "requirements.html",
          "title": "Business Requirements",
          "generation": "html",
          "page": [
            {
              "nameUrl": "concepts.html",
              "title": "Concepts",
              "generation": "html"
            },
            {
              "nameUrl": "functional.html",
              "title": "Functional Requirements",
              "generation": "html"
            },
            {
              "nameUrl": "workflows.html",
              "title": "Workflows",
              "generation": "html"
            },
            {
              "nameUrl": "usecases.html",
              "title": "Use Cases",
              "generation": "html"
            },
            {
              "nameUrl": "dictionary.html",
              "title": "Data Dictionary",
              "generation": "html"
            }
          ]
        },
        {
          "nameUrl": "data_exchange.html",
          "title": "Data Models and Exchange",
          "generation": "html",
          "page": [
            {
              "nameUrl": "dependencies.html",
              "title": "Dependencies",
              "generation": "html"
            },
            {
              "nameUrl": "actors.html",
              "title": "Actors",
              "generation": "html"
            },
            {
              "nameUrl": "transactions.html",
              "title": "Transactions",
              "generation": "html"
            },
            {
              "nameUrl": "content_profiles.html",
              "title": "Content Profiles",
              "generation": "html"
            }
          ]
        },
        {
          "nameUrl": "deployment.html",
          "title": "Deployment Guidance",
          "generation": "html",
          "page": [
            {
              "nameUrl": "security_privacy.html",
              "title": "Security and Privacy Considerations",
              "generation": "html"
            },
            {
              "nameUrl": "testing.html",
              "title": "Testing",
              "generation": "html"
            },
            {
              "nameUrl": "downloads.html",
              "title": "Useful Downloads",
              "generation": "html"
            }
          ]
        }
      ]
    },
    "parameter": [
      {
        "code": "path-pages",
        "value": "input/pagecontent"
      },
      {
        "code": "path-resource",
        "value": "input/ips-preadopted"
      },
      {
        "code": "path-resource",
        "value": "input/resources/activitydefinition"
      },
      {
        "code": "path-resource",
        "value": "input/resources/capabilitystatement"
      },
      {
        "code": "path-resource",
        "value": "input/resources/library"
      },
      {
        "code": "path-resource",
        "value": "input/resources/measure"
      },
      {
        "code": "path-resource",
        "value": "input/resources/maps"
      },
      {
        "code": "path-resource",
        "value": "input/resources/examples"
      },
      {
        "code": "path-resource",
        "value": "input/resources/plandefinition"
      },
      {
        "code": "path-resource",
        "value": "input/resources/questionnaire"
      },
      {
        "code": "path-resource",
        "value": "input/vocabulary/codesystem"
      },
      {
        "code": "path-resource",
        "value": "input/vocabulary/valueset"
      },
      {
        "code": "path-resource",
        "value": "input/capabilities"
      },
      {
        "code": "path-resource",
        "value": "input/examples"
      },
      {
        "code": "path-resource",
        "value": "input/extensions"
      },
      {
        "code": "path-resource",
        "value": "input/models"
      },
      {
        "code": "path-resource",
        "value": "input/operations"
      },
      {
        "code": "path-resource",
        "value": "input/profiles"
      },
      {
        "code": "path-resource",
        "value": "input/resources"
      },
      {
        "code": "path-resource",
        "value": "input/vocabulary"
      },
      {
        "code": "path-resource",
        "value": "input/testing"
      },
      {
        "code": "path-resource",
        "value": "input/history"
      },
      {
        "code": "path-resource",
        "value": "fsh-generated/resources"
      },
      {
        "code": "path-pages",
        "value": "template/config"
      },
      {
        "code": "path-pages",
        "value": "input/images"
      },
      {
        "code": "path-tx-cache",
        "value": "input-cache/txcache"
      }
    ]
  }
}