{
  "resourceType": "Patient",
  "id": "DDCC-Patient-Spanish",
  "meta": {
    "profile": [
      "https://worldhealthorganization.github.io/ddcc/StructureDefinition/DDCCPatient"
    ]
  },
  "text": {
    "status": "generated",
    "div": "<div xmlns=\"http://www.w3.org/1999/xhtml\"><p><b>Generated Narrative</b></p><p><b>name</b>: Aulo Agerio(OFFICIAL)</p><p><b>birthDate</b>: 2003-03-03</p></div>"
  },
  "name": [
    {
      "use": "official",
      "text": "Aulo Agerio"
    }
  ],
  "birthDate": "2003-03-03"
}