<?xml version="1.0" encoding="UTF-8"?>

<CodeSystem xmlns="http://hl7.org/fhir">
  <id value="SHC-SectionCode-CodeSystem"/>
  <text>
    <status value="generated"/><div xmlns="http://www.w3.org/1999/xhtml"><p>This code system https://who-int.github.io/svc/refs/heads/rc2/CodeSystem/SHC-SectionCode-CodeSystem defines the following codes:</p><table class="codes"><tr><td style="white-space:nowrap"><b>Code</b></td><td><b>Display</b></td></tr><tr><td style="white-space:nowrap">qrdoc<a name="SHC-SectionCode-CodeSystem-qrdoc"> </a></td><td>QR Code Document</td></tr><tr><td style="white-space:nowrap">uri<a name="SHC-SectionCode-CodeSystem-uri"> </a></td><td>Smart Health Certificate URI</td></tr></table></div>
  </text>
  <url value="https://who-int.github.io/svc/refs/heads/rc2/CodeSystem/SHC-SectionCode-CodeSystem"/>
  <version value="0.2.0"/>
  <name value="SHC_SectionCode_CodeSystem"/>
  <title value="SHC QR SectionCode Usage Codes"/>
  <status value="active"/>
  <date value="2021-05-19T17:38:37+00:00"/>
  <publisher value="World Health Organization (WHO)"/>
  <contact>
    <telecom>
      <system value="url"/>
      <value value="https://www.who.int"/>
    </telecom>
  </contact>
  <description value="Section Codes for Smart Health Certificates"/>
  <content value="complete"/>
  <count value="2"/>
  <concept>
    <code value="qrdoc"/>
    <display value="QR Code Document"/>
  </concept>
  <concept>
    <code value="uri"/>
    <display value="Smart Health Certificate URI"/>
  </concept>
</CodeSystem>