<?xml version="1.0" encoding="UTF-8"?>

<Immunization xmlns="http://hl7.org/fhir">
  <id value="SVC-Immunizaton-French"/>
  <meta>
    <profile value="https://who-int.github.io/svc/refs/heads/rc2/StructureDefinition/svc-immunization"/>
  </meta>
  <text>
    <status value="generated"/><div xmlns="http://www.w3.org/1999/xhtml"><p><b>Generated Narrative</b></p><p><b>identifier</b>: id: 123</p><p><b>status</b>: completed</p><p><b>vaccineCode</b>: <span title="Codes: {urn:EXAMPLE-who-:smart:vaccine-certificate:RC1:coding XM0CX4}">XM0CX4</span></p><p><b>patient</b>: <a href="Patient-SHC-Patient-Example-French.html">Generated Summary: Félix le chat; birthDate: 2000-01-02</a></p><p><b>occurrence</b>: 2021-02-02</p><p><b>lotNumber</b>: 123</p><p><b>expirationDate</b>: 2021-06-30</p><h3>Performers</h3><table class="grid"><tr><td>-</td><td><b>Actor</b></td></tr><tr><td>*</td><td><a href="Organization-SHC-Organization-French.html">Generated Summary: name: Hôpital du gouvernement</a></td></tr></table><h3>ProtocolApplieds</h3><table class="grid"><tr><td>-</td><td><b>Authority</b></td><td><b>TargetDisease</b></td></tr><tr><td>*</td><td><a href="Organization-SHC-Organization-French.html">Generated Summary: name: Hôpital du gouvernement</a></td><td><span title="Codes: ">RA01.0</span></td></tr></table></div>
  </text>
  <identifier>
    <system value="test.com"/>
    <value value="123"/>
  </identifier>
  <status value="completed"/>
  <vaccineCode>
    <coding>
      <system value="urn:EXAMPLE-who-:smart:vaccine-certificate:RC1:coding"/>
      <code value="XM0CX4"/>
    </coding>
  </vaccineCode>
  <patient>
    <reference value="Patient/SHC-Patient-Example-French"/>
  </patient>
  <occurrenceDateTime value="2021-02-02"/>
  <lotNumber value="123"/>
  <expirationDate value="2021-06-30"/>
  <performer>
    <actor>
      <reference value="Organization/SHC-Organization-French"/>
    </actor>
  </performer>
  <protocolApplied>
    <authority>
      <reference value="Organization/SHC-Organization-French"/>
    </authority>
    <targetDisease>
      <coding>
        <code value="RA01.0"/>
      </coding>
    </targetDisease>
  </protocolApplied>
</Immunization>