<?xml version="1.0" encoding="UTF-8"?>

<Parameters xmlns="http://hl7.org/fhir">
  <id value="SVC-TX-SHE-Parameters-1"/>
  <parameter>
    <name value="response"/>
    <resource>
      <QuestionnaireResponse>
        <id value="SVC-TX-SHE-QuestionnaireResponse-1"/>
        <meta>
          <profile value="https://who-int.github.io/svc/refs/heads/rc2/StructureDefinition/svc-questionnaireresponse"/>
        </meta>
        <questionnaire value="http://who-int.github.io/svc/refs/heads/rc2/SVC-Questionnaire"/>
        <status value="completed"/>
        <subject>
          <reference value="SVC_Patient_Example"/>
        </subject>
        <authored value="2021-04-01"/>
        <item>
          <linkId value="version"/>
          <answer>
            <valueString value="RC-2-draft"/>
          </answer>
        </item>
        <item>
          <linkId value="name"/>
          <answer>
            <valueString value="Felix Cat"/>
          </answer>
        </item>
        <item>
          <linkId value="birthDate"/>
          <answer>
            <valueDate value="2003-03-03"/>
          </answer>
        </item>
        <item>
          <linkId value="vaccinecode"/>
          <answer>
            <valueCoding>
              <system value="http://id.who.int/icd11/mms"/>
              <code value="XM1NL1"/>
            </valueCoding>
          </answer>
        </item>
        <item>
          <linkId value="lot"/>
          <answer>
            <valueString value="ER8732"/>
          </answer>
        </item>
        <item>
          <linkId value="expiry"/>
          <answer>
            <valueDate value="2021-06-30"/>
          </answer>
        </item>
        <item>
          <linkId value="shfid"/>
          <answer>
            <valueString value="bMlJkAt0V92RYhhG3fNt"/>
          </answer>
        </item>
        <item>
          <linkId value="pha"/>
          <answer>
            <valueString value="dPD2PfwzBQyphcjeUiAdRP"/>
          </answer>
        </item>
        <item>
          <linkId value="hw"/>
          <answer>
            <valueString value="dPD2PfwzBQyphcjeUiAdRP"/>
          </answer>
        </item>
      </QuestionnaireResponse>
    </resource>
  </parameter>
</Parameters>