<?xml version="1.0" encoding="UTF-8"?>

<ValueSet xmlns="http://hl7.org/fhir">
  <id value="SHC-QR-Category-Usage-ValueSet"/>
  <text>
    <status value="generated"/><div xmlns="http://www.w3.org/1999/xhtml"><ul><li>Include all codes defined in <a href="CodeSystem-SHC-QR-Category-Usage-CodeSystem.html"><code>https://who-int.github.io/svc/refs/heads/rc2/CodeSystem/SHC-QR-Category-Usage-CodeSystem</code></a></li></ul></div>
  </text>
  <url value="https://who-int.github.io/svc/refs/heads/rc2/ValueSet/SHC-QR-Category-Usage-ValueSet"/>
  <version value="0.2.0"/>
  <name value="SHC_QR_Category_Usage_ValueSet"/>
  <status value="active"/>
  <date value="2021-05-13T02:07:21+00:00"/>
  <publisher value="World Health Organization (WHO)"/>
  <contact>
    <telecom>
      <system value="url"/>
      <value value="https://www.who.int"/>
    </telecom>
  </contact>
  <description value="Categorization of QR codes by their business usage"/>
  <compose>
    <include>
      <system value="https://who-int.github.io/svc/refs/heads/rc2/CodeSystem/SHC-QR-Category-Usage-CodeSystem"/>
    </include>
  </compose>
</ValueSet>