{
  "resourceType" : "Bundle",
  "id" : "d8508885-4055-41ca-8a2a-964644ffc00f",
  "meta" : {
    "lastUpdated" : "2021-08-04T21:38:38.367+00:00"
  },
  "type" : "collection",
  "entry" : [{
    "fullUrl" : "http://worldhealthorganization.github.io/ddcc/ValueSet/DDCC-QR-Category-Usage-ValueSet",
    "resource" : {
      "resourceType" : "ValueSet",
      "id" : "DDCC-QR-Category-Usage-ValueSet",
      "text" : {
        "status" : "generated",
        "div" : "<div xmlns=\"http://www.w3.org/1999/xhtml\"><p>This value set contains 4 concepts</p><p style=\"border: black 1px dotted; background-color: #EEEEEE; padding: 8px; margin-bottom: 8px\">Expansion based on <a href=\"CodeSystem-DDCC-QR-Category-Usage-CodeSystem.html\">DDCC QR Category Usage Codes v0.2.1 (CodeSystem)</a></p><p>All codes from system <a href=\"CodeSystem-DDCC-QR-Category-Usage-CodeSystem.html\"><code>http://worldhealthorganization.github.io/ddcc/CodeSystem/DDCC-QR-Category-Usage-CodeSystem</code></a></p><table class=\"codes\"><tr><td style=\"white-space:nowrap\"><b>Code</b></td><td><b>Display</b></td><td><b>Definition</b></td></tr><tr><td style=\"white-space:nowrap\"><a name=\"http---worldhealthorganization.github.io-ddcc-CodeSystem-DDCC-QR-Category-Usage-CodeSystem-who\"> </a><a href=\"CodeSystem-DDCC-QR-Category-Usage-CodeSystem.html#DDCC-QR-Category-Usage-CodeSystem-who\">who</a></td><td>WHO SVC</td><td/></tr><tr><td style=\"white-space:nowrap\"><a name=\"http---worldhealthorganization.github.io-ddcc-CodeSystem-DDCC-QR-Category-Usage-CodeSystem-dgc\"> </a><a href=\"CodeSystem-DDCC-QR-Category-Usage-CodeSystem.html#DDCC-QR-Category-Usage-CodeSystem-dgc\">dgc</a></td><td>EU DGC</td><td/></tr><tr><td style=\"white-space:nowrap\"><a name=\"http---worldhealthorganization.github.io-ddcc-CodeSystem-DDCC-QR-Category-Usage-CodeSystem-icao\"> </a><a href=\"CodeSystem-DDCC-QR-Category-Usage-CodeSystem.html#DDCC-QR-Category-Usage-CodeSystem-icao\">icao</a></td><td>ICAO</td><td/></tr><tr><td style=\"white-space:nowrap\"><a name=\"http---worldhealthorganization.github.io-ddcc-CodeSystem-DDCC-QR-Category-Usage-CodeSystem-au\"> </a><a href=\"CodeSystem-DDCC-QR-Category-Usage-CodeSystem.html#DDCC-QR-Category-Usage-CodeSystem-au\">au</a></td><td>AU</td><td/></tr></table></div>"
      },
      "url" : "http://worldhealthorganization.github.io/ddcc/ValueSet/DDCC-QR-Category-Usage-ValueSet",
      "version" : "0.2.1",
      "name" : "DDCC_QR_Category_Usage_ValueSet",
      "title" : "DDCC QR Category Usage Codes",
      "status" : "active",
      "date" : "2021-08-04T21:38:38+00:00",
      "publisher" : "World Health Organization (WHO)",
      "contact" : [{
        "telecom" : [{
          "system" : "url",
          "value" : "https://www.who.int"
        }]
      }],
      "description" : "Categorization of QR codes by their business usage",
      "expansion" : {
        "identifier" : "urn:uuid:fa240468-284c-47f3-ada6-b576d2808754",
        "timestamp" : "2021-08-04T21:39:05+00:00",
        "total" : 4,
        "parameter" : [{
          "name" : "excludeNested",
          "valueBoolean" : false
        },
        {
          "name" : "version",
          "valueUri" : "http://worldhealthorganization.github.io/ddcc/CodeSystem/DDCC-QR-Category-Usage-CodeSystem|0.2.1"
        }],
        "contains" : [{
          "system" : "http://worldhealthorganization.github.io/ddcc/CodeSystem/DDCC-QR-Category-Usage-CodeSystem",
          "code" : "who",
          "display" : "WHO SVC"
        },
        {
          "system" : "http://worldhealthorganization.github.io/ddcc/CodeSystem/DDCC-QR-Category-Usage-CodeSystem",
          "code" : "dgc",
          "display" : "EU DGC"
        },
        {
          "system" : "http://worldhealthorganization.github.io/ddcc/CodeSystem/DDCC-QR-Category-Usage-CodeSystem",
          "code" : "icao",
          "display" : "ICAO"
        },
        {
          "system" : "http://worldhealthorganization.github.io/ddcc/CodeSystem/DDCC-QR-Category-Usage-CodeSystem",
          "code" : "au",
          "display" : "AU"
        }]
      }
    }
  },
  {
    "fullUrl" : "http://worldhealthorganization.github.io/ddcc/ValueSet/DDCC-QR-Format-ValueSet",
    "resource" : {
      "resourceType" : "ValueSet",
      "id" : "DDCC-QR-Format-ValueSet",
      "text" : {
        "status" : "generated",
        "div" : "<div xmlns=\"http://www.w3.org/1999/xhtml\"><p>This value set contains 2 concepts</p><p style=\"border: black 1px dotted; background-color: #EEEEEE; padding: 8px; margin-bottom: 8px\">Expansion based on <a href=\"CodeSystem-DDCC-QR-Format-CodeSystem.html\">DDCC QR Format Codes v0.2.1 (CodeSystem)</a></p><p>All codes from system <a href=\"CodeSystem-DDCC-QR-Format-CodeSystem.html\"><code>http://worldhealthorganization.github.io/ddcc/CodeSystem/DDCC-QR-Format-CodeSystem</code></a></p><table class=\"codes\"><tr><td style=\"white-space:nowrap\"><b>Code</b></td><td><b>Display</b></td><td><b>Definition</b></td></tr><tr><td style=\"white-space:nowrap\"><a name=\"http---worldhealthorganization.github.io-ddcc-CodeSystem-DDCC-QR-Format-CodeSystem-image\"> </a><a href=\"CodeSystem-DDCC-QR-Format-CodeSystem.html#DDCC-QR-Format-CodeSystem-image\">image</a></td><td>Image</td><td/></tr><tr><td style=\"white-space:nowrap\"><a name=\"http---worldhealthorganization.github.io-ddcc-CodeSystem-DDCC-QR-Format-CodeSystem-serialized\"> </a><a href=\"CodeSystem-DDCC-QR-Format-CodeSystem.html#DDCC-QR-Format-CodeSystem-serialized\">serialized</a></td><td>Serialized QR Content</td><td/></tr></table></div>"
      },
      "url" : "http://worldhealthorganization.github.io/ddcc/ValueSet/DDCC-QR-Format-ValueSet",
      "version" : "0.2.1",
      "name" : "DDCC_QR_Format_ValueSet",
      "title" : "DDCC QR Format Codes",
      "status" : "active",
      "date" : "2021-08-04T21:38:38+00:00",
      "publisher" : "World Health Organization (WHO)",
      "contact" : [{
        "telecom" : [{
          "system" : "url",
          "value" : "https://www.who.int"
        }]
      }],
      "description" : "Format of the representation of QR code",
      "expansion" : {
        "identifier" : "urn:uuid:35e82f54-8fef-443d-ad33-3b65dba3b695",
        "timestamp" : "2021-08-04T21:39:05+00:00",
        "total" : 2,
        "parameter" : [{
          "name" : "excludeNested",
          "valueBoolean" : false
        },
        {
          "name" : "version",
          "valueUri" : "http://worldhealthorganization.github.io/ddcc/CodeSystem/DDCC-QR-Format-CodeSystem|0.2.1"
        }],
        "contains" : [{
          "system" : "http://worldhealthorganization.github.io/ddcc/CodeSystem/DDCC-QR-Format-CodeSystem",
          "code" : "image",
          "display" : "Image"
        },
        {
          "system" : "http://worldhealthorganization.github.io/ddcc/CodeSystem/DDCC-QR-Format-CodeSystem",
          "code" : "serialized",
          "display" : "Serialized QR Content"
        }]
      }
    }
  }]
}