{
  "resourceType" : "Bundle",
  "id" : "1f690c37-d1af-4c9a-902e-8ad367c04a10",
  "meta" : {
    "lastUpdated" : "2021-03-18T21:37:02.309+00:00"
  },
  "type" : "collection",
  "entry" : [{
    "fullUrl" : "http://fhir.org/guides/who/svc-rc1/ValueSet/who-svc-vaccinable-confitions",
    "resource" : {
      "resourceType" : "ValueSet",
      "id" : "who-svc-vaccinable-confitions",
      "text" : {
        "status" : "generated",
        "div" : "<div xmlns=\"http://www.w3.org/1999/xhtml\"><p>This value set contains 0 concepts</p><table class=\"codes\"><tr><td style=\"white-space:nowrap\"><b>Code</b></td><td><b>System</b></td><td><b>Display</b></td></tr></table></div>"
      },
      "url" : "http://fhir.org/guides/who/svc-rc1/ValueSet/who-svc-vaccinable-confitions",
      "version" : "0.2.0",
      "name" : "WHO_SVC_Vaccinable_Conditions",
      "title" : "WHO List of Vaccinable Conditions",
      "status" : "draft",
      "date" : "2021-03-18T21:37:02+00:00",
      "publisher" : "World Health Organization (WHO)",
      "contact" : [{
        "telecom" : [{
          "system" : "url",
          "value" : "https://www.who.int"
        }]
      }],
      "description" : "The WHO Vaccinable Conditions List from [ICD 11](https://icd.who.int/browse11) is used by:\n *  the [SVC Immunization](StructureDefinition-svc-immunization.html) \n",
      "expansion" : {
        "identifier" : "urn:uuid:79812772-9939-4cc1-b926-c8eeee41e7b0",
        "timestamp" : "2021-03-18T21:37:13+00:00",
        "parameter" : [{
          "name" : "excludeNested",
          "valueBoolean" : false
        }]
      }
    }
  }]
}