{
  "resourceType" : "Bundle",
  "id" : "8df5984b-e9e9-4ef7-8b5b-0f363b681849",
  "meta" : {
    "lastUpdated" : "2021-07-28T07:42:39.663+00:00"
  },
  "type" : "collection",
  "entry" : [{
    "fullUrl" : "https://worldhealthorganization.github.io/ddcc/ValueSet/DDCC-QR-Format-ValueSet",
    "resource" : {
      "resourceType" : "ValueSet",
      "id" : "DDCC-QR-Format-ValueSet",
      "text" : {
        "status" : "generated",
        "div" : "<div xmlns=\"http://www.w3.org/1999/xhtml\"><p>This value set contains 2 concepts</p><p style=\"border: black 1px dotted; background-color: #EEEEEE; padding: 8px; margin-bottom: 8px\">Expansion based on <a href=\"CodeSystem-DDCC-QR-Format-CodeSystem.html\">DDCC QR Format Codes v0.2.1 (CodeSystem)</a></p><p>All codes from system <a href=\"CodeSystem-DDCC-QR-Format-CodeSystem.html\"><code>https://worldhealthorganization.github.io/ddcc/CodeSystem/DDCC-QR-Format-CodeSystem</code></a></p><table class=\"codes\"><tr><td style=\"white-space:nowrap\"><b>Code</b></td><td><b>Display</b></td><td><b>Definition</b></td></tr><tr><td style=\"white-space:nowrap\"><a name=\"https---worldhealthorganization.github.io-ddcc-CodeSystem-DDCC-QR-Format-CodeSystem-image\"> </a><a href=\"CodeSystem-DDCC-QR-Format-CodeSystem.html#DDCC-QR-Format-CodeSystem-image\">image</a></td><td>Image</td><td/></tr><tr><td style=\"white-space:nowrap\"><a name=\"https---worldhealthorganization.github.io-ddcc-CodeSystem-DDCC-QR-Format-CodeSystem-serialized\"> </a><a href=\"CodeSystem-DDCC-QR-Format-CodeSystem.html#DDCC-QR-Format-CodeSystem-serialized\">serialized</a></td><td>Serialized QR Content</td><td/></tr></table></div>"
      },
      "url" : "https://worldhealthorganization.github.io/ddcc/ValueSet/DDCC-QR-Format-ValueSet",
      "version" : "0.2.1",
      "name" : "DDCC_QR_Format_ValueSet",
      "status" : "active",
      "date" : "2021-07-28T07:42:39+00:00",
      "publisher" : "World Health Organization (WHO)",
      "contact" : [{
        "telecom" : [{
          "system" : "url",
          "value" : "https://www.who.int"
        }]
      }],
      "description" : "Format of the representation of QR code",
      "expansion" : {
        "identifier" : "urn:uuid:c54b269d-0ca9-425c-b46d-0e7a3e36bd58",
        "timestamp" : "2021-07-28T07:43:08+00:00",
        "total" : 2,
        "parameter" : [{
          "name" : "excludeNested",
          "valueBoolean" : false
        },
        {
          "name" : "version",
          "valueUri" : "https://worldhealthorganization.github.io/ddcc/CodeSystem/DDCC-QR-Format-CodeSystem|0.2.1"
        }],
        "contains" : [{
          "system" : "https://worldhealthorganization.github.io/ddcc/CodeSystem/DDCC-QR-Format-CodeSystem",
          "code" : "image",
          "display" : "Image"
        },
        {
          "system" : "https://worldhealthorganization.github.io/ddcc/CodeSystem/DDCC-QR-Format-CodeSystem",
          "code" : "serialized",
          "display" : "Serialized QR Content"
        }]
      }
    }
  },
  {
    "fullUrl" : "https://worldhealthorganization.github.io/ddcc/ValueSet/DDCC-QR-Category-Usage-ValueSet",
    "resource" : {
      "resourceType" : "ValueSet",
      "id" : "DDCC-QR-Category-Usage-ValueSet",
      "text" : {
        "status" : "generated",
        "div" : "<div xmlns=\"http://www.w3.org/1999/xhtml\"><p>This value set contains 4 concepts</p><p style=\"border: black 1px dotted; background-color: #EEEEEE; padding: 8px; margin-bottom: 8px\">Expansion based on <a href=\"CodeSystem-DDCC-QR-Category-Usage-CodeSystem.html\">DDCC QR Category Usage Codes v0.2.1 (CodeSystem)</a></p><p>All codes from system <a href=\"CodeSystem-DDCC-QR-Category-Usage-CodeSystem.html\"><code>https://worldhealthorganization.github.io/ddcc/CodeSystem/DDCC-QR-Category-Usage-CodeSystem</code></a></p><table class=\"codes\"><tr><td style=\"white-space:nowrap\"><b>Code</b></td><td><b>Display</b></td><td><b>Definition</b></td></tr><tr><td style=\"white-space:nowrap\"><a name=\"https---worldhealthorganization.github.io-ddcc-CodeSystem-DDCC-QR-Category-Usage-CodeSystem-who\"> </a><a href=\"CodeSystem-DDCC-QR-Category-Usage-CodeSystem.html#DDCC-QR-Category-Usage-CodeSystem-who\">who</a></td><td>WHO SVC</td><td/></tr><tr><td style=\"white-space:nowrap\"><a name=\"https---worldhealthorganization.github.io-ddcc-CodeSystem-DDCC-QR-Category-Usage-CodeSystem-dgc\"> </a><a href=\"CodeSystem-DDCC-QR-Category-Usage-CodeSystem.html#DDCC-QR-Category-Usage-CodeSystem-dgc\">dgc</a></td><td>EU DGC</td><td/></tr><tr><td style=\"white-space:nowrap\"><a name=\"https---worldhealthorganization.github.io-ddcc-CodeSystem-DDCC-QR-Category-Usage-CodeSystem-icao\"> </a><a href=\"CodeSystem-DDCC-QR-Category-Usage-CodeSystem.html#DDCC-QR-Category-Usage-CodeSystem-icao\">icao</a></td><td>ICAO</td><td/></tr><tr><td style=\"white-space:nowrap\"><a name=\"https---worldhealthorganization.github.io-ddcc-CodeSystem-DDCC-QR-Category-Usage-CodeSystem-au\"> </a><a href=\"CodeSystem-DDCC-QR-Category-Usage-CodeSystem.html#DDCC-QR-Category-Usage-CodeSystem-au\">au</a></td><td>AU</td><td/></tr></table></div>"
      },
      "url" : "https://worldhealthorganization.github.io/ddcc/ValueSet/DDCC-QR-Category-Usage-ValueSet",
      "version" : "0.2.1",
      "name" : "DDCC_QR_Category_Usage_ValueSet",
      "status" : "active",
      "date" : "2021-07-28T07:42:39+00:00",
      "publisher" : "World Health Organization (WHO)",
      "contact" : [{
        "telecom" : [{
          "system" : "url",
          "value" : "https://www.who.int"
        }]
      }],
      "description" : "Categorization of QR codes by their business usage",
      "expansion" : {
        "identifier" : "urn:uuid:832848ce-2508-4396-a6cc-150b6d80a7ae",
        "timestamp" : "2021-07-28T07:43:10+00:00",
        "total" : 4,
        "parameter" : [{
          "name" : "excludeNested",
          "valueBoolean" : false
        },
        {
          "name" : "version",
          "valueUri" : "https://worldhealthorganization.github.io/ddcc/CodeSystem/DDCC-QR-Category-Usage-CodeSystem|0.2.1"
        }],
        "contains" : [{
          "system" : "https://worldhealthorganization.github.io/ddcc/CodeSystem/DDCC-QR-Category-Usage-CodeSystem",
          "code" : "who",
          "display" : "WHO SVC"
        },
        {
          "system" : "https://worldhealthorganization.github.io/ddcc/CodeSystem/DDCC-QR-Category-Usage-CodeSystem",
          "code" : "dgc",
          "display" : "EU DGC"
        },
        {
          "system" : "https://worldhealthorganization.github.io/ddcc/CodeSystem/DDCC-QR-Category-Usage-CodeSystem",
          "code" : "icao",
          "display" : "ICAO"
        },
        {
          "system" : "https://worldhealthorganization.github.io/ddcc/CodeSystem/DDCC-QR-Category-Usage-CodeSystem",
          "code" : "au",
          "display" : "AU"
        }]
      }
    }
  }]
}